submission,instance_id,api_calls,cost,resolved,exit_status,has_traj
20260213_mini-v2.0.0a0_claude-4-5-haiku,apache__druid-13704,49,0.24326905,True,,False
20260213_mini-v2.0.0a0_claude-4-5-haiku,apache__druid-14092,29,0.16476595000000002,False,,False
20260213_mini-v2.0.0a0_claude-4-5-haiku,apache__druid-14136,67,0.4707412500000001,False,,False
20260213_mini-v2.0.0a0_claude-4-5-haiku,apache__druid-15402,50,0.20739280000000004,True,,False
20260213_mini-v2.0.0a0_claude-4-5-haiku,apache__druid-16875,59,0.32518470000000005,True,,False
20260213_mini-v2.0.0a0_claude-4-5-haiku,apache__lucene-11760,58,0.27518065,True,,False
20260213_mini-v2.0.0a0_claude-4-5-haiku,apache__lucene-12022,85,0.4108017,False,,False
20260213_mini-v2.0.0a0_claude-4-5-haiku,apache__lucene-12196,55,0.26092829999999995,True,,False
20260213_mini-v2.0.0a0_claude-4-5-haiku,apache__lucene-12212,45,0.20100785000000002,True,,False
20260213_mini-v2.0.0a0_claude-4-5-haiku,apache__lucene-12626,29,0.06656980000000003,True,,False
20260213_mini-v2.0.0a0_claude-4-5-haiku,apache__lucene-13170,24,0.07723535000000001,False,,False
20260213_mini-v2.0.0a0_claude-4-5-haiku,apache__lucene-13301,33,0.26290070000000004,True,,False
20260213_mini-v2.0.0a0_claude-4-5-haiku,apache__lucene-13494,85,0.44750699999999993,True,,False
20260213_mini-v2.0.0a0_claude-4-5-haiku,apache__lucene-13704,108,0.7833081499999998,False,,False
20260213_mini-v2.0.0a0_claude-4-5-haiku,astral-sh__ruff-15309,70,0.39585960000000003,False,,False
20260213_mini-v2.0.0a0_claude-4-5-haiku,astral-sh__ruff-15330,55,0.35594090000000006,True,,False
20260213_mini-v2.0.0a0_claude-4-5-haiku,astral-sh__ruff-15356,53,0.39907314999999993,True,,False
20260213_mini-v2.0.0a0_claude-4-5-haiku,astral-sh__ruff-15394,33,0.2265836,False,,False
20260213_mini-v2.0.0a0_claude-4-5-haiku,astral-sh__ruff-15443,41,0.11282030000000001,True,,False
20260213_mini-v2.0.0a0_claude-4-5-haiku,astral-sh__ruff-15543,53,0.2331962500000001,False,,False
20260213_mini-v2.0.0a0_claude-4-5-haiku,astral-sh__ruff-15626,56,0.22759659999999998,True,,False
20260213_mini-v2.0.0a0_claude-4-5-haiku,axios__axios-4731,47,0.22144049999999998,True,,False
20260213_mini-v2.0.0a0_claude-4-5-haiku,axios__axios-4738,43,0.1642931,True,,False
20260213_mini-v2.0.0a0_claude-4-5-haiku,axios__axios-5085,73,0.3966616000000001,True,,False
20260213_mini-v2.0.0a0_claude-4-5-haiku,axios__axios-5316,76,0.29896124999999996,False,,False
20260213_mini-v2.0.0a0_claude-4-5-haiku,axios__axios-5892,48,0.16708424999999996,True,,False
20260213_mini-v2.0.0a0_claude-4-5-haiku,axios__axios-6539,57,0.22447974999999998,False,,False
20260213_mini-v2.0.0a0_claude-4-5-haiku,babel__babel-13928,56,0.27090955,True,,False
20260213_mini-v2.0.0a0_claude-4-5-haiku,babel__babel-14532,169,1.44227315,True,,False
20260213_mini-v2.0.0a0_claude-4-5-haiku,babel__babel-15445,35,0.1539487,False,,False
20260213_mini-v2.0.0a0_claude-4-5-haiku,babel__babel-15649,57,0.27683979999999997,False,,False
20260213_mini-v2.0.0a0_claude-4-5-haiku,babel__babel-16130,118,0.8948066000000002,False,,False
20260213_mini-v2.0.0a0_claude-4-5-haiku,briannesbitt__carbon-2665,65,0.5177972499999999,True,,False
20260213_mini-v2.0.0a0_claude-4-5-haiku,briannesbitt__carbon-2752,45,0.20699614999999996,True,,False
20260213_mini-v2.0.0a0_claude-4-5-haiku,briannesbitt__carbon-2762,87,0.4622637499999998,True,,False
20260213_mini-v2.0.0a0_claude-4-5-haiku,briannesbitt__carbon-2813,71,0.5697398000000005,False,,False
20260213_mini-v2.0.0a0_claude-4-5-haiku,briannesbitt__carbon-2981,78,0.3886328499999999,True,,False
20260213_mini-v2.0.0a0_claude-4-5-haiku,briannesbitt__carbon-3005,84,0.36176520000000006,False,,False
20260213_mini-v2.0.0a0_claude-4-5-haiku,briannesbitt__carbon-3041,160,0.9699132500000004,True,,False
20260213_mini-v2.0.0a0_claude-4-5-haiku,briannesbitt__carbon-3073,78,0.38436315000000015,True,,False
20260213_mini-v2.0.0a0_claude-4-5-haiku,briannesbitt__carbon-3098,72,0.43173585000000014,True,,False
20260213_mini-v2.0.0a0_claude-4-5-haiku,briannesbitt__carbon-3103,39,0.1284317,True,,False
20260213_mini-v2.0.0a0_claude-4-5-haiku,burntsushi__ripgrep-2209,113,0.6328698499999998,True,,False
20260213_mini-v2.0.0a0_claude-4-5-haiku,burntsushi__ripgrep-2576,74,0.3115505499999999,True,,False
20260213_mini-v2.0.0a0_claude-4-5-haiku,caddyserver__caddy-4774,67,0.3273276499999999,False,,False
20260213_mini-v2.0.0a0_claude-4-5-haiku,caddyserver__caddy-4943,87,0.5603481500000002,False,,False
20260213_mini-v2.0.0a0_claude-4-5-haiku,caddyserver__caddy-5404,45,0.2935473999999999,False,,False
20260213_mini-v2.0.0a0_claude-4-5-haiku,caddyserver__caddy-5626,98,0.61943665,True,,False
20260213_mini-v2.0.0a0_claude-4-5-haiku,caddyserver__caddy-5761,63,0.3616068500000001,False,,False
20260213_mini-v2.0.0a0_claude-4-5-haiku,caddyserver__caddy-5870,77,0.3928013,True,,False
20260213_mini-v2.0.0a0_claude-4-5-haiku,caddyserver__caddy-5995,89,0.5723707000000002,True,,False
20260213_mini-v2.0.0a0_claude-4-5-haiku,caddyserver__caddy-6051,58,0.31445659999999986,False,,False
20260213_mini-v2.0.0a0_claude-4-5-haiku,caddyserver__caddy-6115,66,0.25238980000000005,True,,False
20260213_mini-v2.0.0a0_claude-4-5-haiku,caddyserver__caddy-6288,80,0.42378089999999996,False,,False
20260213_mini-v2.0.0a0_claude-4-5-haiku,caddyserver__caddy-6345,71,0.3199776499999999,True,,False
20260213_mini-v2.0.0a0_claude-4-5-haiku,caddyserver__caddy-6350,104,0.5121495,True,,False
20260213_mini-v2.0.0a0_claude-4-5-haiku,caddyserver__caddy-6370,76,0.4740891000000001,True,,False
20260213_mini-v2.0.0a0_claude-4-5-haiku,caddyserver__caddy-6411,59,0.22611835000000005,False,,False
20260213_mini-v2.0.0a0_claude-4-5-haiku,facebook__docusaurus-10130,37,0.19018854999999998,True,,False
20260213_mini-v2.0.0a0_claude-4-5-haiku,facebook__docusaurus-10309,52,0.32439295,True,,False
20260213_mini-v2.0.0a0_claude-4-5-haiku,facebook__docusaurus-8927,124,0.7351644499999997,False,,False
20260213_mini-v2.0.0a0_claude-4-5-haiku,facebook__docusaurus-9183,33,0.15103365000000002,False,,False
20260213_mini-v2.0.0a0_claude-4-5-haiku,facebook__docusaurus-9897,80,0.40357350000000014,False,,False
20260213_mini-v2.0.0a0_claude-4-5-haiku,faker-ruby__faker-2705,46,0.2992561500000001,True,,False
20260213_mini-v2.0.0a0_claude-4-5-haiku,faker-ruby__faker-2970,52,0.21376409999999998,True,,False
20260213_mini-v2.0.0a0_claude-4-5-haiku,fastlane__fastlane-19207,55,0.4584584499999999,False,,False
20260213_mini-v2.0.0a0_claude-4-5-haiku,fastlane__fastlane-19304,35,0.14452920000000002,True,,False
20260213_mini-v2.0.0a0_claude-4-5-haiku,fastlane__fastlane-19765,45,0.34206074999999997,True,,False
20260213_mini-v2.0.0a0_claude-4-5-haiku,fastlane__fastlane-20642,50,0.2845557,False,,False
20260213_mini-v2.0.0a0_claude-4-5-haiku,fastlane__fastlane-20958,41,0.19658539999999997,True,,False
20260213_mini-v2.0.0a0_claude-4-5-haiku,fastlane__fastlane-20975,54,0.35538795000000006,True,,False
20260213_mini-v2.0.0a0_claude-4-5-haiku,fastlane__fastlane-21857,44,0.3026729,False,,False
20260213_mini-v2.0.0a0_claude-4-5-haiku,fluent__fluentd-3328,45,0.18567065000000005,False,,False
20260213_mini-v2.0.0a0_claude-4-5-haiku,fluent__fluentd-3466,99,0.5917566,True,,False
20260213_mini-v2.0.0a0_claude-4-5-haiku,fluent__fluentd-3608,67,0.35965670000000005,True,,False
20260213_mini-v2.0.0a0_claude-4-5-haiku,fluent__fluentd-3616,62,0.28560264999999996,True,,False
20260213_mini-v2.0.0a0_claude-4-5-haiku,fluent__fluentd-3631,97,0.5335932000000003,True,,False
20260213_mini-v2.0.0a0_claude-4-5-haiku,fluent__fluentd-3640,34,0.31736639999999994,True,,False
20260213_mini-v2.0.0a0_claude-4-5-haiku,fluent__fluentd-3641,66,0.29526339999999995,False,,False
20260213_mini-v2.0.0a0_claude-4-5-haiku,fluent__fluentd-3917,72,0.50119715,True,,False
20260213_mini-v2.0.0a0_claude-4-5-haiku,fluent__fluentd-4030,35,0.19009270000000003,True,,False
20260213_mini-v2.0.0a0_claude-4-5-haiku,fluent__fluentd-4311,84,0.3577671,True,,False
20260213_mini-v2.0.0a0_claude-4-5-haiku,fluent__fluentd-4598,47,0.15645114999999998,True,,False
20260213_mini-v2.0.0a0_claude-4-5-haiku,fluent__fluentd-4655,59,0.25610014999999997,True,,False
20260213_mini-v2.0.0a0_claude-4-5-haiku,fmtlib__fmt-1683,98,0.52234855,True,,False
20260213_mini-v2.0.0a0_claude-4-5-haiku,fmtlib__fmt-2310,104,0.6422154000000001,False,,False
20260213_mini-v2.0.0a0_claude-4-5-haiku,fmtlib__fmt-2317,72,0.32158064999999986,True,,False
20260213_mini-v2.0.0a0_claude-4-5-haiku,fmtlib__fmt-2457,99,0.5200782000000002,True,,False
20260213_mini-v2.0.0a0_claude-4-5-haiku,fmtlib__fmt-3158,116,0.8717713500000004,False,,False
20260213_mini-v2.0.0a0_claude-4-5-haiku,fmtlib__fmt-3248,54,0.23079225,True,,False
20260213_mini-v2.0.0a0_claude-4-5-haiku,fmtlib__fmt-3272,92,0.6106508499999999,True,,False
20260213_mini-v2.0.0a0_claude-4-5-haiku,fmtlib__fmt-3729,57,0.305177,True,,False
20260213_mini-v2.0.0a0_claude-4-5-haiku,fmtlib__fmt-3750,68,0.3154767,False,,False
20260213_mini-v2.0.0a0_claude-4-5-haiku,fmtlib__fmt-3863,90,0.6416508999999999,False,,False
20260213_mini-v2.0.0a0_claude-4-5-haiku,fmtlib__fmt-3901,104,0.4422332500000001,True,,False
20260213_mini-v2.0.0a0_claude-4-5-haiku,gin-gonic__gin-1805,40,0.2677504,True,,False
20260213_mini-v2.0.0a0_claude-4-5-haiku,gin-gonic__gin-1957,92,0.34226985000000004,False,,False
20260213_mini-v2.0.0a0_claude-4-5-haiku,gin-gonic__gin-2121,25,0.09073940000000003,True,,False
20260213_mini-v2.0.0a0_claude-4-5-haiku,gin-gonic__gin-2755,81,0.28709185000000004,False,,False
20260213_mini-v2.0.0a0_claude-4-5-haiku,gin-gonic__gin-3227,58,0.22934654999999998,False,,False
20260213_mini-v2.0.0a0_claude-4-5-haiku,gin-gonic__gin-3741,36,0.14148255,False,,False
20260213_mini-v2.0.0a0_claude-4-5-haiku,gin-gonic__gin-3820,65,0.3811930500000001,False,,False
20260213_mini-v2.0.0a0_claude-4-5-haiku,gin-gonic__gin-4003,25,0.08288105,True,,False
20260213_mini-v2.0.0a0_claude-4-5-haiku,gohugoio__hugo-12171,126,0.8643293000000003,True,,False
20260213_mini-v2.0.0a0_claude-4-5-haiku,gohugoio__hugo-12204,145,1.0469083499999994,False,,False
20260213_mini-v2.0.0a0_claude-4-5-haiku,gohugoio__hugo-12343,88,0.4726367,False,,False
20260213_mini-v2.0.0a0_claude-4-5-haiku,gohugoio__hugo-12448,141,1.0284906,False,,False
20260213_mini-v2.0.0a0_claude-4-5-haiku,gohugoio__hugo-12562,157,0.8449898499999997,True,,False
20260213_mini-v2.0.0a0_claude-4-5-haiku,gohugoio__hugo-12579,77,0.341713,True,,False
20260213_mini-v2.0.0a0_claude-4-5-haiku,gohugoio__hugo-12768,24,0.07306755000000001,True,,False
20260213_mini-v2.0.0a0_claude-4-5-haiku,google__gson-1014,50,0.2248199,True,,False
20260213_mini-v2.0.0a0_claude-4-5-haiku,google__gson-1093,50,0.1856511,True,,False
20260213_mini-v2.0.0a0_claude-4-5-haiku,google__gson-1100,25,0.0953414,False,,False
20260213_mini-v2.0.0a0_claude-4-5-haiku,google__gson-2024,27,0.11569895,True,,False
20260213_mini-v2.0.0a0_claude-4-5-haiku,google__gson-2061,37,0.11097475,False,,False
20260213_mini-v2.0.0a0_claude-4-5-haiku,google__gson-2134,26,0.11042345,True,,False
20260213_mini-v2.0.0a0_claude-4-5-haiku,google__gson-2158,69,0.2921456499999999,False,,False
20260213_mini-v2.0.0a0_claude-4-5-haiku,google__gson-2311,33,0.14076755,False,,False
20260213_mini-v2.0.0a0_claude-4-5-haiku,google__gson-2479,119,0.8756243999999996,False,,False
20260213_mini-v2.0.0a0_claude-4-5-haiku,hashicorp__terraform-34580,34,0.12095260000000002,True,,False
20260213_mini-v2.0.0a0_claude-4-5-haiku,hashicorp__terraform-34814,76,0.35663195,False,,False
20260213_mini-v2.0.0a0_claude-4-5-haiku,hashicorp__terraform-34900,146,1.2577498000000003,False,,False
20260213_mini-v2.0.0a0_claude-4-5-haiku,hashicorp__terraform-35543,132,0.8891126999999999,False,,False
20260213_mini-v2.0.0a0_claude-4-5-haiku,hashicorp__terraform-35611,83,0.4242401999999999,False,,False
20260213_mini-v2.0.0a0_claude-4-5-haiku,immutable-js__immutable-js-2005,50,0.20377269999999992,True,,False
20260213_mini-v2.0.0a0_claude-4-5-haiku,immutable-js__immutable-js-2006,60,0.29316400000000004,True,,False
20260213_mini-v2.0.0a0_claude-4-5-haiku,javaparser__javaparser-4538,50,0.1504883,True,,False
20260213_mini-v2.0.0a0_claude-4-5-haiku,javaparser__javaparser-4561,61,0.25780855,True,,False
20260213_mini-v2.0.0a0_claude-4-5-haiku,jekyll__jekyll-8047,43,0.18603650000000002,False,,False
20260213_mini-v2.0.0a0_claude-4-5-haiku,jekyll__jekyll-8167,86,0.45739489999999994,True,,False
20260213_mini-v2.0.0a0_claude-4-5-haiku,jekyll__jekyll-8761,86,0.3618007999999999,False,,False
20260213_mini-v2.0.0a0_claude-4-5-haiku,jekyll__jekyll-8771,148,1.2305145499999999,False,,False
20260213_mini-v2.0.0a0_claude-4-5-haiku,jekyll__jekyll-9141,65,0.27059445000000004,False,,False
20260213_mini-v2.0.0a0_claude-4-5-haiku,jordansissel__fpm-1829,52,0.21231170000000008,False,,False
20260213_mini-v2.0.0a0_claude-4-5-haiku,jordansissel__fpm-1850,54,0.15455255,True,,False
20260213_mini-v2.0.0a0_claude-4-5-haiku,jqlang__jq-2235,101,0.5195671000000001,False,,False
20260213_mini-v2.0.0a0_claude-4-5-haiku,jqlang__jq-2598,30,0.10555274999999999,True,,False
20260213_mini-v2.0.0a0_claude-4-5-haiku,jqlang__jq-2650,78,0.40150865,False,,False
20260213_mini-v2.0.0a0_claude-4-5-haiku,jqlang__jq-2658,45,0.1601859,True,,False
20260213_mini-v2.0.0a0_claude-4-5-haiku,jqlang__jq-2681,64,0.25942380000000004,True,,False
20260213_mini-v2.0.0a0_claude-4-5-haiku,jqlang__jq-2728,57,0.24235520000000005,False,,False
20260213_mini-v2.0.0a0_claude-4-5-haiku,jqlang__jq-2750,108,0.66118705,True,,False
20260213_mini-v2.0.0a0_claude-4-5-haiku,jqlang__jq-2839,76,0.40661925000000004,False,,False
20260213_mini-v2.0.0a0_claude-4-5-haiku,jqlang__jq-2919,78,0.43777465,True,,False
20260213_mini-v2.0.0a0_claude-4-5-haiku,laravel__framework-46234,30,0.14468319999999993,True,,False
20260213_mini-v2.0.0a0_claude-4-5-haiku,laravel__framework-48573,73,0.4999007000000001,False,,False
20260213_mini-v2.0.0a0_claude-4-5-haiku,laravel__framework-48636,72,0.31049879999999996,True,,False
20260213_mini-v2.0.0a0_claude-4-5-haiku,laravel__framework-51195,63,0.4045212000000001,True,,False
20260213_mini-v2.0.0a0_claude-4-5-haiku,laravel__framework-51890,78,0.3590854499999999,True,,False
20260213_mini-v2.0.0a0_claude-4-5-haiku,laravel__framework-52451,78,0.40954749999999995,True,,False
20260213_mini-v2.0.0a0_claude-4-5-haiku,laravel__framework-52680,54,0.24964345000000002,True,,False
20260213_mini-v2.0.0a0_claude-4-5-haiku,laravel__framework-52684,46,0.15825145000000002,True,,False
20260213_mini-v2.0.0a0_claude-4-5-haiku,laravel__framework-52866,58,0.1946286500000001,True,,False
20260213_mini-v2.0.0a0_claude-4-5-haiku,laravel__framework-53206,49,0.16711225000000002,True,,False
20260213_mini-v2.0.0a0_claude-4-5-haiku,laravel__framework-53696,44,0.15323095,True,,False
20260213_mini-v2.0.0a0_claude-4-5-haiku,laravel__framework-53914,60,0.24956769999999998,True,,False
20260213_mini-v2.0.0a0_claude-4-5-haiku,laravel__framework-53949,25,0.0967765,True,,False
20260213_mini-v2.0.0a0_claude-4-5-haiku,micropython__micropython-10095,58,0.27967495000000003,True,,False
20260213_mini-v2.0.0a0_claude-4-5-haiku,micropython__micropython-12158,89,0.4776188499999999,False,,False
20260213_mini-v2.0.0a0_claude-4-5-haiku,micropython__micropython-13039,35,0.11618319999999999,True,,False
20260213_mini-v2.0.0a0_claude-4-5-haiku,micropython__micropython-13569,99,0.41145750000000003,True,,False
20260213_mini-v2.0.0a0_claude-4-5-haiku,micropython__micropython-15898,48,0.23192910000000005,True,,False
20260213_mini-v2.0.0a0_claude-4-5-haiku,mrdoob__three.js-25687,62,0.31256734999999997,False,,False
20260213_mini-v2.0.0a0_claude-4-5-haiku,mrdoob__three.js-26589,33,0.17773705000000004,True,,False
20260213_mini-v2.0.0a0_claude-4-5-haiku,mrdoob__three.js-27395,18,0.06336015,True,,False
20260213_mini-v2.0.0a0_claude-4-5-haiku,nlohmann__json-4237,68,0.31416180000000005,True,,False
20260213_mini-v2.0.0a0_claude-4-5-haiku,nushell__nushell-12901,86,0.34825665000000006,True,,False
20260213_mini-v2.0.0a0_claude-4-5-haiku,nushell__nushell-12950,66,0.24911375000000002,True,,False
20260213_mini-v2.0.0a0_claude-4-5-haiku,nushell__nushell-13246,38,0.15017285000000002,True,,False
20260213_mini-v2.0.0a0_claude-4-5-haiku,nushell__nushell-13605,45,0.18619665000000002,True,,False
20260213_mini-v2.0.0a0_claude-4-5-haiku,nushell__nushell-13831,37,0.15835459999999998,True,,False
20260213_mini-v2.0.0a0_claude-4-5-haiku,php-cs-fixer__php-cs-fixer-7523,86,0.37940070000000015,True,,False
20260213_mini-v2.0.0a0_claude-4-5-haiku,php-cs-fixer__php-cs-fixer-7635,110,0.6728686500000002,False,,False
20260213_mini-v2.0.0a0_claude-4-5-haiku,php-cs-fixer__php-cs-fixer-7663,65,0.40889010000000003,False,,False
20260213_mini-v2.0.0a0_claude-4-5-haiku,php-cs-fixer__php-cs-fixer-7875,112,0.6534616000000001,False,,False
20260213_mini-v2.0.0a0_claude-4-5-haiku,php-cs-fixer__php-cs-fixer-7998,47,0.22776635,False,,False
20260213_mini-v2.0.0a0_claude-4-5-haiku,php-cs-fixer__php-cs-fixer-8064,37,0.18519665000000005,True,,False
20260213_mini-v2.0.0a0_claude-4-5-haiku,php-cs-fixer__php-cs-fixer-8075,157,1.2652466,True,,False
20260213_mini-v2.0.0a0_claude-4-5-haiku,php-cs-fixer__php-cs-fixer-8256,58,0.30974915000000003,True,,False
20260213_mini-v2.0.0a0_claude-4-5-haiku,php-cs-fixer__php-cs-fixer-8331,67,0.32399785,True,,False
20260213_mini-v2.0.0a0_claude-4-5-haiku,php-cs-fixer__php-cs-fixer-8367,86,0.3862405999999999,True,,False
20260213_mini-v2.0.0a0_claude-4-5-haiku,phpoffice__phpspreadsheet-3463,39,0.15557715000000003,True,,False
20260213_mini-v2.0.0a0_claude-4-5-haiku,phpoffice__phpspreadsheet-3469,43,0.18224125000000002,False,,False
20260213_mini-v2.0.0a0_claude-4-5-haiku,phpoffice__phpspreadsheet-3570,54,0.26029165,False,,False
20260213_mini-v2.0.0a0_claude-4-5-haiku,phpoffice__phpspreadsheet-3659,137,1.1673574000000002,False,,False
20260213_mini-v2.0.0a0_claude-4-5-haiku,phpoffice__phpspreadsheet-3903,84,0.41331695000000007,True,,False
20260213_mini-v2.0.0a0_claude-4-5-haiku,phpoffice__phpspreadsheet-3940,84,0.4902268999999998,True,,False
20260213_mini-v2.0.0a0_claude-4-5-haiku,phpoffice__phpspreadsheet-4114,40,0.12693975000000002,True,,False
20260213_mini-v2.0.0a0_claude-4-5-haiku,phpoffice__phpspreadsheet-4186,34,0.15338710000000005,True,,False
20260213_mini-v2.0.0a0_claude-4-5-haiku,phpoffice__phpspreadsheet-4214,66,0.45665975,True,,False
20260213_mini-v2.0.0a0_claude-4-5-haiku,phpoffice__phpspreadsheet-4313,35,0.23915125000000004,False,,False
20260213_mini-v2.0.0a0_claude-4-5-haiku,preactjs__preact-2757,75,0.40525405,False,,False
20260213_mini-v2.0.0a0_claude-4-5-haiku,preactjs__preact-2896,94,0.4393644,False,,False
20260213_mini-v2.0.0a0_claude-4-5-haiku,preactjs__preact-2927,46,0.26207535000000004,True,,False
20260213_mini-v2.0.0a0_claude-4-5-haiku,preactjs__preact-3010,59,0.27668624999999997,True,,False
20260213_mini-v2.0.0a0_claude-4-5-haiku,preactjs__preact-3062,87,0.50459895,True,,False
20260213_mini-v2.0.0a0_claude-4-5-haiku,preactjs__preact-3345,47,0.3174725500000001,False,,False
20260213_mini-v2.0.0a0_claude-4-5-haiku,preactjs__preact-3454,24,0.09029045000000002,True,,False
20260213_mini-v2.0.0a0_claude-4-5-haiku,preactjs__preact-3562,82,0.43329910000000005,True,,False
20260213_mini-v2.0.0a0_claude-4-5-haiku,preactjs__preact-3567,58,0.3957754,False,,False
20260213_mini-v2.0.0a0_claude-4-5-haiku,preactjs__preact-3689,48,0.19457000000000005,True,,False
20260213_mini-v2.0.0a0_claude-4-5-haiku,preactjs__preact-3739,61,0.3021824,True,,False
20260213_mini-v2.0.0a0_claude-4-5-haiku,preactjs__preact-3763,56,0.25004139999999997,True,,False
20260213_mini-v2.0.0a0_claude-4-5-haiku,preactjs__preact-4152,50,0.2203812,True,,False
20260213_mini-v2.0.0a0_claude-4-5-haiku,preactjs__preact-4182,57,0.55095345,False,,False
20260213_mini-v2.0.0a0_claude-4-5-haiku,preactjs__preact-4245,82,0.6473194999999998,True,,False
20260213_mini-v2.0.0a0_claude-4-5-haiku,preactjs__preact-4316,77,0.35175335000000013,True,,False
20260213_mini-v2.0.0a0_claude-4-5-haiku,preactjs__preact-4436,69,0.36465554999999994,False,,False
20260213_mini-v2.0.0a0_claude-4-5-haiku,projectlombok__lombok-2792,106,0.9937656000000002,False,,False
20260213_mini-v2.0.0a0_claude-4-5-haiku,projectlombok__lombok-3009,64,0.25804955000000007,True,,False
20260213_mini-v2.0.0a0_claude-4-5-haiku,projectlombok__lombok-3042,35,0.09914995000000001,True,,False
20260213_mini-v2.0.0a0_claude-4-5-haiku,projectlombok__lombok-3052,152,1.42929595,False,,False
20260213_mini-v2.0.0a0_claude-4-5-haiku,projectlombok__lombok-3215,118,0.6210441500000001,True,,False
20260213_mini-v2.0.0a0_claude-4-5-haiku,projectlombok__lombok-3312,45,0.21481015000000003,True,,False
20260213_mini-v2.0.0a0_claude-4-5-haiku,projectlombok__lombok-3326,105,0.8687872499999999,False,,False
20260213_mini-v2.0.0a0_claude-4-5-haiku,projectlombok__lombok-3350,94,0.4542993999999999,True,,False
20260213_mini-v2.0.0a0_claude-4-5-haiku,projectlombok__lombok-3371,156,0.8597505999999999,True,,False
20260213_mini-v2.0.0a0_claude-4-5-haiku,projectlombok__lombok-3422,58,0.2198756,True,,False
20260213_mini-v2.0.0a0_claude-4-5-haiku,projectlombok__lombok-3479,79,0.2799054999999999,True,,False
20260213_mini-v2.0.0a0_claude-4-5-haiku,projectlombok__lombok-3486,193,1.3351969000000008,True,,False
20260213_mini-v2.0.0a0_claude-4-5-haiku,projectlombok__lombok-3571,156,0.9585448000000003,True,,False
20260213_mini-v2.0.0a0_claude-4-5-haiku,projectlombok__lombok-3594,112,0.6051191000000001,False,,False
20260213_mini-v2.0.0a0_claude-4-5-haiku,projectlombok__lombok-3602,89,0.3792556500000001,True,,False
20260213_mini-v2.0.0a0_claude-4-5-haiku,projectlombok__lombok-3674,142,0.9916558999999998,True,,False
20260213_mini-v2.0.0a0_claude-4-5-haiku,projectlombok__lombok-3697,89,0.35210605000000017,True,,False
20260213_mini-v2.0.0a0_claude-4-5-haiku,prometheus__prometheus-10633,34,0.12720415000000002,False,,False
20260213_mini-v2.0.0a0_claude-4-5-haiku,prometheus__prometheus-10720,65,0.21357745000000009,True,,False
20260213_mini-v2.0.0a0_claude-4-5-haiku,prometheus__prometheus-11859,61,0.30278270000000007,False,,False
20260213_mini-v2.0.0a0_claude-4-5-haiku,prometheus__prometheus-12874,40,0.20581294999999997,True,,False
20260213_mini-v2.0.0a0_claude-4-5-haiku,prometheus__prometheus-13845,132,1.0719772999999997,True,,False
20260213_mini-v2.0.0a0_claude-4-5-haiku,prometheus__prometheus-14861,36,0.09661070000000001,True,,False
20260213_mini-v2.0.0a0_claude-4-5-haiku,prometheus__prometheus-15142,77,0.4706274,False,,False
20260213_mini-v2.0.0a0_claude-4-5-haiku,prometheus__prometheus-9248,149,0.6132947000000002,True,,False
20260213_mini-v2.0.0a0_claude-4-5-haiku,reactivex__rxjava-7597,73,0.30559669999999994,True,,False
20260213_mini-v2.0.0a0_claude-4-5-haiku,redis__redis-10068,69,0.466842,True,,False
20260213_mini-v2.0.0a0_claude-4-5-haiku,redis__redis-10095,60,0.24134745000000002,False,,False
20260213_mini-v2.0.0a0_claude-4-5-haiku,redis__redis-10764,32,0.16477575,True,,False
20260213_mini-v2.0.0a0_claude-4-5-haiku,redis__redis-11279,60,0.21089179999999996,False,,False
20260213_mini-v2.0.0a0_claude-4-5-haiku,redis__redis-11510,50,0.20429440000000004,False,,False
20260213_mini-v2.0.0a0_claude-4-5-haiku,redis__redis-11631,45,0.26631560000000004,True,,False
20260213_mini-v2.0.0a0_claude-4-5-haiku,redis__redis-11734,61,0.36990475,True,,False
20260213_mini-v2.0.0a0_claude-4-5-haiku,redis__redis-12272,40,0.2224622499999999,False,,False
20260213_mini-v2.0.0a0_claude-4-5-haiku,redis__redis-12472,44,0.28892405000000004,True,,False
20260213_mini-v2.0.0a0_claude-4-5-haiku,redis__redis-13115,52,0.17733015,True,,False
20260213_mini-v2.0.0a0_claude-4-5-haiku,redis__redis-13338,55,0.4030875000000001,False,,False
20260213_mini-v2.0.0a0_claude-4-5-haiku,redis__redis-9733,75,0.42162099999999997,True,,False
20260213_mini-v2.0.0a0_claude-4-5-haiku,rubocop__rubocop-13362,99,0.5542408999999998,False,,False
20260213_mini-v2.0.0a0_claude-4-5-haiku,rubocop__rubocop-13375,83,0.302667,True,,False
20260213_mini-v2.0.0a0_claude-4-5-haiku,rubocop__rubocop-13393,124,0.6496672000000002,False,,False
20260213_mini-v2.0.0a0_claude-4-5-haiku,rubocop__rubocop-13396,99,0.5883060999999999,False,,False
20260213_mini-v2.0.0a0_claude-4-5-haiku,rubocop__rubocop-13424,93,0.53890485,True,,False
20260213_mini-v2.0.0a0_claude-4-5-haiku,rubocop__rubocop-13431,82,0.3779665999999999,True,,False
20260213_mini-v2.0.0a0_claude-4-5-haiku,rubocop__rubocop-13479,36,0.19161265000000002,True,,False
20260213_mini-v2.0.0a0_claude-4-5-haiku,rubocop__rubocop-13503,52,0.32934909999999995,True,,False
20260213_mini-v2.0.0a0_claude-4-5-haiku,rubocop__rubocop-13560,22,0.10225035,False,,False
20260213_mini-v2.0.0a0_claude-4-5-haiku,rubocop__rubocop-13579,99,0.34378810000000004,False,,False
20260213_mini-v2.0.0a0_claude-4-5-haiku,rubocop__rubocop-13627,55,0.33675700000000003,False,,False
20260213_mini-v2.0.0a0_claude-4-5-haiku,rubocop__rubocop-13653,108,0.6080273000000002,True,,False
20260213_mini-v2.0.0a0_claude-4-5-haiku,rubocop__rubocop-13668,69,0.30885359999999995,False,,False
20260213_mini-v2.0.0a0_claude-4-5-haiku,rubocop__rubocop-13680,74,0.40548560000000006,True,,False
20260213_mini-v2.0.0a0_claude-4-5-haiku,rubocop__rubocop-13687,67,0.3723515,True,,False
20260213_mini-v2.0.0a0_claude-4-5-haiku,rubocop__rubocop-13705,100,0.48811385000000007,True,,False
20260213_mini-v2.0.0a0_claude-4-5-haiku,sharkdp__bat-1892,120,0.6365950499999997,True,,False
20260213_mini-v2.0.0a0_claude-4-5-haiku,sharkdp__bat-2201,50,0.29394164999999994,True,,False
20260213_mini-v2.0.0a0_claude-4-5-haiku,sharkdp__bat-2260,92,0.4670616999999999,True,,False
20260213_mini-v2.0.0a0_claude-4-5-haiku,sharkdp__bat-2393,71,0.32826149999999993,True,,False
20260213_mini-v2.0.0a0_claude-4-5-haiku,sharkdp__bat-2650,70,0.30741784999999994,True,,False
20260213_mini-v2.0.0a0_claude-4-5-haiku,sharkdp__bat-2835,104,0.41338019999999986,False,,False
20260213_mini-v2.0.0a0_claude-4-5-haiku,sharkdp__bat-3108,130,0.7800465499999998,True,,False
20260213_mini-v2.0.0a0_claude-4-5-haiku,sharkdp__bat-562,68,0.3722359500000001,True,,False
20260213_mini-v2.0.0a0_claude-4-5-haiku,tokio-rs__axum-1119,75,0.2922213499999999,True,,False
20260213_mini-v2.0.0a0_claude-4-5-haiku,tokio-rs__axum-1730,146,1.2219712499999995,False,,False
20260213_mini-v2.0.0a0_claude-4-5-haiku,tokio-rs__axum-1934,69,0.30436015,True,,False
20260213_mini-v2.0.0a0_claude-4-5-haiku,tokio-rs__axum-2096,67,0.33145130000000006,False,,False
20260213_mini-v2.0.0a0_claude-4-5-haiku,tokio-rs__axum-682,46,0.14256689999999997,True,,False
20260213_mini-v2.0.0a0_claude-4-5-haiku,tokio-rs__axum-691,44,0.1847900500000001,True,,False
20260213_mini-v2.0.0a0_claude-4-5-haiku,tokio-rs__axum-734,75,0.4029503500000001,True,,False
20260213_mini-v2.0.0a0_claude-4-5-haiku,tokio-rs__tokio-4384,92,0.33049505000000007,False,,False
20260213_mini-v2.0.0a0_claude-4-5-haiku,tokio-rs__tokio-4867,82,0.41740140000000003,True,,False
20260213_mini-v2.0.0a0_claude-4-5-haiku,tokio-rs__tokio-4898,18,0.04592825,True,,False
20260213_mini-v2.0.0a0_claude-4-5-haiku,tokio-rs__tokio-6551,153,0.9246847499999999,True,,False
20260213_mini-v2.0.0a0_claude-4-5-haiku,tokio-rs__tokio-6603,54,0.18960529999999998,True,,False
20260213_mini-v2.0.0a0_claude-4-5-haiku,tokio-rs__tokio-6724,55,0.21260730000000003,True,,False
20260213_mini-v2.0.0a0_claude-4-5-haiku,tokio-rs__tokio-6752,53,0.19450594999999996,True,,False
20260213_mini-v2.0.0a0_claude-4-5-haiku,tokio-rs__tokio-6838,34,0.11814244999999998,True,,False
20260213_mini-v2.0.0a0_claude-4-5-haiku,tokio-rs__tokio-7139,37,0.12485269999999997,True,,False
20260213_mini-v2.0.0a0_claude-4-5-haiku,uutils__coreutils-6377,79,0.36102095,False,,False
20260213_mini-v2.0.0a0_claude-4-5-haiku,uutils__coreutils-6575,66,0.22291355000000002,False,,False
20260213_mini-v2.0.0a0_claude-4-5-haiku,uutils__coreutils-6682,39,0.21420160000000005,True,,False
20260213_mini-v2.0.0a0_claude-4-5-haiku,uutils__coreutils-6690,49,0.15788589999999997,False,,False
20260213_mini-v2.0.0a0_claude-4-5-haiku,uutils__coreutils-6731,43,0.1686004,True,,False
20260213_mini-v2.0.0a0_claude-4-5-haiku,valkey-io__valkey-1499,106,0.5284402,True,,False
20260213_mini-v2.0.0a0_claude-4-5-haiku,valkey-io__valkey-1842,32,0.10845844999999998,True,,False
20260213_mini-v2.0.0a0_claude-4-5-haiku,valkey-io__valkey-790,100,0.6088627499999999,True,,False
20260213_mini-v2.0.0a0_claude-4-5-haiku,valkey-io__valkey-928,92,0.4477416,False,,False
20260213_mini-v2.0.0a0_claude-4-5-haiku,vuejs__core-11589,59,0.4121118000000001,True,,False
20260213_mini-v2.0.0a0_claude-4-5-haiku,vuejs__core-11739,102,0.7859787000000001,False,,False
20260213_mini-v2.0.0a0_claude-4-5-haiku,vuejs__core-11870,43,0.2145556,True,,False
20260213_mini-v2.0.0a0_claude-4-5-haiku,vuejs__core-11899,93,0.4857063500000002,False,,False
20260213_mini-v2.0.0a0_claude-4-5-haiku,vuejs__core-11915,75,0.2902480500000001,True,,False
20260213_mini-v2.0.0a0_claude-4-5-opus,apache__druid-13704,24,0.47365850000000004,True,,False
20260213_mini-v2.0.0a0_claude-4-5-opus,apache__druid-14092,19,0.9151497500000002,False,,False
20260213_mini-v2.0.0a0_claude-4-5-opus,apache__druid-14136,24,0.5288410000000001,True,,False
20260213_mini-v2.0.0a0_claude-4-5-opus,apache__druid-15402,23,0.43974824999999995,True,,False
20260213_mini-v2.0.0a0_claude-4-5-opus,apache__druid-16875,14,0.45119275,True,,False
20260213_mini-v2.0.0a0_claude-4-5-opus,apache__lucene-11760,19,0.365182,True,,False
20260213_mini-v2.0.0a0_claude-4-5-opus,apache__lucene-12022,17,0.5383087499999999,False,,False
20260213_mini-v2.0.0a0_claude-4-5-opus,apache__lucene-12196,32,0.6729510000000001,True,,False
20260213_mini-v2.0.0a0_claude-4-5-opus,apache__lucene-12212,20,0.47805500000000006,False,,False
20260213_mini-v2.0.0a0_claude-4-5-opus,apache__lucene-12626,9,0.152503,True,,False
20260213_mini-v2.0.0a0_claude-4-5-opus,apache__lucene-13170,8,0.1516275,True,,False
20260213_mini-v2.0.0a0_claude-4-5-opus,apache__lucene-13301,10,0.2084795,True,,False
20260213_mini-v2.0.0a0_claude-4-5-opus,apache__lucene-13494,41,0.73166475,True,,False
20260213_mini-v2.0.0a0_claude-4-5-opus,apache__lucene-13704,20,0.6187625,False,,False
20260213_mini-v2.0.0a0_claude-4-5-opus,astral-sh__ruff-15309,64,1.80714575,False,,False
20260213_mini-v2.0.0a0_claude-4-5-opus,astral-sh__ruff-15330,36,1.4464577499999998,True,,False
20260213_mini-v2.0.0a0_claude-4-5-opus,astral-sh__ruff-15356,42,1.3594537499999997,True,,False
20260213_mini-v2.0.0a0_claude-4-5-opus,astral-sh__ruff-15394,36,0.9266715,False,,False
20260213_mini-v2.0.0a0_claude-4-5-opus,astral-sh__ruff-15443,12,0.19806600000000002,True,,False
20260213_mini-v2.0.0a0_claude-4-5-opus,astral-sh__ruff-15543,24,0.5122765,True,,False
20260213_mini-v2.0.0a0_claude-4-5-opus,astral-sh__ruff-15626,19,0.32671150000000004,True,,False
20260213_mini-v2.0.0a0_claude-4-5-opus,axios__axios-4731,16,0.33689100000000005,True,,False
20260213_mini-v2.0.0a0_claude-4-5-opus,axios__axios-4738,16,0.28851175000000007,True,,False
20260213_mini-v2.0.0a0_claude-4-5-opus,axios__axios-5085,24,0.6221855000000001,True,,False
20260213_mini-v2.0.0a0_claude-4-5-opus,axios__axios-5316,71,2.1078174999999995,False,,False
20260213_mini-v2.0.0a0_claude-4-5-opus,axios__axios-5892,19,0.35989725000000006,True,,False
20260213_mini-v2.0.0a0_claude-4-5-opus,axios__axios-6539,22,0.6171875000000001,True,,False
20260213_mini-v2.0.0a0_claude-4-5-opus,babel__babel-13928,68,1.8342232500000002,True,,False
20260213_mini-v2.0.0a0_claude-4-5-opus,babel__babel-14532,52,1.3901312500000005,True,,False
20260213_mini-v2.0.0a0_claude-4-5-opus,babel__babel-15445,20,0.38160599999999995,True,,False
20260213_mini-v2.0.0a0_claude-4-5-opus,babel__babel-15649,40,1.3666644999999997,False,,False
20260213_mini-v2.0.0a0_claude-4-5-opus,babel__babel-16130,40,1.12599525,False,,False
20260213_mini-v2.0.0a0_claude-4-5-opus,briannesbitt__carbon-2665,32,0.9337422499999999,True,,False
20260213_mini-v2.0.0a0_claude-4-5-opus,briannesbitt__carbon-2752,59,2.0399950000000002,True,,False
20260213_mini-v2.0.0a0_claude-4-5-opus,briannesbitt__carbon-2762,79,1.9721802499999996,True,,False
20260213_mini-v2.0.0a0_claude-4-5-opus,briannesbitt__carbon-2813,26,0.5681290000000001,False,,False
20260213_mini-v2.0.0a0_claude-4-5-opus,briannesbitt__carbon-2981,47,1.0185569999999997,True,,False
20260213_mini-v2.0.0a0_claude-4-5-opus,briannesbitt__carbon-3005,65,1.8995427500000002,False,,False
20260213_mini-v2.0.0a0_claude-4-5-opus,briannesbitt__carbon-3041,43,1.242148,False,,False
20260213_mini-v2.0.0a0_claude-4-5-opus,briannesbitt__carbon-3073,45,1.0545475000000004,True,,False
20260213_mini-v2.0.0a0_claude-4-5-opus,briannesbitt__carbon-3098,24,0.4744415,True,,False
20260213_mini-v2.0.0a0_claude-4-5-opus,briannesbitt__carbon-3103,22,0.28229225,True,,False
20260213_mini-v2.0.0a0_claude-4-5-opus,burntsushi__ripgrep-2209,39,1.60338975,True,,False
20260213_mini-v2.0.0a0_claude-4-5-opus,burntsushi__ripgrep-2576,44,1.5053420000000002,True,,False
20260213_mini-v2.0.0a0_claude-4-5-opus,caddyserver__caddy-4774,36,0.66136425,False,,False
20260213_mini-v2.0.0a0_claude-4-5-opus,caddyserver__caddy-4943,47,1.68414275,False,,False
20260213_mini-v2.0.0a0_claude-4-5-opus,caddyserver__caddy-5404,26,0.8281427499999999,False,,False
20260213_mini-v2.0.0a0_claude-4-5-opus,caddyserver__caddy-5626,57,1.7365939999999997,True,,False
20260213_mini-v2.0.0a0_claude-4-5-opus,caddyserver__caddy-5761,27,0.5732477500000001,False,,False
20260213_mini-v2.0.0a0_claude-4-5-opus,caddyserver__caddy-5870,34,0.72125825,True,,False
20260213_mini-v2.0.0a0_claude-4-5-opus,caddyserver__caddy-5995,27,1.2212947499999998,True,,False
20260213_mini-v2.0.0a0_claude-4-5-opus,caddyserver__caddy-6051,26,0.518362,False,,False
20260213_mini-v2.0.0a0_claude-4-5-opus,caddyserver__caddy-6115,19,0.337391,False,,False
20260213_mini-v2.0.0a0_claude-4-5-opus,caddyserver__caddy-6288,64,1.9545179999999998,True,,False
20260213_mini-v2.0.0a0_claude-4-5-opus,caddyserver__caddy-6345,28,0.5746909999999998,False,,False
20260213_mini-v2.0.0a0_claude-4-5-opus,caddyserver__caddy-6350,38,1.38048575,True,,False
20260213_mini-v2.0.0a0_claude-4-5-opus,caddyserver__caddy-6370,18,0.41770275,True,,False
20260213_mini-v2.0.0a0_claude-4-5-opus,caddyserver__caddy-6411,26,0.50772125,False,,False
20260213_mini-v2.0.0a0_claude-4-5-opus,facebook__docusaurus-10130,39,1.1291972500000003,True,,False
20260213_mini-v2.0.0a0_claude-4-5-opus,facebook__docusaurus-10309,26,0.7818727500000002,True,,False
20260213_mini-v2.0.0a0_claude-4-5-opus,facebook__docusaurus-8927,36,0.9800979999999999,False,,False
20260213_mini-v2.0.0a0_claude-4-5-opus,facebook__docusaurus-9183,22,0.5033160000000001,False,,False
20260213_mini-v2.0.0a0_claude-4-5-opus,facebook__docusaurus-9897,33,1.0071262499999998,True,,False
20260213_mini-v2.0.0a0_claude-4-5-opus,faker-ruby__faker-2705,29,0.78380575,True,,False
20260213_mini-v2.0.0a0_claude-4-5-opus,faker-ruby__faker-2970,20,0.32277000000000006,True,,False
20260213_mini-v2.0.0a0_claude-4-5-opus,fastlane__fastlane-19207,28,1.4313582500000004,False,,False
20260213_mini-v2.0.0a0_claude-4-5-opus,fastlane__fastlane-19304,13,0.30007649999999997,True,,False
20260213_mini-v2.0.0a0_claude-4-5-opus,fastlane__fastlane-19765,16,0.38091725000000004,True,,False
20260213_mini-v2.0.0a0_claude-4-5-opus,fastlane__fastlane-20642,18,0.6524067499999999,False,,False
20260213_mini-v2.0.0a0_claude-4-5-opus,fastlane__fastlane-20958,26,0.6567567500000001,True,,False
20260213_mini-v2.0.0a0_claude-4-5-opus,fastlane__fastlane-20975,13,0.3721905,True,,False
20260213_mini-v2.0.0a0_claude-4-5-opus,fastlane__fastlane-21857,19,0.4410115,True,,False
20260213_mini-v2.0.0a0_claude-4-5-opus,fluent__fluentd-3328,19,0.39529149999999996,True,,False
20260213_mini-v2.0.0a0_claude-4-5-opus,fluent__fluentd-3466,21,0.68334775,False,,False
20260213_mini-v2.0.0a0_claude-4-5-opus,fluent__fluentd-3608,28,0.8470187500000002,True,,False
20260213_mini-v2.0.0a0_claude-4-5-opus,fluent__fluentd-3616,22,0.5386062500000002,True,,False
20260213_mini-v2.0.0a0_claude-4-5-opus,fluent__fluentd-3631,23,0.71440675,True,,False
20260213_mini-v2.0.0a0_claude-4-5-opus,fluent__fluentd-3640,13,0.2849965,True,,False
20260213_mini-v2.0.0a0_claude-4-5-opus,fluent__fluentd-3641,26,0.5450880000000001,False,,False
20260213_mini-v2.0.0a0_claude-4-5-opus,fluent__fluentd-3917,49,0.9923930000000002,True,,False
20260213_mini-v2.0.0a0_claude-4-5-opus,fluent__fluentd-4030,17,0.4998157500000001,True,,False
20260213_mini-v2.0.0a0_claude-4-5-opus,fluent__fluentd-4311,22,0.487047,True,,False
20260213_mini-v2.0.0a0_claude-4-5-opus,fluent__fluentd-4598,12,0.18145024999999998,True,,False
20260213_mini-v2.0.0a0_claude-4-5-opus,fluent__fluentd-4655,27,0.47301249999999995,True,,False
20260213_mini-v2.0.0a0_claude-4-5-opus,fmtlib__fmt-1683,49,1.01921575,True,,False
20260213_mini-v2.0.0a0_claude-4-5-opus,fmtlib__fmt-2310,51,1.11878075,False,,False
20260213_mini-v2.0.0a0_claude-4-5-opus,fmtlib__fmt-2317,32,0.5338682499999998,True,,False
20260213_mini-v2.0.0a0_claude-4-5-opus,fmtlib__fmt-2457,34,0.81865275,True,,False
20260213_mini-v2.0.0a0_claude-4-5-opus,fmtlib__fmt-3158,31,0.94599525,False,,False
20260213_mini-v2.0.0a0_claude-4-5-opus,fmtlib__fmt-3248,22,0.34721599999999997,True,,False
20260213_mini-v2.0.0a0_claude-4-5-opus,fmtlib__fmt-3272,21,0.6549315,True,,False
20260213_mini-v2.0.0a0_claude-4-5-opus,fmtlib__fmt-3729,26,0.6679999999999999,True,,False
20260213_mini-v2.0.0a0_claude-4-5-opus,fmtlib__fmt-3750,30,0.55932975,False,,False
20260213_mini-v2.0.0a0_claude-4-5-opus,fmtlib__fmt-3863,60,1.7874504999999994,False,,False
20260213_mini-v2.0.0a0_claude-4-5-opus,fmtlib__fmt-3901,22,0.38565199999999994,True,,False
20260213_mini-v2.0.0a0_claude-4-5-opus,gin-gonic__gin-1805,31,0.68505525,True,,False
20260213_mini-v2.0.0a0_claude-4-5-opus,gin-gonic__gin-1957,30,0.5590235000000001,True,,False
20260213_mini-v2.0.0a0_claude-4-5-opus,gin-gonic__gin-2121,11,0.17847775000000002,True,,False
20260213_mini-v2.0.0a0_claude-4-5-opus,gin-gonic__gin-2755,27,0.5641315,False,,False
20260213_mini-v2.0.0a0_claude-4-5-opus,gin-gonic__gin-3227,24,0.47172175,False,,False
20260213_mini-v2.0.0a0_claude-4-5-opus,gin-gonic__gin-3741,11,0.17792225000000003,True,,False
20260213_mini-v2.0.0a0_claude-4-5-opus,gin-gonic__gin-3820,21,0.6463987500000002,False,,False
20260213_mini-v2.0.0a0_claude-4-5-opus,gin-gonic__gin-4003,18,0.26591849999999995,True,,False
20260213_mini-v2.0.0a0_claude-4-5-opus,gohugoio__hugo-12171,28,0.9552365000000002,True,,False
20260213_mini-v2.0.0a0_claude-4-5-opus,gohugoio__hugo-12204,64,2.0324297499999995,True,,False
20260213_mini-v2.0.0a0_claude-4-5-opus,gohugoio__hugo-12343,31,1.16797675,True,,False
20260213_mini-v2.0.0a0_claude-4-5-opus,gohugoio__hugo-12448,73,3.000379250000001,False,,False
20260213_mini-v2.0.0a0_claude-4-5-opus,gohugoio__hugo-12562,74,2.5006117500000005,True,,False
20260213_mini-v2.0.0a0_claude-4-5-opus,gohugoio__hugo-12579,17,0.31659774999999996,True,,False
20260213_mini-v2.0.0a0_claude-4-5-opus,gohugoio__hugo-12768,13,0.19908925,True,,False
20260213_mini-v2.0.0a0_claude-4-5-opus,google__gson-1014,32,0.8025952500000002,True,,False
20260213_mini-v2.0.0a0_claude-4-5-opus,google__gson-1093,18,0.3204402500000001,True,,False
20260213_mini-v2.0.0a0_claude-4-5-opus,google__gson-1100,24,0.50000075,False,,False
20260213_mini-v2.0.0a0_claude-4-5-opus,google__gson-2024,17,0.37406875000000006,True,,False
20260213_mini-v2.0.0a0_claude-4-5-opus,google__gson-2061,25,0.43501525,True,,False
20260213_mini-v2.0.0a0_claude-4-5-opus,google__gson-2134,20,0.41534150000000003,True,,False
20260213_mini-v2.0.0a0_claude-4-5-opus,google__gson-2158,59,1.5796024999999998,True,,False
20260213_mini-v2.0.0a0_claude-4-5-opus,google__gson-2311,25,0.49996175,True,,False
20260213_mini-v2.0.0a0_claude-4-5-opus,google__gson-2479,30,0.7994497499999998,True,,False
20260213_mini-v2.0.0a0_claude-4-5-opus,hashicorp__terraform-34580,20,0.28508500000000003,True,,False
20260213_mini-v2.0.0a0_claude-4-5-opus,hashicorp__terraform-34814,33,0.8610829999999999,True,,False
20260213_mini-v2.0.0a0_claude-4-5-opus,hashicorp__terraform-34900,49,2.265902,False,,False
20260213_mini-v2.0.0a0_claude-4-5-opus,hashicorp__terraform-35543,85,3.0179322499999985,False,,False
20260213_mini-v2.0.0a0_claude-4-5-opus,hashicorp__terraform-35611,54,1.70185175,True,,False
20260213_mini-v2.0.0a0_claude-4-5-opus,immutable-js__immutable-js-2005,51,1.5921005,True,,False
20260213_mini-v2.0.0a0_claude-4-5-opus,immutable-js__immutable-js-2006,22,0.5024565000000001,True,,False
20260213_mini-v2.0.0a0_claude-4-5-opus,javaparser__javaparser-4538,23,0.36793349999999997,True,,False
20260213_mini-v2.0.0a0_claude-4-5-opus,javaparser__javaparser-4561,42,0.9111722500000002,True,,False
20260213_mini-v2.0.0a0_claude-4-5-opus,jekyll__jekyll-8047,19,0.37594674999999994,True,,False
20260213_mini-v2.0.0a0_claude-4-5-opus,jekyll__jekyll-8167,21,0.43845175,True,,False
20260213_mini-v2.0.0a0_claude-4-5-opus,jekyll__jekyll-8761,24,0.5069999999999999,False,,False
20260213_mini-v2.0.0a0_claude-4-5-opus,jekyll__jekyll-8771,47,1.6599884999999996,False,,False
20260213_mini-v2.0.0a0_claude-4-5-opus,jekyll__jekyll-9141,27,0.5914247500000002,False,,False
20260213_mini-v2.0.0a0_claude-4-5-opus,jordansissel__fpm-1829,26,0.5583540000000001,False,,False
20260213_mini-v2.0.0a0_claude-4-5-opus,jordansissel__fpm-1850,23,0.43728550000000016,True,,False
20260213_mini-v2.0.0a0_claude-4-5-opus,jqlang__jq-2235,24,0.5732180000000001,False,,False
20260213_mini-v2.0.0a0_claude-4-5-opus,jqlang__jq-2598,18,0.30267049999999995,True,,False
20260213_mini-v2.0.0a0_claude-4-5-opus,jqlang__jq-2650,24,0.48521525000000004,False,,False
20260213_mini-v2.0.0a0_claude-4-5-opus,jqlang__jq-2658,19,0.3963392499999999,False,,False
20260213_mini-v2.0.0a0_claude-4-5-opus,jqlang__jq-2681,16,0.47382700000000005,True,,False
20260213_mini-v2.0.0a0_claude-4-5-opus,jqlang__jq-2728,15,0.36481125000000003,False,,False
20260213_mini-v2.0.0a0_claude-4-5-opus,jqlang__jq-2750,78,3.0333632500000007,False,,False
20260213_mini-v2.0.0a0_claude-4-5-opus,jqlang__jq-2839,46,1.351101,True,,False
20260213_mini-v2.0.0a0_claude-4-5-opus,jqlang__jq-2919,24,0.6186852500000001,True,,False
20260213_mini-v2.0.0a0_claude-4-5-opus,laravel__framework-46234,18,0.43089274999999994,False,,False
20260213_mini-v2.0.0a0_claude-4-5-opus,laravel__framework-48573,38,0.8844372500000001,False,,False
20260213_mini-v2.0.0a0_claude-4-5-opus,laravel__framework-48636,17,0.2961055,True,,False
20260213_mini-v2.0.0a0_claude-4-5-opus,laravel__framework-51195,50,2.0556092500000003,False,,False
20260213_mini-v2.0.0a0_claude-4-5-opus,laravel__framework-51890,38,0.7760964999999995,True,,False
20260213_mini-v2.0.0a0_claude-4-5-opus,laravel__framework-52451,25,0.64766425,True,,False
20260213_mini-v2.0.0a0_claude-4-5-opus,laravel__framework-52680,17,0.43563074999999996,True,,False
20260213_mini-v2.0.0a0_claude-4-5-opus,laravel__framework-52684,23,0.38644100000000003,True,,False
20260213_mini-v2.0.0a0_claude-4-5-opus,laravel__framework-52866,22,0.3979862500000001,True,,False
20260213_mini-v2.0.0a0_claude-4-5-opus,laravel__framework-53206,37,0.740677,True,,False
20260213_mini-v2.0.0a0_claude-4-5-opus,laravel__framework-53696,15,0.25546975,True,,False
20260213_mini-v2.0.0a0_claude-4-5-opus,laravel__framework-53914,46,0.8669950000000004,True,,False
20260213_mini-v2.0.0a0_claude-4-5-opus,laravel__framework-53949,18,0.3267155,True,,False
20260213_mini-v2.0.0a0_claude-4-5-opus,micropython__micropython-10095,52,1.1038694999999996,True,,False
20260213_mini-v2.0.0a0_claude-4-5-opus,micropython__micropython-12158,27,1.2032222500000005,False,,False
20260213_mini-v2.0.0a0_claude-4-5-opus,micropython__micropython-13039,21,0.34878275000000003,True,,False
20260213_mini-v2.0.0a0_claude-4-5-opus,micropython__micropython-13569,39,1.537243,True,,False
20260213_mini-v2.0.0a0_claude-4-5-opus,micropython__micropython-15898,16,0.3142005,True,,False
20260213_mini-v2.0.0a0_claude-4-5-opus,mrdoob__three.js-25687,21,0.44420500000000007,False,,False
20260213_mini-v2.0.0a0_claude-4-5-opus,mrdoob__three.js-26589,15,0.3934545,True,,False
20260213_mini-v2.0.0a0_claude-4-5-opus,mrdoob__three.js-27395,10,0.1248145,True,,False
20260213_mini-v2.0.0a0_claude-4-5-opus,nlohmann__json-4237,32,0.6613037500000001,True,,False
20260213_mini-v2.0.0a0_claude-4-5-opus,nushell__nushell-12901,38,0.9140122500000001,True,,False
20260213_mini-v2.0.0a0_claude-4-5-opus,nushell__nushell-12950,20,0.45240074999999996,True,,False
20260213_mini-v2.0.0a0_claude-4-5-opus,nushell__nushell-13246,20,0.32198175,True,,False
20260213_mini-v2.0.0a0_claude-4-5-opus,nushell__nushell-13605,37,0.6532752500000001,True,,False
20260213_mini-v2.0.0a0_claude-4-5-opus,nushell__nushell-13831,18,0.4038685,True,,False
20260213_mini-v2.0.0a0_claude-4-5-opus,php-cs-fixer__php-cs-fixer-7523,22,0.4739527499999999,True,,False
20260213_mini-v2.0.0a0_claude-4-5-opus,php-cs-fixer__php-cs-fixer-7635,39,0.9402329999999999,False,,False
20260213_mini-v2.0.0a0_claude-4-5-opus,php-cs-fixer__php-cs-fixer-7663,38,1.0792160000000002,False,,False
20260213_mini-v2.0.0a0_claude-4-5-opus,php-cs-fixer__php-cs-fixer-7875,38,0.9480940000000001,True,,False
20260213_mini-v2.0.0a0_claude-4-5-opus,php-cs-fixer__php-cs-fixer-7998,25,0.6544177500000001,False,,False
20260213_mini-v2.0.0a0_claude-4-5-opus,php-cs-fixer__php-cs-fixer-8064,17,0.39448675,True,,False
20260213_mini-v2.0.0a0_claude-4-5-opus,php-cs-fixer__php-cs-fixer-8075,53,2.20011425,True,,False
20260213_mini-v2.0.0a0_claude-4-5-opus,php-cs-fixer__php-cs-fixer-8256,23,0.5116135,True,,False
20260213_mini-v2.0.0a0_claude-4-5-opus,php-cs-fixer__php-cs-fixer-8331,24,0.48437875,True,,False
20260213_mini-v2.0.0a0_claude-4-5-opus,php-cs-fixer__php-cs-fixer-8367,27,0.53160725,True,,False
20260213_mini-v2.0.0a0_claude-4-5-opus,phpoffice__phpspreadsheet-3463,17,0.2932637499999999,True,,False
20260213_mini-v2.0.0a0_claude-4-5-opus,phpoffice__phpspreadsheet-3469,38,0.8759705000000001,False,,False
20260213_mini-v2.0.0a0_claude-4-5-opus,phpoffice__phpspreadsheet-3570,16,0.32239325,False,,False
20260213_mini-v2.0.0a0_claude-4-5-opus,phpoffice__phpspreadsheet-3659,27,0.57089525,False,,False
20260213_mini-v2.0.0a0_claude-4-5-opus,phpoffice__phpspreadsheet-3903,19,0.42952775,True,,False
20260213_mini-v2.0.0a0_claude-4-5-opus,phpoffice__phpspreadsheet-3940,25,0.5828697499999999,True,,False
20260213_mini-v2.0.0a0_claude-4-5-opus,phpoffice__phpspreadsheet-4114,20,0.35513075,True,,False
20260213_mini-v2.0.0a0_claude-4-5-opus,phpoffice__phpspreadsheet-4186,10,0.17126425000000003,True,,False
20260213_mini-v2.0.0a0_claude-4-5-opus,phpoffice__phpspreadsheet-4214,36,1.11181775,True,,False
20260213_mini-v2.0.0a0_claude-4-5-opus,phpoffice__phpspreadsheet-4313,34,1.4900102499999996,True,,False
20260213_mini-v2.0.0a0_claude-4-5-opus,preactjs__preact-2757,26,0.976911,True,,False
20260213_mini-v2.0.0a0_claude-4-5-opus,preactjs__preact-2896,25,0.6071775,True,,False
20260213_mini-v2.0.0a0_claude-4-5-opus,preactjs__preact-2927,21,0.6409267500000001,True,,False
20260213_mini-v2.0.0a0_claude-4-5-opus,preactjs__preact-3010,24,0.52815125,True,,False
20260213_mini-v2.0.0a0_claude-4-5-opus,preactjs__preact-3062,19,0.3958677499999999,True,,False
20260213_mini-v2.0.0a0_claude-4-5-opus,preactjs__preact-3345,23,0.700939,False,,False
20260213_mini-v2.0.0a0_claude-4-5-opus,preactjs__preact-3454,14,0.22319975000000003,True,,False
20260213_mini-v2.0.0a0_claude-4-5-opus,preactjs__preact-3562,29,1.3708945,True,,False
20260213_mini-v2.0.0a0_claude-4-5-opus,preactjs__preact-3567,45,1.2947515,False,,False
20260213_mini-v2.0.0a0_claude-4-5-opus,preactjs__preact-3689,23,0.5136815,True,,False
20260213_mini-v2.0.0a0_claude-4-5-opus,preactjs__preact-3739,46,1.9808994999999998,True,,False
20260213_mini-v2.0.0a0_claude-4-5-opus,preactjs__preact-3763,30,0.7349667500000001,True,,False
20260213_mini-v2.0.0a0_claude-4-5-opus,preactjs__preact-4152,30,0.65722925,True,,False
20260213_mini-v2.0.0a0_claude-4-5-opus,preactjs__preact-4182,58,2.6645619999999997,True,,False
20260213_mini-v2.0.0a0_claude-4-5-opus,preactjs__preact-4245,33,1.00808425,True,,False
20260213_mini-v2.0.0a0_claude-4-5-opus,preactjs__preact-4316,18,0.49284225000000004,True,,False
20260213_mini-v2.0.0a0_claude-4-5-opus,preactjs__preact-4436,48,1.9260512500000002,True,,False
20260213_mini-v2.0.0a0_claude-4-5-opus,projectlombok__lombok-2792,68,3.0440275,False,,False
20260213_mini-v2.0.0a0_claude-4-5-opus,projectlombok__lombok-3009,28,0.6354855000000001,True,,False
20260213_mini-v2.0.0a0_claude-4-5-opus,projectlombok__lombok-3042,32,0.3979942499999999,True,,False
20260213_mini-v2.0.0a0_claude-4-5-opus,projectlombok__lombok-3052,79,3.005602000000001,False,,False
20260213_mini-v2.0.0a0_claude-4-5-opus,projectlombok__lombok-3215,43,1.1515944999999999,False,,False
20260213_mini-v2.0.0a0_claude-4-5-opus,projectlombok__lombok-3312,43,1.4642147499999998,True,,False
20260213_mini-v2.0.0a0_claude-4-5-opus,projectlombok__lombok-3326,91,3.006058499999999,False,,False
20260213_mini-v2.0.0a0_claude-4-5-opus,projectlombok__lombok-3350,28,0.7319282500000001,True,,False
20260213_mini-v2.0.0a0_claude-4-5-opus,projectlombok__lombok-3371,42,1.1969835000000002,True,,False
20260213_mini-v2.0.0a0_claude-4-5-opus,projectlombok__lombok-3422,22,0.5228170000000001,True,,False
20260213_mini-v2.0.0a0_claude-4-5-opus,projectlombok__lombok-3479,19,0.3625979999999999,True,,False
20260213_mini-v2.0.0a0_claude-4-5-opus,projectlombok__lombok-3486,40,0.8695737499999998,True,,False
20260213_mini-v2.0.0a0_claude-4-5-opus,projectlombok__lombok-3571,38,1.00349025,True,,False
20260213_mini-v2.0.0a0_claude-4-5-opus,projectlombok__lombok-3594,44,1.0785980000000002,True,,False
20260213_mini-v2.0.0a0_claude-4-5-opus,projectlombok__lombok-3602,29,0.8154555000000001,True,,False
20260213_mini-v2.0.0a0_claude-4-5-opus,projectlombok__lombok-3674,58,2.226356499999999,True,,False
20260213_mini-v2.0.0a0_claude-4-5-opus,projectlombok__lombok-3697,25,0.554756,True,,False
20260213_mini-v2.0.0a0_claude-4-5-opus,prometheus__prometheus-10633,15,0.29780975,False,,False
20260213_mini-v2.0.0a0_claude-4-5-opus,prometheus__prometheus-10720,47,0.6517075000000001,True,,False
20260213_mini-v2.0.0a0_claude-4-5-opus,prometheus__prometheus-11859,43,1.28857575,False,,False
20260213_mini-v2.0.0a0_claude-4-5-opus,prometheus__prometheus-12874,17,0.4157397499999999,True,,False
20260213_mini-v2.0.0a0_claude-4-5-opus,prometheus__prometheus-13845,26,0.74619425,True,,False
20260213_mini-v2.0.0a0_claude-4-5-opus,prometheus__prometheus-14861,22,0.3776765000000001,False,,False
20260213_mini-v2.0.0a0_claude-4-5-opus,prometheus__prometheus-15142,34,0.8092037499999999,False,,False
20260213_mini-v2.0.0a0_claude-4-5-opus,prometheus__prometheus-9248,79,2.1500002499999997,True,,False
20260213_mini-v2.0.0a0_claude-4-5-opus,reactivex__rxjava-7597,30,0.887146,True,,False
20260213_mini-v2.0.0a0_claude-4-5-opus,redis__redis-10068,21,0.47924574999999997,True,,False
20260213_mini-v2.0.0a0_claude-4-5-opus,redis__redis-10095,19,0.28616,True,,False
20260213_mini-v2.0.0a0_claude-4-5-opus,redis__redis-10764,19,0.35915249999999993,True,,False
20260213_mini-v2.0.0a0_claude-4-5-opus,redis__redis-11279,17,0.28469175,False,,False
20260213_mini-v2.0.0a0_claude-4-5-opus,redis__redis-11510,24,0.5554375,True,,False
20260213_mini-v2.0.0a0_claude-4-5-opus,redis__redis-11631,32,1.1292355,True,,False
20260213_mini-v2.0.0a0_claude-4-5-opus,redis__redis-11734,24,0.650463,False,,False
20260213_mini-v2.0.0a0_claude-4-5-opus,redis__redis-12272,18,0.4086172500000001,False,,False
20260213_mini-v2.0.0a0_claude-4-5-opus,redis__redis-12472,23,0.57321925,True,,False
20260213_mini-v2.0.0a0_claude-4-5-opus,redis__redis-13115,27,0.9007785,False,,False
20260213_mini-v2.0.0a0_claude-4-5-opus,redis__redis-13338,33,1.0763447500000003,False,,False
20260213_mini-v2.0.0a0_claude-4-5-opus,redis__redis-9733,33,0.8082222500000003,True,,False
20260213_mini-v2.0.0a0_claude-4-5-opus,rubocop__rubocop-13362,22,0.35193624999999995,True,,False
20260213_mini-v2.0.0a0_claude-4-5-opus,rubocop__rubocop-13375,16,0.28029024999999996,True,,False
20260213_mini-v2.0.0a0_claude-4-5-opus,rubocop__rubocop-13393,43,1.00974075,False,,False
20260213_mini-v2.0.0a0_claude-4-5-opus,rubocop__rubocop-13396,30,0.7260150000000001,False,,False
20260213_mini-v2.0.0a0_claude-4-5-opus,rubocop__rubocop-13424,33,1.0165794999999997,True,,False
20260213_mini-v2.0.0a0_claude-4-5-opus,rubocop__rubocop-13431,21,0.33705875,False,,False
20260213_mini-v2.0.0a0_claude-4-5-opus,rubocop__rubocop-13479,30,0.6907890000000001,True,,False
20260213_mini-v2.0.0a0_claude-4-5-opus,rubocop__rubocop-13503,15,0.271058,True,,False
20260213_mini-v2.0.0a0_claude-4-5-opus,rubocop__rubocop-13560,20,0.40509925,False,,False
20260213_mini-v2.0.0a0_claude-4-5-opus,rubocop__rubocop-13579,22,0.30866725,False,,False
20260213_mini-v2.0.0a0_claude-4-5-opus,rubocop__rubocop-13627,31,0.7530672500000001,False,,False
20260213_mini-v2.0.0a0_claude-4-5-opus,rubocop__rubocop-13653,14,0.30691300000000005,True,,False
20260213_mini-v2.0.0a0_claude-4-5-opus,rubocop__rubocop-13668,22,0.5691015000000001,False,,False
20260213_mini-v2.0.0a0_claude-4-5-opus,rubocop__rubocop-13680,17,0.26471500000000003,True,,False
20260213_mini-v2.0.0a0_claude-4-5-opus,rubocop__rubocop-13687,28,0.57280025,True,,False
20260213_mini-v2.0.0a0_claude-4-5-opus,rubocop__rubocop-13705,19,0.34734775000000007,True,,False
20260213_mini-v2.0.0a0_claude-4-5-opus,sharkdp__bat-1892,60,1.8685749999999997,True,,False
20260213_mini-v2.0.0a0_claude-4-5-opus,sharkdp__bat-2201,27,0.8150305,True,,False
20260213_mini-v2.0.0a0_claude-4-5-opus,sharkdp__bat-2260,23,0.49086274999999996,False,,False
20260213_mini-v2.0.0a0_claude-4-5-opus,sharkdp__bat-2393,36,0.6345074999999999,True,,False
20260213_mini-v2.0.0a0_claude-4-5-opus,sharkdp__bat-2650,25,0.5122347500000001,True,,False
20260213_mini-v2.0.0a0_claude-4-5-opus,sharkdp__bat-2835,36,0.8539502500000001,True,,False
20260213_mini-v2.0.0a0_claude-4-5-opus,sharkdp__bat-3108,33,0.7877322499999999,True,,False
20260213_mini-v2.0.0a0_claude-4-5-opus,sharkdp__bat-562,60,1.65834975,True,,False
20260213_mini-v2.0.0a0_claude-4-5-opus,tokio-rs__axum-1119,28,0.55950725,True,,False
20260213_mini-v2.0.0a0_claude-4-5-opus,tokio-rs__axum-1730,59,2.8536085,False,,False
20260213_mini-v2.0.0a0_claude-4-5-opus,tokio-rs__axum-1934,22,0.7320954999999999,True,,False
20260213_mini-v2.0.0a0_claude-4-5-opus,tokio-rs__axum-2096,47,1.253447,False,,False
20260213_mini-v2.0.0a0_claude-4-5-opus,tokio-rs__axum-682,17,0.3222755,True,,False
20260213_mini-v2.0.0a0_claude-4-5-opus,tokio-rs__axum-691,26,0.61154825,True,,False
20260213_mini-v2.0.0a0_claude-4-5-opus,tokio-rs__axum-734,41,1.24139975,True,,False
20260213_mini-v2.0.0a0_claude-4-5-opus,tokio-rs__tokio-4384,38,0.9177637499999999,False,,False
20260213_mini-v2.0.0a0_claude-4-5-opus,tokio-rs__tokio-4867,33,0.9145405,True,,False
20260213_mini-v2.0.0a0_claude-4-5-opus,tokio-rs__tokio-4898,10,0.15011000000000002,True,,False
20260213_mini-v2.0.0a0_claude-4-5-opus,tokio-rs__tokio-6551,55,1.5085047499999997,True,,False
20260213_mini-v2.0.0a0_claude-4-5-opus,tokio-rs__tokio-6603,27,0.7014004999999998,True,,False
20260213_mini-v2.0.0a0_claude-4-5-opus,tokio-rs__tokio-6724,20,0.5589485000000001,True,,False
20260213_mini-v2.0.0a0_claude-4-5-opus,tokio-rs__tokio-6752,27,0.6844022500000001,True,,False
20260213_mini-v2.0.0a0_claude-4-5-opus,tokio-rs__tokio-6838,11,0.23417600000000002,True,,False
20260213_mini-v2.0.0a0_claude-4-5-opus,tokio-rs__tokio-7139,18,0.29630599999999996,True,,False
20260213_mini-v2.0.0a0_claude-4-5-opus,uutils__coreutils-6377,36,1.002149,False,,False
20260213_mini-v2.0.0a0_claude-4-5-opus,uutils__coreutils-6575,37,0.7063152500000001,False,,False
20260213_mini-v2.0.0a0_claude-4-5-opus,uutils__coreutils-6682,28,0.823698,True,,False
20260213_mini-v2.0.0a0_claude-4-5-opus,uutils__coreutils-6690,27,0.4408655000000001,False,,False
20260213_mini-v2.0.0a0_claude-4-5-opus,uutils__coreutils-6731,24,0.35013599999999995,True,,False
20260213_mini-v2.0.0a0_claude-4-5-opus,valkey-io__valkey-1499,24,0.53856775,True,,False
20260213_mini-v2.0.0a0_claude-4-5-opus,valkey-io__valkey-1842,44,1.1148372500000003,True,,False
20260213_mini-v2.0.0a0_claude-4-5-opus,valkey-io__valkey-790,35,0.7508942500000001,True,,False
20260213_mini-v2.0.0a0_claude-4-5-opus,valkey-io__valkey-928,50,2.3232795,True,,False
20260213_mini-v2.0.0a0_claude-4-5-opus,vuejs__core-11589,57,1.8670112499999996,True,,False
20260213_mini-v2.0.0a0_claude-4-5-opus,vuejs__core-11739,67,3.0486089999999995,False,,False
20260213_mini-v2.0.0a0_claude-4-5-opus,vuejs__core-11870,21,0.62233575,True,,False
20260213_mini-v2.0.0a0_claude-4-5-opus,vuejs__core-11899,27,0.7894662500000001,False,,False
20260213_mini-v2.0.0a0_claude-4-5-opus,vuejs__core-11915,31,0.80601325,True,,False
20260213_mini-v2.0.0a0_claude-4-5-sonnet,apache__druid-13704,35,0.37642680000000006,True,,False
20260213_mini-v2.0.0a0_claude-4-5-sonnet,apache__druid-14092,31,0.6072849000000001,False,,False
20260213_mini-v2.0.0a0_claude-4-5-sonnet,apache__druid-14136,51,0.6704981999999999,True,,False
20260213_mini-v2.0.0a0_claude-4-5-sonnet,apache__druid-15402,37,0.6537629999999999,True,,False
20260213_mini-v2.0.0a0_claude-4-5-sonnet,apache__druid-16875,37,0.5782984500000001,True,,False
20260213_mini-v2.0.0a0_claude-4-5-sonnet,apache__lucene-11760,43,0.6296315999999998,True,,False
20260213_mini-v2.0.0a0_claude-4-5-sonnet,apache__lucene-12022,43,0.6983674500000002,False,,False
20260213_mini-v2.0.0a0_claude-4-5-sonnet,apache__lucene-12196,42,0.49610564999999995,True,,False
20260213_mini-v2.0.0a0_claude-4-5-sonnet,apache__lucene-12212,29,0.3064017,True,,False
20260213_mini-v2.0.0a0_claude-4-5-sonnet,apache__lucene-12626,27,0.19069904999999998,True,,False
20260213_mini-v2.0.0a0_claude-4-5-sonnet,apache__lucene-13170,24,0.27524835000000003,False,,False
20260213_mini-v2.0.0a0_claude-4-5-sonnet,apache__lucene-13301,32,0.4031976,True,,False
20260213_mini-v2.0.0a0_claude-4-5-sonnet,apache__lucene-13494,48,0.5990602500000002,True,,False
20260213_mini-v2.0.0a0_claude-4-5-sonnet,apache__lucene-13704,47,0.7745197500000002,True,,False
20260213_mini-v2.0.0a0_claude-4-5-sonnet,astral-sh__ruff-15309,39,0.5164210499999999,False,,False
20260213_mini-v2.0.0a0_claude-4-5-sonnet,astral-sh__ruff-15330,34,0.8253253500000001,True,,False
20260213_mini-v2.0.0a0_claude-4-5-sonnet,astral-sh__ruff-15356,41,0.651594,False,,False
20260213_mini-v2.0.0a0_claude-4-5-sonnet,astral-sh__ruff-15394,33,0.44274585000000005,False,,False
20260213_mini-v2.0.0a0_claude-4-5-sonnet,astral-sh__ruff-15443,14,0.1295148,True,,False
20260213_mini-v2.0.0a0_claude-4-5-sonnet,astral-sh__ruff-15543,19,0.23197005,True,,False
20260213_mini-v2.0.0a0_claude-4-5-sonnet,astral-sh__ruff-15626,39,0.5315283,True,,False
20260213_mini-v2.0.0a0_claude-4-5-sonnet,axios__axios-4731,42,0.51512475,True,,False
20260213_mini-v2.0.0a0_claude-4-5-sonnet,axios__axios-4738,22,0.32066459999999997,True,,False
20260213_mini-v2.0.0a0_claude-4-5-sonnet,axios__axios-5085,39,0.5580420000000001,True,,False
20260213_mini-v2.0.0a0_claude-4-5-sonnet,axios__axios-5316,38,0.4832014500000002,False,,False
20260213_mini-v2.0.0a0_claude-4-5-sonnet,axios__axios-5892,28,0.37435034999999994,True,,False
20260213_mini-v2.0.0a0_claude-4-5-sonnet,axios__axios-6539,36,0.5280822,False,,False
20260213_mini-v2.0.0a0_claude-4-5-sonnet,babel__babel-13928,47,0.6603539999999999,True,,False
20260213_mini-v2.0.0a0_claude-4-5-sonnet,babel__babel-14532,71,1.0689747000000003,True,,False
20260213_mini-v2.0.0a0_claude-4-5-sonnet,babel__babel-15445,25,0.3668505,True,,False
20260213_mini-v2.0.0a0_claude-4-5-sonnet,babel__babel-15649,64,1.1276899499999997,False,,False
20260213_mini-v2.0.0a0_claude-4-5-sonnet,babel__babel-16130,45,0.69114795,False,,False
20260213_mini-v2.0.0a0_claude-4-5-sonnet,briannesbitt__carbon-2665,46,0.8352034500000002,True,,False
20260213_mini-v2.0.0a0_claude-4-5-sonnet,briannesbitt__carbon-2752,30,0.43242675,True,,False
20260213_mini-v2.0.0a0_claude-4-5-sonnet,briannesbitt__carbon-2762,93,1.7848053000000006,True,,False
20260213_mini-v2.0.0a0_claude-4-5-sonnet,briannesbitt__carbon-2813,38,0.7263603,True,,False
20260213_mini-v2.0.0a0_claude-4-5-sonnet,briannesbitt__carbon-2981,67,0.8284432500000001,True,,False
20260213_mini-v2.0.0a0_claude-4-5-sonnet,briannesbitt__carbon-3005,71,1.3956129000000002,True,,False
20260213_mini-v2.0.0a0_claude-4-5-sonnet,briannesbitt__carbon-3041,56,0.9360442499999999,False,,False
20260213_mini-v2.0.0a0_claude-4-5-sonnet,briannesbitt__carbon-3073,47,0.5972383499999999,True,,False
20260213_mini-v2.0.0a0_claude-4-5-sonnet,briannesbitt__carbon-3098,26,0.30932879999999996,True,,False
20260213_mini-v2.0.0a0_claude-4-5-sonnet,briannesbitt__carbon-3103,22,0.23688210000000004,True,,False
20260213_mini-v2.0.0a0_claude-4-5-sonnet,burntsushi__ripgrep-2209,84,1.5158624999999994,True,,False
20260213_mini-v2.0.0a0_claude-4-5-sonnet,burntsushi__ripgrep-2576,84,1.9358236500000001,True,,False
20260213_mini-v2.0.0a0_claude-4-5-sonnet,caddyserver__caddy-4774,65,0.8474109,True,,False
20260213_mini-v2.0.0a0_claude-4-5-sonnet,caddyserver__caddy-4943,60,1.1262350999999997,False,,False
20260213_mini-v2.0.0a0_claude-4-5-sonnet,caddyserver__caddy-5404,25,0.46843304999999996,False,,False
20260213_mini-v2.0.0a0_claude-4-5-sonnet,caddyserver__caddy-5626,65,1.7162740500000004,True,,False
20260213_mini-v2.0.0a0_claude-4-5-sonnet,caddyserver__caddy-5761,57,0.9219744000000003,False,,False
20260213_mini-v2.0.0a0_claude-4-5-sonnet,caddyserver__caddy-5870,55,0.7402414500000001,True,,False
20260213_mini-v2.0.0a0_claude-4-5-sonnet,caddyserver__caddy-5995,78,1.9251972,True,,False
20260213_mini-v2.0.0a0_claude-4-5-sonnet,caddyserver__caddy-6051,48,0.5751331500000001,False,,False
20260213_mini-v2.0.0a0_claude-4-5-sonnet,caddyserver__caddy-6115,27,0.38718944999999994,False,,False
20260213_mini-v2.0.0a0_claude-4-5-sonnet,caddyserver__caddy-6288,76,1.4270500500000005,True,,False
20260213_mini-v2.0.0a0_claude-4-5-sonnet,caddyserver__caddy-6345,49,0.6194487000000002,True,,False
20260213_mini-v2.0.0a0_claude-4-5-sonnet,caddyserver__caddy-6350,37,0.6470211000000001,True,,False
20260213_mini-v2.0.0a0_claude-4-5-sonnet,caddyserver__caddy-6370,41,0.5253727499999999,True,,False
20260213_mini-v2.0.0a0_claude-4-5-sonnet,caddyserver__caddy-6411,24,0.33683415,False,,False
20260213_mini-v2.0.0a0_claude-4-5-sonnet,facebook__docusaurus-10130,25,0.42879269999999997,True,,False
20260213_mini-v2.0.0a0_claude-4-5-sonnet,facebook__docusaurus-10309,45,0.6116176499999999,True,,False
20260213_mini-v2.0.0a0_claude-4-5-sonnet,facebook__docusaurus-8927,42,0.7176081,False,,False
20260213_mini-v2.0.0a0_claude-4-5-sonnet,facebook__docusaurus-9183,40,0.5883957000000001,False,,False
20260213_mini-v2.0.0a0_claude-4-5-sonnet,facebook__docusaurus-9897,41,0.7716976500000001,True,,False
20260213_mini-v2.0.0a0_claude-4-5-sonnet,faker-ruby__faker-2705,42,0.6569230500000002,True,,False
20260213_mini-v2.0.0a0_claude-4-5-sonnet,faker-ruby__faker-2970,15,0.22122899999999995,True,,False
20260213_mini-v2.0.0a0_claude-4-5-sonnet,fastlane__fastlane-19207,31,0.9542029499999999,False,,False
20260213_mini-v2.0.0a0_claude-4-5-sonnet,fastlane__fastlane-19304,17,0.27163005,True,,False
20260213_mini-v2.0.0a0_claude-4-5-sonnet,fastlane__fastlane-19765,28,0.5242467000000001,True,,False
20260213_mini-v2.0.0a0_claude-4-5-sonnet,fastlane__fastlane-20642,35,0.6742042500000001,False,,False
20260213_mini-v2.0.0a0_claude-4-5-sonnet,fastlane__fastlane-20958,31,0.5301583500000001,True,,False
20260213_mini-v2.0.0a0_claude-4-5-sonnet,fastlane__fastlane-20975,54,0.9367915499999999,False,,False
20260213_mini-v2.0.0a0_claude-4-5-sonnet,fastlane__fastlane-21857,23,0.3825217500000001,True,,False
20260213_mini-v2.0.0a0_claude-4-5-sonnet,fluent__fluentd-3328,45,0.65751375,True,,False
20260213_mini-v2.0.0a0_claude-4-5-sonnet,fluent__fluentd-3466,62,1.01733975,False,,False
20260213_mini-v2.0.0a0_claude-4-5-sonnet,fluent__fluentd-3608,59,1.16698035,True,,False
20260213_mini-v2.0.0a0_claude-4-5-sonnet,fluent__fluentd-3616,36,0.52098915,True,,False
20260213_mini-v2.0.0a0_claude-4-5-sonnet,fluent__fluentd-3631,57,1.0738861499999999,True,,False
20260213_mini-v2.0.0a0_claude-4-5-sonnet,fluent__fluentd-3640,28,0.83165475,False,,False
20260213_mini-v2.0.0a0_claude-4-5-sonnet,fluent__fluentd-3641,28,0.35189385,False,,False
20260213_mini-v2.0.0a0_claude-4-5-sonnet,fluent__fluentd-3917,54,0.84170505,True,,False
20260213_mini-v2.0.0a0_claude-4-5-sonnet,fluent__fluentd-4030,44,0.64114605,True,,False
20260213_mini-v2.0.0a0_claude-4-5-sonnet,fluent__fluentd-4311,50,0.5756180999999999,True,,False
20260213_mini-v2.0.0a0_claude-4-5-sonnet,fluent__fluentd-4598,21,0.21202964999999996,True,,False
20260213_mini-v2.0.0a0_claude-4-5-sonnet,fluent__fluentd-4655,41,0.47518214999999997,True,,False
20260213_mini-v2.0.0a0_claude-4-5-sonnet,fmtlib__fmt-1683,54,0.83839065,False,,False
20260213_mini-v2.0.0a0_claude-4-5-sonnet,fmtlib__fmt-2310,35,0.3812766,False,,False
20260213_mini-v2.0.0a0_claude-4-5-sonnet,fmtlib__fmt-2317,22,0.21304079999999995,True,,False
20260213_mini-v2.0.0a0_claude-4-5-sonnet,fmtlib__fmt-2457,35,0.47246939999999993,True,,False
20260213_mini-v2.0.0a0_claude-4-5-sonnet,fmtlib__fmt-3158,99,1.9240507500000008,False,,False
20260213_mini-v2.0.0a0_claude-4-5-sonnet,fmtlib__fmt-3248,50,0.7824188999999999,True,,False
20260213_mini-v2.0.0a0_claude-4-5-sonnet,fmtlib__fmt-3272,30,0.53313135,True,,False
20260213_mini-v2.0.0a0_claude-4-5-sonnet,fmtlib__fmt-3729,39,0.59750175,True,,False
20260213_mini-v2.0.0a0_claude-4-5-sonnet,fmtlib__fmt-3750,32,0.43800900000000004,False,,False
20260213_mini-v2.0.0a0_claude-4-5-sonnet,fmtlib__fmt-3863,92,2.1820006500000013,True,,False
20260213_mini-v2.0.0a0_claude-4-5-sonnet,fmtlib__fmt-3901,21,0.2636256,True,,False
20260213_mini-v2.0.0a0_claude-4-5-sonnet,gin-gonic__gin-1805,38,0.6104523000000001,True,,False
20260213_mini-v2.0.0a0_claude-4-5-sonnet,gin-gonic__gin-1957,31,0.46162785000000006,False,,False
20260213_mini-v2.0.0a0_claude-4-5-sonnet,gin-gonic__gin-2121,45,0.4675363500000001,True,,False
20260213_mini-v2.0.0a0_claude-4-5-sonnet,gin-gonic__gin-2755,33,0.44164650000000005,False,,False
20260213_mini-v2.0.0a0_claude-4-5-sonnet,gin-gonic__gin-3227,25,0.37956464999999995,False,,False
20260213_mini-v2.0.0a0_claude-4-5-sonnet,gin-gonic__gin-3741,31,0.29411925,False,,False
20260213_mini-v2.0.0a0_claude-4-5-sonnet,gin-gonic__gin-3820,28,0.5885250000000001,False,,False
20260213_mini-v2.0.0a0_claude-4-5-sonnet,gin-gonic__gin-4003,39,0.33960285,True,,False
20260213_mini-v2.0.0a0_claude-4-5-sonnet,gohugoio__hugo-12171,41,0.7281350999999999,True,,False
20260213_mini-v2.0.0a0_claude-4-5-sonnet,gohugoio__hugo-12204,63,1.8474822000000002,True,,False
20260213_mini-v2.0.0a0_claude-4-5-sonnet,gohugoio__hugo-12343,55,1.0538345999999998,False,,False
20260213_mini-v2.0.0a0_claude-4-5-sonnet,gohugoio__hugo-12448,76,1.5195496500000003,False,,False
20260213_mini-v2.0.0a0_claude-4-5-sonnet,gohugoio__hugo-12562,68,1.2308644499999999,True,,False
20260213_mini-v2.0.0a0_claude-4-5-sonnet,gohugoio__hugo-12579,39,0.4595535000000001,True,,False
20260213_mini-v2.0.0a0_claude-4-5-sonnet,gohugoio__hugo-12768,27,0.33365219999999995,True,,False
20260213_mini-v2.0.0a0_claude-4-5-sonnet,google__gson-1014,40,0.45520514999999995,True,,False
20260213_mini-v2.0.0a0_claude-4-5-sonnet,google__gson-1093,45,0.4162135500000001,True,,False
20260213_mini-v2.0.0a0_claude-4-5-sonnet,google__gson-1100,33,0.4125138,False,,False
20260213_mini-v2.0.0a0_claude-4-5-sonnet,google__gson-2024,33,0.39257954999999983,True,,False
20260213_mini-v2.0.0a0_claude-4-5-sonnet,google__gson-2061,28,0.32131334999999994,True,,False
20260213_mini-v2.0.0a0_claude-4-5-sonnet,google__gson-2134,34,0.3897342,True,,False
20260213_mini-v2.0.0a0_claude-4-5-sonnet,google__gson-2158,41,0.6025338000000001,False,,False
20260213_mini-v2.0.0a0_claude-4-5-sonnet,google__gson-2311,56,1.0573063499999997,True,,False
20260213_mini-v2.0.0a0_claude-4-5-sonnet,google__gson-2479,46,0.8834599499999999,False,,False
20260213_mini-v2.0.0a0_claude-4-5-sonnet,hashicorp__terraform-34580,28,0.2689356,True,,False
20260213_mini-v2.0.0a0_claude-4-5-sonnet,hashicorp__terraform-34814,27,0.35485815,True,,False
20260213_mini-v2.0.0a0_claude-4-5-sonnet,hashicorp__terraform-34900,43,0.8765764499999996,False,,False
20260213_mini-v2.0.0a0_claude-4-5-sonnet,hashicorp__terraform-35543,87,2.2215275999999995,False,,False
20260213_mini-v2.0.0a0_claude-4-5-sonnet,hashicorp__terraform-35611,50,0.8543296500000002,False,,False
20260213_mini-v2.0.0a0_claude-4-5-sonnet,immutable-js__immutable-js-2005,66,1.3191349499999998,True,,False
20260213_mini-v2.0.0a0_claude-4-5-sonnet,immutable-js__immutable-js-2006,35,0.59511135,True,,False
20260213_mini-v2.0.0a0_claude-4-5-sonnet,javaparser__javaparser-4538,25,0.21893654999999995,True,,False
20260213_mini-v2.0.0a0_claude-4-5-sonnet,javaparser__javaparser-4561,25,0.3703893000000001,True,,False
20260213_mini-v2.0.0a0_claude-4-5-sonnet,jekyll__jekyll-8047,42,0.56892735,True,,False
20260213_mini-v2.0.0a0_claude-4-5-sonnet,jekyll__jekyll-8167,30,0.28833254999999997,True,,False
20260213_mini-v2.0.0a0_claude-4-5-sonnet,jekyll__jekyll-8761,39,0.5476239,False,,False
20260213_mini-v2.0.0a0_claude-4-5-sonnet,jekyll__jekyll-8771,61,1.1431147500000005,False,,False
20260213_mini-v2.0.0a0_claude-4-5-sonnet,jekyll__jekyll-9141,46,0.5462625,False,,False
20260213_mini-v2.0.0a0_claude-4-5-sonnet,jordansissel__fpm-1829,31,0.4560026999999999,False,,False
20260213_mini-v2.0.0a0_claude-4-5-sonnet,jordansissel__fpm-1850,24,0.23319885,True,,False
20260213_mini-v2.0.0a0_claude-4-5-sonnet,jqlang__jq-2235,31,0.4728861,False,,False
20260213_mini-v2.0.0a0_claude-4-5-sonnet,jqlang__jq-2598,85,0.9169516499999999,True,,False
20260213_mini-v2.0.0a0_claude-4-5-sonnet,jqlang__jq-2650,84,1.4923789500000004,False,,False
20260213_mini-v2.0.0a0_claude-4-5-sonnet,jqlang__jq-2658,27,0.34343235,True,,False
20260213_mini-v2.0.0a0_claude-4-5-sonnet,jqlang__jq-2681,38,0.6178795499999999,True,,False
20260213_mini-v2.0.0a0_claude-4-5-sonnet,jqlang__jq-2728,25,0.3283108500000001,False,,False
20260213_mini-v2.0.0a0_claude-4-5-sonnet,jqlang__jq-2750,114,2.6507592,False,,False
20260213_mini-v2.0.0a0_claude-4-5-sonnet,jqlang__jq-2839,27,0.37937160000000003,True,,False
20260213_mini-v2.0.0a0_claude-4-5-sonnet,jqlang__jq-2919,26,0.32971695000000006,True,,False
20260213_mini-v2.0.0a0_claude-4-5-sonnet,laravel__framework-46234,34,0.49715445,False,,False
20260213_mini-v2.0.0a0_claude-4-5-sonnet,laravel__framework-48573,29,0.40357994999999997,True,,False
20260213_mini-v2.0.0a0_claude-4-5-sonnet,laravel__framework-48636,40,0.42912674999999995,True,,False
20260213_mini-v2.0.0a0_claude-4-5-sonnet,laravel__framework-51195,80,1.6429863,True,,False
20260213_mini-v2.0.0a0_claude-4-5-sonnet,laravel__framework-51890,57,0.6308403,True,,False
20260213_mini-v2.0.0a0_claude-4-5-sonnet,laravel__framework-52451,47,0.7425758999999998,True,,False
20260213_mini-v2.0.0a0_claude-4-5-sonnet,laravel__framework-52680,39,0.4714102500000001,True,,False
20260213_mini-v2.0.0a0_claude-4-5-sonnet,laravel__framework-52684,27,0.24885434999999995,True,,False
20260213_mini-v2.0.0a0_claude-4-5-sonnet,laravel__framework-52866,42,0.45190515,True,,False
20260213_mini-v2.0.0a0_claude-4-5-sonnet,laravel__framework-53206,32,0.40631265000000005,True,,False
20260213_mini-v2.0.0a0_claude-4-5-sonnet,laravel__framework-53696,28,0.24751605,True,,False
20260213_mini-v2.0.0a0_claude-4-5-sonnet,laravel__framework-53914,80,1.0683709500000003,True,,False
20260213_mini-v2.0.0a0_claude-4-5-sonnet,laravel__framework-53949,18,0.14696640000000002,True,,False
20260213_mini-v2.0.0a0_claude-4-5-sonnet,micropython__micropython-10095,37,0.5826502499999999,True,,False
20260213_mini-v2.0.0a0_claude-4-5-sonnet,micropython__micropython-12158,34,0.5903089499999999,False,,False
20260213_mini-v2.0.0a0_claude-4-5-sonnet,micropython__micropython-13039,28,0.30291345,True,,False
20260213_mini-v2.0.0a0_claude-4-5-sonnet,micropython__micropython-13569,48,1.0278940500000002,True,,False
20260213_mini-v2.0.0a0_claude-4-5-sonnet,micropython__micropython-15898,31,0.3802606500000001,True,,False
20260213_mini-v2.0.0a0_claude-4-5-sonnet,mrdoob__three.js-25687,25,0.42211859999999995,False,,False
20260213_mini-v2.0.0a0_claude-4-5-sonnet,mrdoob__three.js-26589,29,0.4445829,True,,False
20260213_mini-v2.0.0a0_claude-4-5-sonnet,mrdoob__three.js-27395,16,0.17831579999999997,True,,False
20260213_mini-v2.0.0a0_claude-4-5-sonnet,nlohmann__json-4237,50,0.6141703500000001,True,,False
20260213_mini-v2.0.0a0_claude-4-5-sonnet,nushell__nushell-12901,47,0.6613369499999999,True,,False
20260213_mini-v2.0.0a0_claude-4-5-sonnet,nushell__nushell-12950,38,0.4622167500000001,True,,False
20260213_mini-v2.0.0a0_claude-4-5-sonnet,nushell__nushell-13246,23,0.25094250000000007,True,,False
20260213_mini-v2.0.0a0_claude-4-5-sonnet,nushell__nushell-13605,54,0.7173606,True,,False
20260213_mini-v2.0.0a0_claude-4-5-sonnet,nushell__nushell-13831,29,0.36435719999999994,True,,False
20260213_mini-v2.0.0a0_claude-4-5-sonnet,php-cs-fixer__php-cs-fixer-7523,33,0.45053760000000004,True,,False
20260213_mini-v2.0.0a0_claude-4-5-sonnet,php-cs-fixer__php-cs-fixer-7635,69,1.4796112499999998,False,,False
20260213_mini-v2.0.0a0_claude-4-5-sonnet,php-cs-fixer__php-cs-fixer-7663,84,1.5633145500000003,False,,False
20260213_mini-v2.0.0a0_claude-4-5-sonnet,php-cs-fixer__php-cs-fixer-7875,50,0.9012875999999999,False,,False
20260213_mini-v2.0.0a0_claude-4-5-sonnet,php-cs-fixer__php-cs-fixer-7998,23,0.2878467,False,,False
20260213_mini-v2.0.0a0_claude-4-5-sonnet,php-cs-fixer__php-cs-fixer-8064,19,0.297075,True,,False
20260213_mini-v2.0.0a0_claude-4-5-sonnet,php-cs-fixer__php-cs-fixer-8075,65,0.93571095,False,,False
20260213_mini-v2.0.0a0_claude-4-5-sonnet,php-cs-fixer__php-cs-fixer-8256,47,0.7209428999999999,True,,False
20260213_mini-v2.0.0a0_claude-4-5-sonnet,php-cs-fixer__php-cs-fixer-8331,22,0.22663079999999997,True,,False
20260213_mini-v2.0.0a0_claude-4-5-sonnet,php-cs-fixer__php-cs-fixer-8367,31,0.37166655000000004,True,,False
20260213_mini-v2.0.0a0_claude-4-5-sonnet,phpoffice__phpspreadsheet-3463,27,0.47907795,True,,False
20260213_mini-v2.0.0a0_claude-4-5-sonnet,phpoffice__phpspreadsheet-3469,29,0.4113333000000001,False,,False
20260213_mini-v2.0.0a0_claude-4-5-sonnet,phpoffice__phpspreadsheet-3570,22,0.23776485,False,,False
20260213_mini-v2.0.0a0_claude-4-5-sonnet,phpoffice__phpspreadsheet-3659,41,0.51196905,False,,False
20260213_mini-v2.0.0a0_claude-4-5-sonnet,phpoffice__phpspreadsheet-3903,27,0.29615279999999994,True,,False
20260213_mini-v2.0.0a0_claude-4-5-sonnet,phpoffice__phpspreadsheet-3940,37,0.44460479999999997,True,,False
20260213_mini-v2.0.0a0_claude-4-5-sonnet,phpoffice__phpspreadsheet-4114,31,0.41295374999999995,False,,False
20260213_mini-v2.0.0a0_claude-4-5-sonnet,phpoffice__phpspreadsheet-4186,22,0.263211,True,,False
20260213_mini-v2.0.0a0_claude-4-5-sonnet,phpoffice__phpspreadsheet-4214,24,0.4771407,True,,False
20260213_mini-v2.0.0a0_claude-4-5-sonnet,phpoffice__phpspreadsheet-4313,26,0.5320188000000001,True,,False
20260213_mini-v2.0.0a0_claude-4-5-sonnet,preactjs__preact-2757,44,0.70841535,False,,False
20260213_mini-v2.0.0a0_claude-4-5-sonnet,preactjs__preact-2896,34,0.5397746999999999,True,,False
20260213_mini-v2.0.0a0_claude-4-5-sonnet,preactjs__preact-2927,43,0.5475378000000001,True,,False
20260213_mini-v2.0.0a0_claude-4-5-sonnet,preactjs__preact-3010,30,0.37552814999999995,True,,False
20260213_mini-v2.0.0a0_claude-4-5-sonnet,preactjs__preact-3062,44,0.69468135,True,,False
20260213_mini-v2.0.0a0_claude-4-5-sonnet,preactjs__preact-3345,31,0.49102709999999994,False,,False
20260213_mini-v2.0.0a0_claude-4-5-sonnet,preactjs__preact-3454,33,0.41185170000000004,True,,False
20260213_mini-v2.0.0a0_claude-4-5-sonnet,preactjs__preact-3562,43,0.7918282500000001,False,,False
20260213_mini-v2.0.0a0_claude-4-5-sonnet,preactjs__preact-3567,32,0.6163477499999999,False,,False
20260213_mini-v2.0.0a0_claude-4-5-sonnet,preactjs__preact-3689,39,0.4966116,True,,False
20260213_mini-v2.0.0a0_claude-4-5-sonnet,preactjs__preact-3739,36,0.7245216,False,,False
20260213_mini-v2.0.0a0_claude-4-5-sonnet,preactjs__preact-3763,50,0.7506118500000001,True,,False
20260213_mini-v2.0.0a0_claude-4-5-sonnet,preactjs__preact-4152,34,0.6025112999999999,True,,False
20260213_mini-v2.0.0a0_claude-4-5-sonnet,preactjs__preact-4182,38,0.9803659500000003,True,,False
20260213_mini-v2.0.0a0_claude-4-5-sonnet,preactjs__preact-4245,50,0.9987131999999996,True,,False
20260213_mini-v2.0.0a0_claude-4-5-sonnet,preactjs__preact-4316,36,0.44459685000000004,True,,False
20260213_mini-v2.0.0a0_claude-4-5-sonnet,preactjs__preact-4436,50,0.91699845,False,,False
20260213_mini-v2.0.0a0_claude-4-5-sonnet,projectlombok__lombok-2792,68,1.7374889999999998,False,,False
20260213_mini-v2.0.0a0_claude-4-5-sonnet,projectlombok__lombok-3009,40,0.51896685,True,,False
20260213_mini-v2.0.0a0_claude-4-5-sonnet,projectlombok__lombok-3042,43,0.4133340000000001,True,,False
20260213_mini-v2.0.0a0_claude-4-5-sonnet,projectlombok__lombok-3052,113,2.199115800000001,False,,False
20260213_mini-v2.0.0a0_claude-4-5-sonnet,projectlombok__lombok-3215,55,1.12048485,False,,False
20260213_mini-v2.0.0a0_claude-4-5-sonnet,projectlombok__lombok-3312,40,0.5566390499999999,True,,False
20260213_mini-v2.0.0a0_claude-4-5-sonnet,projectlombok__lombok-3326,59,1.0795907999999999,True,,False
20260213_mini-v2.0.0a0_claude-4-5-sonnet,projectlombok__lombok-3350,47,0.8937111000000002,True,,False
20260213_mini-v2.0.0a0_claude-4-5-sonnet,projectlombok__lombok-3371,48,0.6741328500000001,True,,False
20260213_mini-v2.0.0a0_claude-4-5-sonnet,projectlombok__lombok-3422,24,0.30441465000000006,True,,False
20260213_mini-v2.0.0a0_claude-4-5-sonnet,projectlombok__lombok-3479,31,0.41876159999999996,True,,False
20260213_mini-v2.0.0a0_claude-4-5-sonnet,projectlombok__lombok-3486,61,0.8957889,False,,False
20260213_mini-v2.0.0a0_claude-4-5-sonnet,projectlombok__lombok-3571,64,1.0035576,True,,False
20260213_mini-v2.0.0a0_claude-4-5-sonnet,projectlombok__lombok-3594,69,1.0986040499999996,True,,False
20260213_mini-v2.0.0a0_claude-4-5-sonnet,projectlombok__lombok-3602,29,0.437028,True,,False
20260213_mini-v2.0.0a0_claude-4-5-sonnet,projectlombok__lombok-3674,38,1.2629946000000003,False,,False
20260213_mini-v2.0.0a0_claude-4-5-sonnet,projectlombok__lombok-3697,48,0.7517544,True,,False
20260213_mini-v2.0.0a0_claude-4-5-sonnet,prometheus__prometheus-10633,28,0.3920617500000001,False,,False
20260213_mini-v2.0.0a0_claude-4-5-sonnet,prometheus__prometheus-10720,36,0.4271823,True,,False
20260213_mini-v2.0.0a0_claude-4-5-sonnet,prometheus__prometheus-11859,62,1.2484336500000004,False,,False
20260213_mini-v2.0.0a0_claude-4-5-sonnet,prometheus__prometheus-12874,26,0.3148578,True,,False
20260213_mini-v2.0.0a0_claude-4-5-sonnet,prometheus__prometheus-13845,39,0.5599976999999999,True,,False
20260213_mini-v2.0.0a0_claude-4-5-sonnet,prometheus__prometheus-14861,45,0.45243600000000006,False,,False
20260213_mini-v2.0.0a0_claude-4-5-sonnet,prometheus__prometheus-15142,63,1.0601697,True,,False
20260213_mini-v2.0.0a0_claude-4-5-sonnet,prometheus__prometheus-9248,74,1.1601975,True,,False
20260213_mini-v2.0.0a0_claude-4-5-sonnet,reactivex__rxjava-7597,62,0.9957010500000001,True,,False
20260213_mini-v2.0.0a0_claude-4-5-sonnet,redis__redis-10068,52,0.8875527,True,,False
20260213_mini-v2.0.0a0_claude-4-5-sonnet,redis__redis-10095,25,0.3467352000000001,True,,False
20260213_mini-v2.0.0a0_claude-4-5-sonnet,redis__redis-10764,44,0.5965845000000001,True,,False
20260213_mini-v2.0.0a0_claude-4-5-sonnet,redis__redis-11279,43,0.50772585,False,,False
20260213_mini-v2.0.0a0_claude-4-5-sonnet,redis__redis-11510,23,0.30262334999999996,True,,False
20260213_mini-v2.0.0a0_claude-4-5-sonnet,redis__redis-11631,34,0.66380205,True,,False
20260213_mini-v2.0.0a0_claude-4-5-sonnet,redis__redis-11734,33,0.5412284999999999,True,,False
20260213_mini-v2.0.0a0_claude-4-5-sonnet,redis__redis-12272,20,0.29000309999999996,False,,False
20260213_mini-v2.0.0a0_claude-4-5-sonnet,redis__redis-12472,40,0.6278446500000001,True,,False
20260213_mini-v2.0.0a0_claude-4-5-sonnet,redis__redis-13115,25,0.33916694999999997,True,,False
20260213_mini-v2.0.0a0_claude-4-5-sonnet,redis__redis-13338,55,1.4214872999999997,False,,False
20260213_mini-v2.0.0a0_claude-4-5-sonnet,redis__redis-9733,44,0.5950304999999999,True,,False
20260213_mini-v2.0.0a0_claude-4-5-sonnet,rubocop__rubocop-13362,36,0.34569315,True,,False
20260213_mini-v2.0.0a0_claude-4-5-sonnet,rubocop__rubocop-13375,42,0.46619415000000003,True,,False
20260213_mini-v2.0.0a0_claude-4-5-sonnet,rubocop__rubocop-13393,73,0.9822834000000001,False,,False
20260213_mini-v2.0.0a0_claude-4-5-sonnet,rubocop__rubocop-13396,62,0.9685206000000002,False,,False
20260213_mini-v2.0.0a0_claude-4-5-sonnet,rubocop__rubocop-13424,54,0.93532485,True,,False
20260213_mini-v2.0.0a0_claude-4-5-sonnet,rubocop__rubocop-13431,32,0.28083945,False,,False
20260213_mini-v2.0.0a0_claude-4-5-sonnet,rubocop__rubocop-13479,20,0.24760544999999998,True,,False
20260213_mini-v2.0.0a0_claude-4-5-sonnet,rubocop__rubocop-13503,29,0.2527524,True,,False
20260213_mini-v2.0.0a0_claude-4-5-sonnet,rubocop__rubocop-13560,28,0.28781895,False,,False
20260213_mini-v2.0.0a0_claude-4-5-sonnet,rubocop__rubocop-13579,40,0.4504791,False,,False
20260213_mini-v2.0.0a0_claude-4-5-sonnet,rubocop__rubocop-13627,51,0.7730085000000001,True,,False
20260213_mini-v2.0.0a0_claude-4-5-sonnet,rubocop__rubocop-13653,23,0.4027330500000001,False,,False
20260213_mini-v2.0.0a0_claude-4-5-sonnet,rubocop__rubocop-13668,66,1.04883045,True,,False
20260213_mini-v2.0.0a0_claude-4-5-sonnet,rubocop__rubocop-13680,47,0.50671155,True,,False
20260213_mini-v2.0.0a0_claude-4-5-sonnet,rubocop__rubocop-13687,35,0.5070012,False,,False
20260213_mini-v2.0.0a0_claude-4-5-sonnet,rubocop__rubocop-13705,28,0.2541495000000001,True,,False
20260213_mini-v2.0.0a0_claude-4-5-sonnet,sharkdp__bat-1892,46,0.8007697500000003,True,,False
20260213_mini-v2.0.0a0_claude-4-5-sonnet,sharkdp__bat-2201,39,0.5351082,True,,False
20260213_mini-v2.0.0a0_claude-4-5-sonnet,sharkdp__bat-2260,28,0.41796959999999983,True,,False
20260213_mini-v2.0.0a0_claude-4-5-sonnet,sharkdp__bat-2393,30,0.28333635,True,,False
20260213_mini-v2.0.0a0_claude-4-5-sonnet,sharkdp__bat-2650,35,0.3752949,False,,False
20260213_mini-v2.0.0a0_claude-4-5-sonnet,sharkdp__bat-2835,44,0.822726,False,,False
20260213_mini-v2.0.0a0_claude-4-5-sonnet,sharkdp__bat-3108,26,0.35280675,False,,False
20260213_mini-v2.0.0a0_claude-4-5-sonnet,sharkdp__bat-562,31,0.46913084999999993,True,,False
20260213_mini-v2.0.0a0_claude-4-5-sonnet,tokio-rs__axum-1119,41,0.53705595,True,,False
20260213_mini-v2.0.0a0_claude-4-5-sonnet,tokio-rs__axum-1730,102,2.2515240000000003,False,,False
20260213_mini-v2.0.0a0_claude-4-5-sonnet,tokio-rs__axum-1934,59,0.8737048500000002,True,,False
20260213_mini-v2.0.0a0_claude-4-5-sonnet,tokio-rs__axum-2096,46,0.7525890000000001,False,,False
20260213_mini-v2.0.0a0_claude-4-5-sonnet,tokio-rs__axum-682,25,0.21280185,True,,False
20260213_mini-v2.0.0a0_claude-4-5-sonnet,tokio-rs__axum-691,37,0.5255845500000002,True,,False
20260213_mini-v2.0.0a0_claude-4-5-sonnet,tokio-rs__axum-734,56,0.9306069,True,,False
20260213_mini-v2.0.0a0_claude-4-5-sonnet,tokio-rs__tokio-4384,54,0.65780055,False,,False
20260213_mini-v2.0.0a0_claude-4-5-sonnet,tokio-rs__tokio-4867,37,0.5942042999999999,True,,False
20260213_mini-v2.0.0a0_claude-4-5-sonnet,tokio-rs__tokio-4898,31,0.35752739999999994,True,,False
20260213_mini-v2.0.0a0_claude-4-5-sonnet,tokio-rs__tokio-6551,107,1.9482351,False,,False
20260213_mini-v2.0.0a0_claude-4-5-sonnet,tokio-rs__tokio-6603,57,0.7332792000000001,True,,False
20260213_mini-v2.0.0a0_claude-4-5-sonnet,tokio-rs__tokio-6724,53,0.6340543499999999,True,,False
20260213_mini-v2.0.0a0_claude-4-5-sonnet,tokio-rs__tokio-6752,32,0.42185265000000005,True,,False
20260213_mini-v2.0.0a0_claude-4-5-sonnet,tokio-rs__tokio-6838,29,0.4554418500000001,True,,False
20260213_mini-v2.0.0a0_claude-4-5-sonnet,tokio-rs__tokio-7139,33,0.4022748,True,,False
20260213_mini-v2.0.0a0_claude-4-5-sonnet,uutils__coreutils-6377,45,0.6882454499999998,False,,False
20260213_mini-v2.0.0a0_claude-4-5-sonnet,uutils__coreutils-6575,38,0.48057629999999996,False,,False
20260213_mini-v2.0.0a0_claude-4-5-sonnet,uutils__coreutils-6682,33,0.36451485,True,,False
20260213_mini-v2.0.0a0_claude-4-5-sonnet,uutils__coreutils-6690,28,0.32840355,False,,False
20260213_mini-v2.0.0a0_claude-4-5-sonnet,uutils__coreutils-6731,23,0.2388399,True,,False
20260213_mini-v2.0.0a0_claude-4-5-sonnet,valkey-io__valkey-1499,54,0.6122698500000001,True,,False
20260213_mini-v2.0.0a0_claude-4-5-sonnet,valkey-io__valkey-1842,58,0.8776465499999999,True,,False
20260213_mini-v2.0.0a0_claude-4-5-sonnet,valkey-io__valkey-790,43,0.6374430000000001,True,,False
20260213_mini-v2.0.0a0_claude-4-5-sonnet,valkey-io__valkey-928,75,1.1561835000000003,False,,False
20260213_mini-v2.0.0a0_claude-4-5-sonnet,vuejs__core-11589,37,0.7079446500000001,True,,False
20260213_mini-v2.0.0a0_claude-4-5-sonnet,vuejs__core-11739,81,1.5942302999999998,False,,False
20260213_mini-v2.0.0a0_claude-4-5-sonnet,vuejs__core-11870,39,0.6464397000000001,True,,False
20260213_mini-v2.0.0a0_claude-4-5-sonnet,vuejs__core-11899,59,0.7632132000000001,False,,False
20260213_mini-v2.0.0a0_claude-4-5-sonnet,vuejs__core-11915,31,0.40634114999999993,True,,False
20260213_mini-v2.0.0a0_claude-4-6-opus,apache__druid-13704,15,0.196789,True,,False
20260213_mini-v2.0.0a0_claude-4-6-opus,apache__druid-14092,19,0.41821749999999996,False,,False
20260213_mini-v2.0.0a0_claude-4-6-opus,apache__druid-14136,18,0.362908,False,,False
20260213_mini-v2.0.0a0_claude-4-6-opus,apache__druid-15402,18,0.278982,True,,False
20260213_mini-v2.0.0a0_claude-4-6-opus,apache__druid-16875,16,0.3640075,True,,False
20260213_mini-v2.0.0a0_claude-4-6-opus,apache__lucene-11760,21,0.24447575000000002,True,,False
20260213_mini-v2.0.0a0_claude-4-6-opus,apache__lucene-12022,54,1.3155220000000005,False,,False
20260213_mini-v2.0.0a0_claude-4-6-opus,apache__lucene-12196,15,0.20104650000000002,False,,False
20260213_mini-v2.0.0a0_claude-4-6-opus,apache__lucene-12212,12,0.1722445,True,,False
20260213_mini-v2.0.0a0_claude-4-6-opus,apache__lucene-12626,13,0.23466750000000003,True,,False
20260213_mini-v2.0.0a0_claude-4-6-opus,apache__lucene-13170,7,0.10055599999999999,True,,False
20260213_mini-v2.0.0a0_claude-4-6-opus,apache__lucene-13301,7,0.13284825000000003,True,,False
20260213_mini-v2.0.0a0_claude-4-6-opus,apache__lucene-13494,39,0.7254612499999998,True,,False
20260213_mini-v2.0.0a0_claude-4-6-opus,apache__lucene-13704,20,0.51878675,True,,False
20260213_mini-v2.0.0a0_claude-4-6-opus,astral-sh__ruff-15309,68,1.2537124999999998,True,,False
20260213_mini-v2.0.0a0_claude-4-6-opus,astral-sh__ruff-15330,47,1.1652999999999996,True,,False
20260213_mini-v2.0.0a0_claude-4-6-opus,astral-sh__ruff-15356,54,1.1535375,True,,False
20260213_mini-v2.0.0a0_claude-4-6-opus,astral-sh__ruff-15394,46,0.90777975,False,,False
20260213_mini-v2.0.0a0_claude-4-6-opus,astral-sh__ruff-15443,9,0.16998375,True,,False
20260213_mini-v2.0.0a0_claude-4-6-opus,astral-sh__ruff-15543,30,0.45764049999999995,True,,False
20260213_mini-v2.0.0a0_claude-4-6-opus,astral-sh__ruff-15626,25,0.3289865,True,,False
20260213_mini-v2.0.0a0_claude-4-6-opus,axios__axios-4731,16,0.19914024999999996,True,,False
20260213_mini-v2.0.0a0_claude-4-6-opus,axios__axios-4738,12,0.208482,True,,False
20260213_mini-v2.0.0a0_claude-4-6-opus,axios__axios-5085,13,0.19409175,True,,False
20260213_mini-v2.0.0a0_claude-4-6-opus,axios__axios-5316,75,1.6029747500000007,False,,False
20260213_mini-v2.0.0a0_claude-4-6-opus,axios__axios-5892,11,0.12596325,True,,False
20260213_mini-v2.0.0a0_claude-4-6-opus,axios__axios-6539,17,0.29826425000000006,True,,False
20260213_mini-v2.0.0a0_claude-4-6-opus,babel__babel-13928,41,0.60708425,True,,False
20260213_mini-v2.0.0a0_claude-4-6-opus,babel__babel-14532,108,2.6264285000000003,True,,False
20260213_mini-v2.0.0a0_claude-4-6-opus,babel__babel-15445,27,0.31322725000000007,True,,False
20260213_mini-v2.0.0a0_claude-4-6-opus,babel__babel-15649,46,1.4531697500000003,True,,False
20260213_mini-v2.0.0a0_claude-4-6-opus,babel__babel-16130,57,1.5256757499999998,True,,False
20260213_mini-v2.0.0a0_claude-4-6-opus,briannesbitt__carbon-2665,24,0.8230332500000002,True,,False
20260213_mini-v2.0.0a0_claude-4-6-opus,briannesbitt__carbon-2752,33,1.1393872500000004,True,,False
20260213_mini-v2.0.0a0_claude-4-6-opus,briannesbitt__carbon-2762,62,1.3888690000000001,True,,False
20260213_mini-v2.0.0a0_claude-4-6-opus,briannesbitt__carbon-2813,19,0.3531075000000001,False,,False
20260213_mini-v2.0.0a0_claude-4-6-opus,briannesbitt__carbon-2981,44,0.5747425,True,,False
20260213_mini-v2.0.0a0_claude-4-6-opus,briannesbitt__carbon-3005,75,1.7515949999999996,True,,False
20260213_mini-v2.0.0a0_claude-4-6-opus,briannesbitt__carbon-3041,43,0.8314159999999999,False,,False
20260213_mini-v2.0.0a0_claude-4-6-opus,briannesbitt__carbon-3073,34,0.5050995000000001,True,,False
20260213_mini-v2.0.0a0_claude-4-6-opus,briannesbitt__carbon-3098,18,0.23889725,True,,False
20260213_mini-v2.0.0a0_claude-4-6-opus,briannesbitt__carbon-3103,23,0.34747,True,,False
20260213_mini-v2.0.0a0_claude-4-6-opus,burntsushi__ripgrep-2209,71,1.5620950000000007,True,,False
20260213_mini-v2.0.0a0_claude-4-6-opus,burntsushi__ripgrep-2576,65,2.2383499999999996,True,,False
20260213_mini-v2.0.0a0_claude-4-6-opus,caddyserver__caddy-4774,22,0.25030050000000004,False,,False
20260213_mini-v2.0.0a0_claude-4-6-opus,caddyserver__caddy-4943,31,0.89475925,False,,False
20260213_mini-v2.0.0a0_claude-4-6-opus,caddyserver__caddy-5404,16,0.474238,False,,False
20260213_mini-v2.0.0a0_claude-4-6-opus,caddyserver__caddy-5626,48,0.9472207500000002,True,,False
20260213_mini-v2.0.0a0_claude-4-6-opus,caddyserver__caddy-5761,20,0.41895050000000006,False,,False
20260213_mini-v2.0.0a0_claude-4-6-opus,caddyserver__caddy-5870,25,0.36368849999999997,True,,False
20260213_mini-v2.0.0a0_claude-4-6-opus,caddyserver__caddy-5995,37,1.1855392500000004,True,,False
20260213_mini-v2.0.0a0_claude-4-6-opus,caddyserver__caddy-6051,19,0.27898125,False,,False
20260213_mini-v2.0.0a0_claude-4-6-opus,caddyserver__caddy-6115,10,0.12669975,False,,False
20260213_mini-v2.0.0a0_claude-4-6-opus,caddyserver__caddy-6288,68,1.4218100000000002,True,,False
20260213_mini-v2.0.0a0_claude-4-6-opus,caddyserver__caddy-6345,21,0.34711975,False,,False
20260213_mini-v2.0.0a0_claude-4-6-opus,caddyserver__caddy-6350,26,0.5396605,True,,False
20260213_mini-v2.0.0a0_claude-4-6-opus,caddyserver__caddy-6370,22,0.36230774999999993,True,,False
20260213_mini-v2.0.0a0_claude-4-6-opus,caddyserver__caddy-6411,14,0.17182424999999998,False,,False
20260213_mini-v2.0.0a0_claude-4-6-opus,facebook__docusaurus-10130,22,0.371286,True,,False
20260213_mini-v2.0.0a0_claude-4-6-opus,facebook__docusaurus-10309,25,0.6750187500000002,True,,False
20260213_mini-v2.0.0a0_claude-4-6-opus,facebook__docusaurus-8927,20,0.695547,False,,False
20260213_mini-v2.0.0a0_claude-4-6-opus,facebook__docusaurus-9183,32,0.46856975000000006,False,,False
20260213_mini-v2.0.0a0_claude-4-6-opus,facebook__docusaurus-9897,26,0.58494525,False,,False
20260213_mini-v2.0.0a0_claude-4-6-opus,faker-ruby__faker-2705,26,0.603499,True,,False
20260213_mini-v2.0.0a0_claude-4-6-opus,faker-ruby__faker-2970,20,0.26163050000000004,True,,False
20260213_mini-v2.0.0a0_claude-4-6-opus,fastlane__fastlane-19207,28,1.0485550000000001,False,,False
20260213_mini-v2.0.0a0_claude-4-6-opus,fastlane__fastlane-19304,4,0.08873725,False,,False
20260213_mini-v2.0.0a0_claude-4-6-opus,fastlane__fastlane-19765,9,0.11723925000000002,True,,False
20260213_mini-v2.0.0a0_claude-4-6-opus,fastlane__fastlane-20642,10,0.217426,False,,False
20260213_mini-v2.0.0a0_claude-4-6-opus,fastlane__fastlane-20958,9,0.205147,True,,False
20260213_mini-v2.0.0a0_claude-4-6-opus,fastlane__fastlane-20975,16,0.30703400000000003,True,,False
20260213_mini-v2.0.0a0_claude-4-6-opus,fastlane__fastlane-21857,9,0.15520575000000003,True,,False
20260213_mini-v2.0.0a0_claude-4-6-opus,fluent__fluentd-3328,14,0.13136625000000002,False,,False
20260213_mini-v2.0.0a0_claude-4-6-opus,fluent__fluentd-3466,52,2.22834725,False,,False
20260213_mini-v2.0.0a0_claude-4-6-opus,fluent__fluentd-3608,22,0.36242575000000005,True,,False
20260213_mini-v2.0.0a0_claude-4-6-opus,fluent__fluentd-3616,23,0.3191135,True,,False
20260213_mini-v2.0.0a0_claude-4-6-opus,fluent__fluentd-3631,21,0.58811075,True,,False
20260213_mini-v2.0.0a0_claude-4-6-opus,fluent__fluentd-3640,15,0.26814875000000005,True,,False
20260213_mini-v2.0.0a0_claude-4-6-opus,fluent__fluentd-3641,20,0.2807015,False,,False
20260213_mini-v2.0.0a0_claude-4-6-opus,fluent__fluentd-3917,36,0.49247625,True,,False
20260213_mini-v2.0.0a0_claude-4-6-opus,fluent__fluentd-4030,30,0.6549069999999999,True,,False
20260213_mini-v2.0.0a0_claude-4-6-opus,fluent__fluentd-4311,23,0.2740505,True,,False
20260213_mini-v2.0.0a0_claude-4-6-opus,fluent__fluentd-4598,7,0.136825,True,,False
20260213_mini-v2.0.0a0_claude-4-6-opus,fluent__fluentd-4655,27,0.26415774999999997,True,,False
20260213_mini-v2.0.0a0_claude-4-6-opus,fmtlib__fmt-1683,19,0.22997650000000003,False,,False
20260213_mini-v2.0.0a0_claude-4-6-opus,fmtlib__fmt-2310,42,0.5756379999999999,False,,False
20260213_mini-v2.0.0a0_claude-4-6-opus,fmtlib__fmt-2317,18,0.20342949999999999,True,,False
20260213_mini-v2.0.0a0_claude-4-6-opus,fmtlib__fmt-2457,38,1.0531755,True,,False
20260213_mini-v2.0.0a0_claude-4-6-opus,fmtlib__fmt-3158,56,2.926147250000001,False,,False
20260213_mini-v2.0.0a0_claude-4-6-opus,fmtlib__fmt-3248,27,0.35562950000000004,True,,False
20260213_mini-v2.0.0a0_claude-4-6-opus,fmtlib__fmt-3272,33,0.638211,True,,False
20260213_mini-v2.0.0a0_claude-4-6-opus,fmtlib__fmt-3729,18,0.64622475,True,,False
20260213_mini-v2.0.0a0_claude-4-6-opus,fmtlib__fmt-3750,33,0.4281540000000001,False,,False
20260213_mini-v2.0.0a0_claude-4-6-opus,fmtlib__fmt-3863,54,1.1264817499999997,False,,False
20260213_mini-v2.0.0a0_claude-4-6-opus,fmtlib__fmt-3901,17,0.24633850000000002,True,,False
20260213_mini-v2.0.0a0_claude-4-6-opus,gin-gonic__gin-1805,15,0.28245200000000004,True,,False
20260213_mini-v2.0.0a0_claude-4-6-opus,gin-gonic__gin-1957,20,0.26597149999999997,True,,False
20260213_mini-v2.0.0a0_claude-4-6-opus,gin-gonic__gin-2121,7,0.127305,True,,False
20260213_mini-v2.0.0a0_claude-4-6-opus,gin-gonic__gin-2755,27,0.29679725,False,,False
20260213_mini-v2.0.0a0_claude-4-6-opus,gin-gonic__gin-3227,46,0.8787915000000002,False,,False
20260213_mini-v2.0.0a0_claude-4-6-opus,gin-gonic__gin-3741,10,0.16327000000000003,True,,False
20260213_mini-v2.0.0a0_claude-4-6-opus,gin-gonic__gin-3820,16,0.25521525,False,,False
20260213_mini-v2.0.0a0_claude-4-6-opus,gin-gonic__gin-4003,7,0.130285,True,,False
20260213_mini-v2.0.0a0_claude-4-6-opus,gohugoio__hugo-12171,38,0.7219934999999997,True,,False
20260213_mini-v2.0.0a0_claude-4-6-opus,gohugoio__hugo-12204,99,3.0167632500000003,False,,False
20260213_mini-v2.0.0a0_claude-4-6-opus,gohugoio__hugo-12343,44,1.2038262499999997,True,,False
20260213_mini-v2.0.0a0_claude-4-6-opus,gohugoio__hugo-12448,109,3.0407162499999996,False,,False
20260213_mini-v2.0.0a0_claude-4-6-opus,gohugoio__hugo-12562,71,1.232221,True,,False
20260213_mini-v2.0.0a0_claude-4-6-opus,gohugoio__hugo-12579,12,0.1904175,True,,False
20260213_mini-v2.0.0a0_claude-4-6-opus,gohugoio__hugo-12768,12,0.20636375000000004,True,,False
20260213_mini-v2.0.0a0_claude-4-6-opus,google__gson-1014,19,0.23603875,False,,False
20260213_mini-v2.0.0a0_claude-4-6-opus,google__gson-1093,16,0.2554235,False,,False
20260213_mini-v2.0.0a0_claude-4-6-opus,google__gson-1100,14,0.19002824999999998,False,,False
20260213_mini-v2.0.0a0_claude-4-6-opus,google__gson-2024,11,0.1407865,False,,False
20260213_mini-v2.0.0a0_claude-4-6-opus,google__gson-2061,10,0.1736,False,,False
20260213_mini-v2.0.0a0_claude-4-6-opus,google__gson-2134,15,0.25413800000000003,True,,False
20260213_mini-v2.0.0a0_claude-4-6-opus,google__gson-2158,63,1.0462752499999999,True,,False
20260213_mini-v2.0.0a0_claude-4-6-opus,google__gson-2311,23,0.26653200000000005,True,,False
20260213_mini-v2.0.0a0_claude-4-6-opus,google__gson-2479,45,0.6538440000000001,True,,False
20260213_mini-v2.0.0a0_claude-4-6-opus,hashicorp__terraform-34580,20,0.21943674999999996,True,,False
20260213_mini-v2.0.0a0_claude-4-6-opus,hashicorp__terraform-34814,27,0.52787075,True,,False
20260213_mini-v2.0.0a0_claude-4-6-opus,hashicorp__terraform-34900,64,1.8693705000000003,False,,False
20260213_mini-v2.0.0a0_claude-4-6-opus,hashicorp__terraform-35543,123,2.9481590000000013,False,,False
20260213_mini-v2.0.0a0_claude-4-6-opus,hashicorp__terraform-35611,46,1.2246734999999997,True,,False
20260213_mini-v2.0.0a0_claude-4-6-opus,immutable-js__immutable-js-2005,25,0.5255794999999999,True,,False
20260213_mini-v2.0.0a0_claude-4-6-opus,immutable-js__immutable-js-2006,24,0.31516474999999994,True,,False
20260213_mini-v2.0.0a0_claude-4-6-opus,javaparser__javaparser-4538,29,0.34127975,True,,False
20260213_mini-v2.0.0a0_claude-4-6-opus,javaparser__javaparser-4561,21,0.25414175,True,,False
20260213_mini-v2.0.0a0_claude-4-6-opus,jekyll__jekyll-8047,21,0.3186675,True,,False
20260213_mini-v2.0.0a0_claude-4-6-opus,jekyll__jekyll-8167,28,0.3492534999999999,True,,False
20260213_mini-v2.0.0a0_claude-4-6-opus,jekyll__jekyll-8761,15,0.23345675,False,,False
20260213_mini-v2.0.0a0_claude-4-6-opus,jekyll__jekyll-8771,35,1.6753250000000002,False,,False
20260213_mini-v2.0.0a0_claude-4-6-opus,jekyll__jekyll-9141,32,0.35860825,False,,False
20260213_mini-v2.0.0a0_claude-4-6-opus,jordansissel__fpm-1829,19,0.3065584999999999,False,,False
20260213_mini-v2.0.0a0_claude-4-6-opus,jordansissel__fpm-1850,9,0.14783225000000003,True,,False
20260213_mini-v2.0.0a0_claude-4-6-opus,jqlang__jq-2235,24,0.46954825000000006,False,,False
20260213_mini-v2.0.0a0_claude-4-6-opus,jqlang__jq-2598,22,0.24598875000000003,True,,False
20260213_mini-v2.0.0a0_claude-4-6-opus,jqlang__jq-2650,101,2.179322499999999,True,,False
20260213_mini-v2.0.0a0_claude-4-6-opus,jqlang__jq-2658,25,0.35574199999999995,True,,False
20260213_mini-v2.0.0a0_claude-4-6-opus,jqlang__jq-2681,34,0.49890200000000007,True,,False
20260213_mini-v2.0.0a0_claude-4-6-opus,jqlang__jq-2728,15,0.21977275000000002,False,,False
20260213_mini-v2.0.0a0_claude-4-6-opus,jqlang__jq-2750,57,3.03011075,False,,False
20260213_mini-v2.0.0a0_claude-4-6-opus,jqlang__jq-2839,30,0.5745579999999999,True,,False
20260213_mini-v2.0.0a0_claude-4-6-opus,jqlang__jq-2919,27,0.30615899999999996,True,,False
20260213_mini-v2.0.0a0_claude-4-6-opus,laravel__framework-46234,12,0.19350350000000002,False,,False
20260213_mini-v2.0.0a0_claude-4-6-opus,laravel__framework-48573,41,0.8807220000000001,True,,False
20260213_mini-v2.0.0a0_claude-4-6-opus,laravel__framework-48636,23,0.2571215,True,,False
20260213_mini-v2.0.0a0_claude-4-6-opus,laravel__framework-51195,26,1.6893492500000005,False,,False
20260213_mini-v2.0.0a0_claude-4-6-opus,laravel__framework-51890,20,0.28345750000000003,True,,False
20260213_mini-v2.0.0a0_claude-4-6-opus,laravel__framework-52451,21,0.28213125,True,,False
20260213_mini-v2.0.0a0_claude-4-6-opus,laravel__framework-52680,8,0.13627075000000002,True,,False
20260213_mini-v2.0.0a0_claude-4-6-opus,laravel__framework-52684,11,0.161639,True,,False
20260213_mini-v2.0.0a0_claude-4-6-opus,laravel__framework-52866,13,0.18798700000000002,True,,False
20260213_mini-v2.0.0a0_claude-4-6-opus,laravel__framework-53206,28,0.49053800000000003,True,,False
20260213_mini-v2.0.0a0_claude-4-6-opus,laravel__framework-53696,8,0.16399999999999998,True,,False
20260213_mini-v2.0.0a0_claude-4-6-opus,laravel__framework-53914,23,0.33376425,True,,False
20260213_mini-v2.0.0a0_claude-4-6-opus,laravel__framework-53949,17,0.23879775000000003,True,,False
20260213_mini-v2.0.0a0_claude-4-6-opus,micropython__micropython-10095,35,0.60532325,True,,False
20260213_mini-v2.0.0a0_claude-4-6-opus,micropython__micropython-12158,37,0.8975317500000002,False,,False
20260213_mini-v2.0.0a0_claude-4-6-opus,micropython__micropython-13039,15,0.19563274999999997,True,,False
20260213_mini-v2.0.0a0_claude-4-6-opus,micropython__micropython-13569,57,1.38090025,True,,False
20260213_mini-v2.0.0a0_claude-4-6-opus,micropython__micropython-15898,15,0.31148050000000005,True,,False
20260213_mini-v2.0.0a0_claude-4-6-opus,mrdoob__three.js-25687,13,0.150793,True,,False
20260213_mini-v2.0.0a0_claude-4-6-opus,mrdoob__three.js-26589,13,0.16534675,True,,False
20260213_mini-v2.0.0a0_claude-4-6-opus,mrdoob__three.js-27395,6,0.08571000000000001,True,,False
20260213_mini-v2.0.0a0_claude-4-6-opus,nlohmann__json-4237,25,0.30974825000000006,True,,False
20260213_mini-v2.0.0a0_claude-4-6-opus,nushell__nushell-12901,37,0.5408775,True,,False
20260213_mini-v2.0.0a0_claude-4-6-opus,nushell__nushell-12950,16,0.27431425,True,,False
20260213_mini-v2.0.0a0_claude-4-6-opus,nushell__nushell-13246,14,0.16977775000000003,True,,False
20260213_mini-v2.0.0a0_claude-4-6-opus,nushell__nushell-13605,22,0.3086544999999999,True,,False
20260213_mini-v2.0.0a0_claude-4-6-opus,nushell__nushell-13831,13,0.2657015,True,,False
20260213_mini-v2.0.0a0_claude-4-6-opus,php-cs-fixer__php-cs-fixer-7523,20,0.29864174999999993,True,,False
20260213_mini-v2.0.0a0_claude-4-6-opus,php-cs-fixer__php-cs-fixer-7635,33,0.7515102500000002,False,,False
20260213_mini-v2.0.0a0_claude-4-6-opus,php-cs-fixer__php-cs-fixer-7663,60,2.779045499999999,False,,False
20260213_mini-v2.0.0a0_claude-4-6-opus,php-cs-fixer__php-cs-fixer-7875,40,1.0940692499999998,False,,False
20260213_mini-v2.0.0a0_claude-4-6-opus,php-cs-fixer__php-cs-fixer-7998,18,0.40301899999999996,False,,False
20260213_mini-v2.0.0a0_claude-4-6-opus,php-cs-fixer__php-cs-fixer-8064,19,0.36950825000000004,True,,False
20260213_mini-v2.0.0a0_claude-4-6-opus,php-cs-fixer__php-cs-fixer-8075,39,1.2668895,True,,False
20260213_mini-v2.0.0a0_claude-4-6-opus,php-cs-fixer__php-cs-fixer-8256,32,0.4754197500000001,True,,False
20260213_mini-v2.0.0a0_claude-4-6-opus,php-cs-fixer__php-cs-fixer-8331,23,0.31607125,True,,False
20260213_mini-v2.0.0a0_claude-4-6-opus,php-cs-fixer__php-cs-fixer-8367,18,0.32997575000000007,True,,False
20260213_mini-v2.0.0a0_claude-4-6-opus,phpoffice__phpspreadsheet-3463,10,0.18374675000000001,True,,False
20260213_mini-v2.0.0a0_claude-4-6-opus,phpoffice__phpspreadsheet-3469,28,0.37057025,False,,False
20260213_mini-v2.0.0a0_claude-4-6-opus,phpoffice__phpspreadsheet-3570,16,0.24666449999999998,True,,False
20260213_mini-v2.0.0a0_claude-4-6-opus,phpoffice__phpspreadsheet-3659,30,0.4272472499999999,False,,False
20260213_mini-v2.0.0a0_claude-4-6-opus,phpoffice__phpspreadsheet-3903,16,0.27187150000000004,True,,False
20260213_mini-v2.0.0a0_claude-4-6-opus,phpoffice__phpspreadsheet-3940,24,0.6283727500000001,True,,False
20260213_mini-v2.0.0a0_claude-4-6-opus,phpoffice__phpspreadsheet-4114,13,0.16127650000000002,True,,False
20260213_mini-v2.0.0a0_claude-4-6-opus,phpoffice__phpspreadsheet-4186,9,0.14149,True,,False
20260213_mini-v2.0.0a0_claude-4-6-opus,phpoffice__phpspreadsheet-4214,26,0.8200360000000001,True,,False
20260213_mini-v2.0.0a0_claude-4-6-opus,phpoffice__phpspreadsheet-4313,38,1.3017169999999998,True,,False
20260213_mini-v2.0.0a0_claude-4-6-opus,preactjs__preact-2757,10,0.39769924999999995,True,,False
20260213_mini-v2.0.0a0_claude-4-6-opus,preactjs__preact-2896,22,0.6443517500000001,True,,False
20260213_mini-v2.0.0a0_claude-4-6-opus,preactjs__preact-2927,63,2.06110975,False,,False
20260213_mini-v2.0.0a0_claude-4-6-opus,preactjs__preact-3010,17,0.22064350000000002,True,,False
20260213_mini-v2.0.0a0_claude-4-6-opus,preactjs__preact-3062,20,0.40869325,True,,False
20260213_mini-v2.0.0a0_claude-4-6-opus,preactjs__preact-3345,32,1.1831440000000002,True,,False
20260213_mini-v2.0.0a0_claude-4-6-opus,preactjs__preact-3454,8,0.13268000000000002,True,,False
20260213_mini-v2.0.0a0_claude-4-6-opus,preactjs__preact-3562,49,1.1190265000000001,True,,False
20260213_mini-v2.0.0a0_claude-4-6-opus,preactjs__preact-3567,19,0.8539995,True,,False
20260213_mini-v2.0.0a0_claude-4-6-opus,preactjs__preact-3689,18,0.23085849999999997,True,,False
20260213_mini-v2.0.0a0_claude-4-6-opus,preactjs__preact-3739,30,0.860481,True,,False
20260213_mini-v2.0.0a0_claude-4-6-opus,preactjs__preact-3763,19,0.32812350000000007,True,,False
20260213_mini-v2.0.0a0_claude-4-6-opus,preactjs__preact-4152,9,0.19677624999999999,True,,False
20260213_mini-v2.0.0a0_claude-4-6-opus,preactjs__preact-4182,34,2.875833,True,,False
20260213_mini-v2.0.0a0_claude-4-6-opus,preactjs__preact-4245,33,1.1406140000000002,True,,False
20260213_mini-v2.0.0a0_claude-4-6-opus,preactjs__preact-4316,44,1.3348855000000004,True,,False
20260213_mini-v2.0.0a0_claude-4-6-opus,preactjs__preact-4436,29,0.87821675,True,,False
20260213_mini-v2.0.0a0_claude-4-6-opus,projectlombok__lombok-2792,75,3.0116597500000006,False,,False
20260213_mini-v2.0.0a0_claude-4-6-opus,projectlombok__lombok-3009,36,0.6230952499999999,True,,False
20260213_mini-v2.0.0a0_claude-4-6-opus,projectlombok__lombok-3042,11,0.16333075000000002,True,,False
20260213_mini-v2.0.0a0_claude-4-6-opus,projectlombok__lombok-3052,95,2.5662,True,,False
20260213_mini-v2.0.0a0_claude-4-6-opus,projectlombok__lombok-3215,42,1.00689375,False,,False
20260213_mini-v2.0.0a0_claude-4-6-opus,projectlombok__lombok-3312,23,0.5698212500000001,True,,False
20260213_mini-v2.0.0a0_claude-4-6-opus,projectlombok__lombok-3326,79,3.0026234999999994,False,,False
20260213_mini-v2.0.0a0_claude-4-6-opus,projectlombok__lombok-3350,24,0.36785775,True,,False
20260213_mini-v2.0.0a0_claude-4-6-opus,projectlombok__lombok-3371,55,1.6350520000000002,True,,False
20260213_mini-v2.0.0a0_claude-4-6-opus,projectlombok__lombok-3422,24,0.3614745,True,,False
20260213_mini-v2.0.0a0_claude-4-6-opus,projectlombok__lombok-3479,18,0.24356950000000005,True,,False
20260213_mini-v2.0.0a0_claude-4-6-opus,projectlombok__lombok-3486,32,0.54078175,True,,False
20260213_mini-v2.0.0a0_claude-4-6-opus,projectlombok__lombok-3571,66,1.4103819999999996,True,,False
20260213_mini-v2.0.0a0_claude-4-6-opus,projectlombok__lombok-3594,45,0.7749297500000003,True,,False
20260213_mini-v2.0.0a0_claude-4-6-opus,projectlombok__lombok-3602,13,0.25819875000000003,True,,False
20260213_mini-v2.0.0a0_claude-4-6-opus,projectlombok__lombok-3674,44,1.0322745000000002,True,,False
20260213_mini-v2.0.0a0_claude-4-6-opus,projectlombok__lombok-3697,38,0.6662145000000002,True,,False
20260213_mini-v2.0.0a0_claude-4-6-opus,prometheus__prometheus-10633,11,0.14863250000000003,False,,False
20260213_mini-v2.0.0a0_claude-4-6-opus,prometheus__prometheus-10720,18,0.213049,True,,False
20260213_mini-v2.0.0a0_claude-4-6-opus,prometheus__prometheus-11859,51,1.4305445,False,,False
20260213_mini-v2.0.0a0_claude-4-6-opus,prometheus__prometheus-12874,12,0.187376,True,,False
20260213_mini-v2.0.0a0_claude-4-6-opus,prometheus__prometheus-13845,18,0.217214,True,,False
20260213_mini-v2.0.0a0_claude-4-6-opus,prometheus__prometheus-14861,9,0.12978275,True,,False
20260213_mini-v2.0.0a0_claude-4-6-opus,prometheus__prometheus-15142,25,0.38218874999999997,False,,False
20260213_mini-v2.0.0a0_claude-4-6-opus,prometheus__prometheus-9248,66,0.9556872500000001,False,,False
20260213_mini-v2.0.0a0_claude-4-6-opus,reactivex__rxjava-7597,43,1.2673942500000002,True,,False
20260213_mini-v2.0.0a0_claude-4-6-opus,redis__redis-10068,17,0.429283,True,,False
20260213_mini-v2.0.0a0_claude-4-6-opus,redis__redis-10095,16,0.20247400000000002,True,,False
20260213_mini-v2.0.0a0_claude-4-6-opus,redis__redis-10764,15,0.19832199999999994,True,,False
20260213_mini-v2.0.0a0_claude-4-6-opus,redis__redis-11279,18,0.22562874999999996,False,,False
20260213_mini-v2.0.0a0_claude-4-6-opus,redis__redis-11510,22,0.37218975,False,,False
20260213_mini-v2.0.0a0_claude-4-6-opus,redis__redis-11631,32,0.7762135,True,,False
20260213_mini-v2.0.0a0_claude-4-6-opus,redis__redis-11734,26,0.44098175000000006,False,,False
20260213_mini-v2.0.0a0_claude-4-6-opus,redis__redis-12272,17,0.2617475,True,,False
20260213_mini-v2.0.0a0_claude-4-6-opus,redis__redis-12472,25,0.47025475000000005,True,,False
20260213_mini-v2.0.0a0_claude-4-6-opus,redis__redis-13115,24,0.41896225000000004,True,,False
20260213_mini-v2.0.0a0_claude-4-6-opus,redis__redis-13338,52,2.60205975,False,,False
20260213_mini-v2.0.0a0_claude-4-6-opus,redis__redis-9733,53,0.990885,True,,False
20260213_mini-v2.0.0a0_claude-4-6-opus,rubocop__rubocop-13362,20,0.28554,True,,False
20260213_mini-v2.0.0a0_claude-4-6-opus,rubocop__rubocop-13375,17,0.23387825000000004,True,,False
20260213_mini-v2.0.0a0_claude-4-6-opus,rubocop__rubocop-13393,37,0.7858107500000001,False,,False
20260213_mini-v2.0.0a0_claude-4-6-opus,rubocop__rubocop-13396,45,1.0580755000000002,True,,False
20260213_mini-v2.0.0a0_claude-4-6-opus,rubocop__rubocop-13424,23,0.519397,True,,False
20260213_mini-v2.0.0a0_claude-4-6-opus,rubocop__rubocop-13431,18,0.26774099999999995,False,,False
20260213_mini-v2.0.0a0_claude-4-6-opus,rubocop__rubocop-13479,15,0.25621374999999996,True,,False
20260213_mini-v2.0.0a0_claude-4-6-opus,rubocop__rubocop-13503,11,0.18620775,True,,False
20260213_mini-v2.0.0a0_claude-4-6-opus,rubocop__rubocop-13560,13,0.19426049999999997,False,,False
20260213_mini-v2.0.0a0_claude-4-6-opus,rubocop__rubocop-13579,18,0.23755975000000007,False,,False
20260213_mini-v2.0.0a0_claude-4-6-opus,rubocop__rubocop-13627,18,0.6494179999999998,False,,False
20260213_mini-v2.0.0a0_claude-4-6-opus,rubocop__rubocop-13653,17,0.27380550000000003,True,,False
20260213_mini-v2.0.0a0_claude-4-6-opus,rubocop__rubocop-13668,39,2.2262322500000002,True,,False
20260213_mini-v2.0.0a0_claude-4-6-opus,rubocop__rubocop-13680,17,0.3129064999999999,True,,False
20260213_mini-v2.0.0a0_claude-4-6-opus,rubocop__rubocop-13687,51,1.7947265000000001,True,,False
20260213_mini-v2.0.0a0_claude-4-6-opus,rubocop__rubocop-13705,19,0.27639375,True,,False
20260213_mini-v2.0.0a0_claude-4-6-opus,sharkdp__bat-1892,48,1.2994955000000004,True,,False
20260213_mini-v2.0.0a0_claude-4-6-opus,sharkdp__bat-2201,30,1.07641075,True,,False
20260213_mini-v2.0.0a0_claude-4-6-opus,sharkdp__bat-2260,24,0.51241425,False,,False
20260213_mini-v2.0.0a0_claude-4-6-opus,sharkdp__bat-2393,16,0.19248425,True,,False
20260213_mini-v2.0.0a0_claude-4-6-opus,sharkdp__bat-2650,11,0.17537075,True,,False
20260213_mini-v2.0.0a0_claude-4-6-opus,sharkdp__bat-2835,35,0.8227782499999998,True,,False
20260213_mini-v2.0.0a0_claude-4-6-opus,sharkdp__bat-3108,28,0.4634332500000002,False,,False
20260213_mini-v2.0.0a0_claude-4-6-opus,sharkdp__bat-562,34,0.9042307499999997,True,,False
20260213_mini-v2.0.0a0_claude-4-6-opus,tokio-rs__axum-1119,58,0.8175279999999998,False,,False
20260213_mini-v2.0.0a0_claude-4-6-opus,tokio-rs__axum-1730,65,2.3671345000000006,True,,False
20260213_mini-v2.0.0a0_claude-4-6-opus,tokio-rs__axum-1934,18,0.38118425,True,,False
20260213_mini-v2.0.0a0_claude-4-6-opus,tokio-rs__axum-2096,42,0.9839470000000001,True,,False
20260213_mini-v2.0.0a0_claude-4-6-opus,tokio-rs__axum-682,11,0.21428500000000006,True,,False
20260213_mini-v2.0.0a0_claude-4-6-opus,tokio-rs__axum-691,20,0.31233075000000005,True,,False
20260213_mini-v2.0.0a0_claude-4-6-opus,tokio-rs__axum-734,29,0.44562175000000004,True,,False
20260213_mini-v2.0.0a0_claude-4-6-opus,tokio-rs__tokio-4384,33,0.809183,False,,False
20260213_mini-v2.0.0a0_claude-4-6-opus,tokio-rs__tokio-4867,23,0.6048782499999998,True,,False
20260213_mini-v2.0.0a0_claude-4-6-opus,tokio-rs__tokio-4898,5,0.067785,True,,False
20260213_mini-v2.0.0a0_claude-4-6-opus,tokio-rs__tokio-6551,33,0.5035437500000001,True,,False
20260213_mini-v2.0.0a0_claude-4-6-opus,tokio-rs__tokio-6603,26,0.40930125,True,,False
20260213_mini-v2.0.0a0_claude-4-6-opus,tokio-rs__tokio-6724,13,0.20045625,True,,False
20260213_mini-v2.0.0a0_claude-4-6-opus,tokio-rs__tokio-6752,18,0.24952324999999997,True,,False
20260213_mini-v2.0.0a0_claude-4-6-opus,tokio-rs__tokio-6838,12,0.12474724999999998,True,,False
20260213_mini-v2.0.0a0_claude-4-6-opus,tokio-rs__tokio-7139,12,0.14880725,True,,False
20260213_mini-v2.0.0a0_claude-4-6-opus,uutils__coreutils-6377,41,0.8108464999999999,False,,False
20260213_mini-v2.0.0a0_claude-4-6-opus,uutils__coreutils-6575,54,0.7370754999999999,False,,False
20260213_mini-v2.0.0a0_claude-4-6-opus,uutils__coreutils-6682,23,0.3980855000000001,True,,False
20260213_mini-v2.0.0a0_claude-4-6-opus,uutils__coreutils-6690,18,0.20819524999999997,False,,False
20260213_mini-v2.0.0a0_claude-4-6-opus,uutils__coreutils-6731,15,0.17806850000000002,True,,False
20260213_mini-v2.0.0a0_claude-4-6-opus,valkey-io__valkey-1499,25,0.35478475,True,,False
20260213_mini-v2.0.0a0_claude-4-6-opus,valkey-io__valkey-1842,24,0.3257355,True,,False
20260213_mini-v2.0.0a0_claude-4-6-opus,valkey-io__valkey-790,20,0.40996174999999996,True,,False
20260213_mini-v2.0.0a0_claude-4-6-opus,valkey-io__valkey-928,60,2.4337625,True,,False
20260213_mini-v2.0.0a0_claude-4-6-opus,vuejs__core-11589,26,1.5966647500000002,True,,False
20260213_mini-v2.0.0a0_claude-4-6-opus,vuejs__core-11739,57,3.4885887499999995,False,,False
20260213_mini-v2.0.0a0_claude-4-6-opus,vuejs__core-11870,17,0.25239125,True,,False
20260213_mini-v2.0.0a0_claude-4-6-opus,vuejs__core-11899,22,0.5040582499999999,False,,False
20260213_mini-v2.0.0a0_claude-4-6-opus,vuejs__core-11915,16,0.17869925000000003,True,,False
20260213_mini-v2.0.0a0_deepseek-3-2,apache__druid-13704,57,0.19130765999999993,False,,False
20260213_mini-v2.0.0a0_deepseek-3-2,apache__druid-14092,91,0.42247367,False,,False
20260213_mini-v2.0.0a0_deepseek-3-2,apache__druid-14136,77,0.32422915,False,,False
20260213_mini-v2.0.0a0_deepseek-3-2,apache__druid-15402,57,0.22373068000000004,False,,False
20260213_mini-v2.0.0a0_deepseek-3-2,apache__druid-16875,64,0.23149148000000003,False,,False
20260213_mini-v2.0.0a0_deepseek-3-2,apache__lucene-11760,77,0.3004979000000001,True,,False
20260213_mini-v2.0.0a0_deepseek-3-2,apache__lucene-12022,99,0.50435786,False,,False
20260213_mini-v2.0.0a0_deepseek-3-2,apache__lucene-12196,69,0.23171272000000004,True,,False
20260213_mini-v2.0.0a0_deepseek-3-2,apache__lucene-12212,46,0.15404509999999993,False,,False
20260213_mini-v2.0.0a0_deepseek-3-2,apache__lucene-12626,73,0.18946317999999998,True,,False
20260213_mini-v2.0.0a0_deepseek-3-2,apache__lucene-13170,31,0.08664469999999999,True,,False
20260213_mini-v2.0.0a0_deepseek-3-2,apache__lucene-13301,51,0.152739,True,,False
20260213_mini-v2.0.0a0_deepseek-3-2,apache__lucene-13494,73,0.24435633,False,,False
20260213_mini-v2.0.0a0_deepseek-3-2,apache__lucene-13704,123,0.8566387500000002,True,,False
20260213_mini-v2.0.0a0_deepseek-3-2,astral-sh__ruff-15309,83,0.36603361999999995,False,,False
20260213_mini-v2.0.0a0_deepseek-3-2,astral-sh__ruff-15330,93,0.33495677000000007,True,,False
20260213_mini-v2.0.0a0_deepseek-3-2,astral-sh__ruff-15356,62,0.19202279999999997,False,,False
20260213_mini-v2.0.0a0_deepseek-3-2,astral-sh__ruff-15394,83,0.3116866100000001,False,,False
20260213_mini-v2.0.0a0_deepseek-3-2,astral-sh__ruff-15443,57,0.15793703999999995,True,,False
20260213_mini-v2.0.0a0_deepseek-3-2,astral-sh__ruff-15543,72,0.2401711,True,,False
20260213_mini-v2.0.0a0_deepseek-3-2,astral-sh__ruff-15626,110,0.74881801,False,,False
20260213_mini-v2.0.0a0_deepseek-3-2,axios__axios-4731,64,0.23007860000000005,True,,False
20260213_mini-v2.0.0a0_deepseek-3-2,axios__axios-4738,54,0.16356251000000005,False,,False
20260213_mini-v2.0.0a0_deepseek-3-2,axios__axios-5085,84,0.4665631199999999,True,,False
20260213_mini-v2.0.0a0_deepseek-3-2,axios__axios-5316,112,0.5880776800000002,False,,False
20260213_mini-v2.0.0a0_deepseek-3-2,axios__axios-5892,69,0.23178621000000002,True,,False
20260213_mini-v2.0.0a0_deepseek-3-2,axios__axios-6539,103,0.39021792,False,,False
20260213_mini-v2.0.0a0_deepseek-3-2,babel__babel-13928,91,0.68271928,False,,False
20260213_mini-v2.0.0a0_deepseek-3-2,babel__babel-14532,157,1.0531661099999996,False,,False
20260213_mini-v2.0.0a0_deepseek-3-2,babel__babel-15445,77,0.23890476000000002,True,,False
20260213_mini-v2.0.0a0_deepseek-3-2,babel__babel-15649,82,0.33750753000000006,True,,False
20260213_mini-v2.0.0a0_deepseek-3-2,babel__babel-16130,67,0.32231186,False,,False
20260213_mini-v2.0.0a0_deepseek-3-2,briannesbitt__carbon-2665,95,0.4362286400000001,True,,False
20260213_mini-v2.0.0a0_deepseek-3-2,briannesbitt__carbon-2752,82,0.29563949,True,,False
20260213_mini-v2.0.0a0_deepseek-3-2,briannesbitt__carbon-2762,75,0.36511847000000003,True,,False
20260213_mini-v2.0.0a0_deepseek-3-2,briannesbitt__carbon-2813,82,0.2615207200000001,True,,False
20260213_mini-v2.0.0a0_deepseek-3-2,briannesbitt__carbon-2981,90,0.3701852599999999,True,,False
20260213_mini-v2.0.0a0_deepseek-3-2,briannesbitt__carbon-3005,75,0.29674676,False,,False
20260213_mini-v2.0.0a0_deepseek-3-2,briannesbitt__carbon-3041,100,0.3789446900000001,False,,False
20260213_mini-v2.0.0a0_deepseek-3-2,briannesbitt__carbon-3073,79,0.32144998,True,,False
20260213_mini-v2.0.0a0_deepseek-3-2,briannesbitt__carbon-3098,75,0.28154090000000004,True,,False
20260213_mini-v2.0.0a0_deepseek-3-2,briannesbitt__carbon-3103,64,0.15590157999999998,True,,False
20260213_mini-v2.0.0a0_deepseek-3-2,burntsushi__ripgrep-2209,79,0.41146634,False,,False
20260213_mini-v2.0.0a0_deepseek-3-2,burntsushi__ripgrep-2576,85,0.30017764,False,,False
20260213_mini-v2.0.0a0_deepseek-3-2,caddyserver__caddy-4774,80,0.24539898000000004,True,,False
20260213_mini-v2.0.0a0_deepseek-3-2,caddyserver__caddy-4943,68,0.3087014600000001,False,,False
20260213_mini-v2.0.0a0_deepseek-3-2,caddyserver__caddy-5404,59,0.17915525000000007,False,,False
20260213_mini-v2.0.0a0_deepseek-3-2,caddyserver__caddy-5626,106,0.57612426,True,,False
20260213_mini-v2.0.0a0_deepseek-3-2,caddyserver__caddy-5761,76,0.31258406,False,,False
20260213_mini-v2.0.0a0_deepseek-3-2,caddyserver__caddy-5870,68,0.2753224,True,,False
20260213_mini-v2.0.0a0_deepseek-3-2,caddyserver__caddy-5995,101,0.5087861600000001,True,,False
20260213_mini-v2.0.0a0_deepseek-3-2,caddyserver__caddy-6051,58,0.16070863999999999,True,,False
20260213_mini-v2.0.0a0_deepseek-3-2,caddyserver__caddy-6115,58,0.15733392,True,,False
20260213_mini-v2.0.0a0_deepseek-3-2,caddyserver__caddy-6288,140,0.9007087699999999,True,,False
20260213_mini-v2.0.0a0_deepseek-3-2,caddyserver__caddy-6345,92,0.36937601999999997,False,,False
20260213_mini-v2.0.0a0_deepseek-3-2,caddyserver__caddy-6350,90,0.4632468399999998,False,,False
20260213_mini-v2.0.0a0_deepseek-3-2,caddyserver__caddy-6370,81,0.3190413899999999,True,,False
20260213_mini-v2.0.0a0_deepseek-3-2,caddyserver__caddy-6411,81,0.25011856000000005,False,,False
20260213_mini-v2.0.0a0_deepseek-3-2,facebook__docusaurus-10130,60,0.2848295,True,,False
20260213_mini-v2.0.0a0_deepseek-3-2,facebook__docusaurus-10309,77,0.4068767300000001,True,,False
20260213_mini-v2.0.0a0_deepseek-3-2,facebook__docusaurus-8927,106,0.5863141000000001,False,,False
20260213_mini-v2.0.0a0_deepseek-3-2,facebook__docusaurus-9183,104,0.5389705699999999,False,,False
20260213_mini-v2.0.0a0_deepseek-3-2,facebook__docusaurus-9897,112,0.6369723,True,,False
20260213_mini-v2.0.0a0_deepseek-3-2,faker-ruby__faker-2705,60,0.36153697999999995,False,,False
20260213_mini-v2.0.0a0_deepseek-3-2,faker-ruby__faker-2970,55,0.17406342000000005,True,,False
20260213_mini-v2.0.0a0_deepseek-3-2,fastlane__fastlane-19207,64,0.51220543,False,,False
20260213_mini-v2.0.0a0_deepseek-3-2,fastlane__fastlane-19304,53,0.21164039999999998,True,,False
20260213_mini-v2.0.0a0_deepseek-3-2,fastlane__fastlane-19765,54,0.21701352,True,,False
20260213_mini-v2.0.0a0_deepseek-3-2,fastlane__fastlane-20642,49,0.24660848,False,,False
20260213_mini-v2.0.0a0_deepseek-3-2,fastlane__fastlane-20958,58,0.21711866,True,,False
20260213_mini-v2.0.0a0_deepseek-3-2,fastlane__fastlane-20975,57,0.20820059999999999,True,,False
20260213_mini-v2.0.0a0_deepseek-3-2,fastlane__fastlane-21857,59,0.23550919999999997,False,,False
20260213_mini-v2.0.0a0_deepseek-3-2,fluent__fluentd-3328,78,0.2807694200000001,True,,False
20260213_mini-v2.0.0a0_deepseek-3-2,fluent__fluentd-3466,83,0.36757282999999996,False,,False
20260213_mini-v2.0.0a0_deepseek-3-2,fluent__fluentd-3608,84,0.5059244399999999,True,,False
20260213_mini-v2.0.0a0_deepseek-3-2,fluent__fluentd-3616,75,0.2924345599999999,True,,False
20260213_mini-v2.0.0a0_deepseek-3-2,fluent__fluentd-3631,74,0.3207553999999999,True,,False
20260213_mini-v2.0.0a0_deepseek-3-2,fluent__fluentd-3640,63,0.3212921100000001,False,,False
20260213_mini-v2.0.0a0_deepseek-3-2,fluent__fluentd-3641,87,0.34025239999999995,False,,False
20260213_mini-v2.0.0a0_deepseek-3-2,fluent__fluentd-3917,71,0.30950663,True,,False
20260213_mini-v2.0.0a0_deepseek-3-2,fluent__fluentd-4030,87,0.3428878899999999,True,,False
20260213_mini-v2.0.0a0_deepseek-3-2,fluent__fluentd-4311,103,0.39131628000000007,False,,False
20260213_mini-v2.0.0a0_deepseek-3-2,fluent__fluentd-4598,73,0.17417917000000008,True,,False
20260213_mini-v2.0.0a0_deepseek-3-2,fluent__fluentd-4655,113,0.41882427999999994,True,,False
20260213_mini-v2.0.0a0_deepseek-3-2,fmtlib__fmt-1683,94,0.36979445999999994,False,,False
20260213_mini-v2.0.0a0_deepseek-3-2,fmtlib__fmt-2310,66,0.20935798999999994,False,,False
20260213_mini-v2.0.0a0_deepseek-3-2,fmtlib__fmt-2317,91,0.33873613999999985,True,,False
20260213_mini-v2.0.0a0_deepseek-3-2,fmtlib__fmt-2457,88,0.42743394000000007,True,,False
20260213_mini-v2.0.0a0_deepseek-3-2,fmtlib__fmt-3158,101,0.65149459,False,,False
20260213_mini-v2.0.0a0_deepseek-3-2,fmtlib__fmt-3248,67,0.16560423,True,,False
20260213_mini-v2.0.0a0_deepseek-3-2,fmtlib__fmt-3272,88,0.3772669800000001,True,,False
20260213_mini-v2.0.0a0_deepseek-3-2,fmtlib__fmt-3729,64,0.23594652000000005,True,,False
20260213_mini-v2.0.0a0_deepseek-3-2,fmtlib__fmt-3750,130,0.5154125799999998,False,,False
20260213_mini-v2.0.0a0_deepseek-3-2,fmtlib__fmt-3863,154,0.9108381399999999,True,,False
20260213_mini-v2.0.0a0_deepseek-3-2,fmtlib__fmt-3901,62,0.1715693,True,,False
20260213_mini-v2.0.0a0_deepseek-3-2,gin-gonic__gin-1805,114,0.7068497999999999,False,,False
20260213_mini-v2.0.0a0_deepseek-3-2,gin-gonic__gin-1957,94,0.33011269,False,,False
20260213_mini-v2.0.0a0_deepseek-3-2,gin-gonic__gin-2121,57,0.14707329,True,,False
20260213_mini-v2.0.0a0_deepseek-3-2,gin-gonic__gin-2755,85,0.2681856,False,,False
20260213_mini-v2.0.0a0_deepseek-3-2,gin-gonic__gin-3227,69,0.19939880000000001,False,,False
20260213_mini-v2.0.0a0_deepseek-3-2,gin-gonic__gin-3741,37,0.09585971999999998,False,,False
20260213_mini-v2.0.0a0_deepseek-3-2,gin-gonic__gin-3820,67,0.31786850000000005,False,,False
20260213_mini-v2.0.0a0_deepseek-3-2,gin-gonic__gin-4003,39,0.0754789,True,,False
20260213_mini-v2.0.0a0_deepseek-3-2,gohugoio__hugo-12171,120,0.49945461,True,,False
20260213_mini-v2.0.0a0_deepseek-3-2,gohugoio__hugo-12204,116,0.8825307799999997,True,,False
20260213_mini-v2.0.0a0_deepseek-3-2,gohugoio__hugo-12343,136,0.9035894799999998,True,,False
20260213_mini-v2.0.0a0_deepseek-3-2,gohugoio__hugo-12448,85,0.33582966000000003,False,,False
20260213_mini-v2.0.0a0_deepseek-3-2,gohugoio__hugo-12562,98,0.34271827999999993,True,,False
20260213_mini-v2.0.0a0_deepseek-3-2,gohugoio__hugo-12579,83,0.3256724499999999,True,,False
20260213_mini-v2.0.0a0_deepseek-3-2,gohugoio__hugo-12768,39,0.10234531999999999,True,,False
20260213_mini-v2.0.0a0_deepseek-3-2,google__gson-1014,70,0.26888878000000005,False,,False
20260213_mini-v2.0.0a0_deepseek-3-2,google__gson-1093,47,0.11449290000000002,True,,False
20260213_mini-v2.0.0a0_deepseek-3-2,google__gson-1100,53,0.17812683999999995,False,,False
20260213_mini-v2.0.0a0_deepseek-3-2,google__gson-2024,45,0.13345342000000004,False,,False
20260213_mini-v2.0.0a0_deepseek-3-2,google__gson-2061,66,0.17178081999999997,True,,False
20260213_mini-v2.0.0a0_deepseek-3-2,google__gson-2134,35,0.08314378,True,,False
20260213_mini-v2.0.0a0_deepseek-3-2,google__gson-2158,111,0.6824915999999998,False,,False
20260213_mini-v2.0.0a0_deepseek-3-2,google__gson-2311,41,0.14189323999999998,True,,False
20260213_mini-v2.0.0a0_deepseek-3-2,google__gson-2479,82,0.35495894000000006,False,,False
20260213_mini-v2.0.0a0_deepseek-3-2,hashicorp__terraform-34580,61,0.16075038,True,,False
20260213_mini-v2.0.0a0_deepseek-3-2,hashicorp__terraform-34814,81,0.27423622,True,,False
20260213_mini-v2.0.0a0_deepseek-3-2,hashicorp__terraform-34900,107,0.86865998,False,,False
20260213_mini-v2.0.0a0_deepseek-3-2,hashicorp__terraform-35543,133,1.0573810199999998,False,,False
20260213_mini-v2.0.0a0_deepseek-3-2,hashicorp__terraform-35611,68,0.28320856,False,,False
20260213_mini-v2.0.0a0_deepseek-3-2,immutable-js__immutable-js-2005,62,0.25927619,True,,False
20260213_mini-v2.0.0a0_deepseek-3-2,immutable-js__immutable-js-2006,48,0.15796815,True,,False
20260213_mini-v2.0.0a0_deepseek-3-2,javaparser__javaparser-4538,83,0.2721051100000001,True,,False
20260213_mini-v2.0.0a0_deepseek-3-2,javaparser__javaparser-4561,100,0.52889763,True,,False
20260213_mini-v2.0.0a0_deepseek-3-2,jekyll__jekyll-8047,58,0.24367882000000002,True,,False
20260213_mini-v2.0.0a0_deepseek-3-2,jekyll__jekyll-8167,47,0.17204716,True,,False
20260213_mini-v2.0.0a0_deepseek-3-2,jekyll__jekyll-8761,113,0.49678218,False,,False
20260213_mini-v2.0.0a0_deepseek-3-2,jekyll__jekyll-8771,83,0.52258346,False,,False
20260213_mini-v2.0.0a0_deepseek-3-2,jekyll__jekyll-9141,82,0.3501064,False,,False
20260213_mini-v2.0.0a0_deepseek-3-2,jordansissel__fpm-1829,64,0.30800227999999996,False,,False
20260213_mini-v2.0.0a0_deepseek-3-2,jordansissel__fpm-1850,57,0.18033011000000002,False,,False
20260213_mini-v2.0.0a0_deepseek-3-2,jqlang__jq-2235,87,0.3017902799999999,False,,False
20260213_mini-v2.0.0a0_deepseek-3-2,jqlang__jq-2598,64,0.16627945999999996,True,,False
20260213_mini-v2.0.0a0_deepseek-3-2,jqlang__jq-2650,111,0.4835189399999999,False,,False
20260213_mini-v2.0.0a0_deepseek-3-2,jqlang__jq-2658,65,0.19278946000000005,True,,False
20260213_mini-v2.0.0a0_deepseek-3-2,jqlang__jq-2681,170,0.8232565599999999,False,,False
20260213_mini-v2.0.0a0_deepseek-3-2,jqlang__jq-2728,49,0.13004214,False,,False
20260213_mini-v2.0.0a0_deepseek-3-2,jqlang__jq-2750,121,1.5459329900000003,False,,False
20260213_mini-v2.0.0a0_deepseek-3-2,jqlang__jq-2839,156,0.9957443499999997,True,,False
20260213_mini-v2.0.0a0_deepseek-3-2,jqlang__jq-2919,59,0.19021792,True,,False
20260213_mini-v2.0.0a0_deepseek-3-2,laravel__framework-46234,75,0.2602667000000001,True,,False
20260213_mini-v2.0.0a0_deepseek-3-2,laravel__framework-48573,83,0.31043937999999993,False,,False
20260213_mini-v2.0.0a0_deepseek-3-2,laravel__framework-48636,47,0.12730286999999998,True,,False
20260213_mini-v2.0.0a0_deepseek-3-2,laravel__framework-51195,99,0.5413245600000001,False,,False
20260213_mini-v2.0.0a0_deepseek-3-2,laravel__framework-51890,91,0.39990436999999995,True,,False
20260213_mini-v2.0.0a0_deepseek-3-2,laravel__framework-52451,77,0.36517830000000007,True,,False
20260213_mini-v2.0.0a0_deepseek-3-2,laravel__framework-52680,68,0.27990215,True,,False
20260213_mini-v2.0.0a0_deepseek-3-2,laravel__framework-52684,78,0.28976054,True,,False
20260213_mini-v2.0.0a0_deepseek-3-2,laravel__framework-52866,36,0.08483927999999999,True,,False
20260213_mini-v2.0.0a0_deepseek-3-2,laravel__framework-53206,89,0.33472057000000005,True,,False
20260213_mini-v2.0.0a0_deepseek-3-2,laravel__framework-53696,77,0.29631781999999995,True,,False
20260213_mini-v2.0.0a0_deepseek-3-2,laravel__framework-53914,78,0.24958514999999995,True,,False
20260213_mini-v2.0.0a0_deepseek-3-2,laravel__framework-53949,30,0.056159049999999995,True,,False
20260213_mini-v2.0.0a0_deepseek-3-2,micropython__micropython-10095,86,0.45223038000000015,True,,False
20260213_mini-v2.0.0a0_deepseek-3-2,micropython__micropython-12158,95,0.5693802,False,,False
20260213_mini-v2.0.0a0_deepseek-3-2,micropython__micropython-13039,62,0.17969401,True,,False
20260213_mini-v2.0.0a0_deepseek-3-2,micropython__micropython-13569,139,0.8164196400000001,False,,False
20260213_mini-v2.0.0a0_deepseek-3-2,micropython__micropython-15898,49,0.12431088000000003,True,,False
20260213_mini-v2.0.0a0_deepseek-3-2,mrdoob__three.js-25687,92,0.3693021600000001,True,,False
20260213_mini-v2.0.0a0_deepseek-3-2,mrdoob__three.js-26589,86,0.2779567100000001,True,,False
20260213_mini-v2.0.0a0_deepseek-3-2,mrdoob__three.js-27395,55,0.13031281999999997,True,,False
20260213_mini-v2.0.0a0_deepseek-3-2,nlohmann__json-4237,95,0.3579686199999999,True,,False
20260213_mini-v2.0.0a0_deepseek-3-2,nushell__nushell-12901,97,0.4669662700000002,True,,False
20260213_mini-v2.0.0a0_deepseek-3-2,nushell__nushell-12950,102,0.5108956699999998,True,,False
20260213_mini-v2.0.0a0_deepseek-3-2,nushell__nushell-13246,125,0.6802164,True,,False
20260213_mini-v2.0.0a0_deepseek-3-2,nushell__nushell-13605,76,0.27071390000000006,True,,False
20260213_mini-v2.0.0a0_deepseek-3-2,nushell__nushell-13831,51,0.15420792,True,,False
20260213_mini-v2.0.0a0_deepseek-3-2,php-cs-fixer__php-cs-fixer-7523,69,0.24011195000000002,True,,False
20260213_mini-v2.0.0a0_deepseek-3-2,php-cs-fixer__php-cs-fixer-7635,111,0.53314817,False,,False
20260213_mini-v2.0.0a0_deepseek-3-2,php-cs-fixer__php-cs-fixer-7663,70,0.28323732,False,,False
20260213_mini-v2.0.0a0_deepseek-3-2,php-cs-fixer__php-cs-fixer-7875,110,0.6878048200000002,False,,False
20260213_mini-v2.0.0a0_deepseek-3-2,php-cs-fixer__php-cs-fixer-7998,59,0.21037827,False,,False
20260213_mini-v2.0.0a0_deepseek-3-2,php-cs-fixer__php-cs-fixer-8064,42,0.13613203,True,,False
20260213_mini-v2.0.0a0_deepseek-3-2,php-cs-fixer__php-cs-fixer-8075,103,0.45704005,True,,False
20260213_mini-v2.0.0a0_deepseek-3-2,php-cs-fixer__php-cs-fixer-8256,80,0.28075199999999995,True,,False
20260213_mini-v2.0.0a0_deepseek-3-2,php-cs-fixer__php-cs-fixer-8331,51,0.20220944999999999,True,,False
20260213_mini-v2.0.0a0_deepseek-3-2,php-cs-fixer__php-cs-fixer-8367,65,0.22568144,True,,False
20260213_mini-v2.0.0a0_deepseek-3-2,phpoffice__phpspreadsheet-3463,48,0.2480696,True,,False
20260213_mini-v2.0.0a0_deepseek-3-2,phpoffice__phpspreadsheet-3469,103,0.53021578,False,,False
20260213_mini-v2.0.0a0_deepseek-3-2,phpoffice__phpspreadsheet-3570,120,0.6543568399999998,False,,False
20260213_mini-v2.0.0a0_deepseek-3-2,phpoffice__phpspreadsheet-3659,82,0.31819818000000005,False,,False
20260213_mini-v2.0.0a0_deepseek-3-2,phpoffice__phpspreadsheet-3903,68,0.29491904,True,,False
20260213_mini-v2.0.0a0_deepseek-3-2,phpoffice__phpspreadsheet-3940,88,0.37860031999999993,True,,False
20260213_mini-v2.0.0a0_deepseek-3-2,phpoffice__phpspreadsheet-4114,75,0.28102092999999995,False,,False
20260213_mini-v2.0.0a0_deepseek-3-2,phpoffice__phpspreadsheet-4186,56,0.14430303,True,,False
20260213_mini-v2.0.0a0_deepseek-3-2,phpoffice__phpspreadsheet-4214,76,0.5963270399999999,True,,False
20260213_mini-v2.0.0a0_deepseek-3-2,phpoffice__phpspreadsheet-4313,80,0.6918635699999998,False,,False
20260213_mini-v2.0.0a0_deepseek-3-2,preactjs__preact-2757,66,0.31192454000000003,True,,False
20260213_mini-v2.0.0a0_deepseek-3-2,preactjs__preact-2896,59,0.23368143999999996,True,,False
20260213_mini-v2.0.0a0_deepseek-3-2,preactjs__preact-2927,45,0.14508305999999999,True,,False
20260213_mini-v2.0.0a0_deepseek-3-2,preactjs__preact-3010,107,0.5924578,True,,False
20260213_mini-v2.0.0a0_deepseek-3-2,preactjs__preact-3062,62,0.23989689000000006,False,,False
20260213_mini-v2.0.0a0_deepseek-3-2,preactjs__preact-3345,79,0.44357148,False,,False
20260213_mini-v2.0.0a0_deepseek-3-2,preactjs__preact-3454,46,0.16817512000000004,True,,False
20260213_mini-v2.0.0a0_deepseek-3-2,preactjs__preact-3562,85,0.43693431000000005,True,,False
20260213_mini-v2.0.0a0_deepseek-3-2,preactjs__preact-3567,73,0.41344065,False,,False
20260213_mini-v2.0.0a0_deepseek-3-2,preactjs__preact-3689,96,0.34570979999999996,True,,False
20260213_mini-v2.0.0a0_deepseek-3-2,preactjs__preact-3739,106,0.7803462600000001,False,,False
20260213_mini-v2.0.0a0_deepseek-3-2,preactjs__preact-3763,61,0.26001718,False,,False
20260213_mini-v2.0.0a0_deepseek-3-2,preactjs__preact-4152,129,0.6145620099999999,True,,False
20260213_mini-v2.0.0a0_deepseek-3-2,preactjs__preact-4182,166,1.34444897,False,,False
20260213_mini-v2.0.0a0_deepseek-3-2,preactjs__preact-4245,137,1.2241224499999992,False,,False
20260213_mini-v2.0.0a0_deepseek-3-2,preactjs__preact-4316,87,0.3920862899999999,True,,False
20260213_mini-v2.0.0a0_deepseek-3-2,preactjs__preact-4436,72,0.30896828000000004,False,,False
20260213_mini-v2.0.0a0_deepseek-3-2,projectlombok__lombok-2792,148,0.8644161200000001,False,,False
20260213_mini-v2.0.0a0_deepseek-3-2,projectlombok__lombok-3009,79,0.23152008000000007,True,,False
20260213_mini-v2.0.0a0_deepseek-3-2,projectlombok__lombok-3042,76,0.2125037399999999,True,,False
20260213_mini-v2.0.0a0_deepseek-3-2,projectlombok__lombok-3052,234,1.7158217,False,,False
20260213_mini-v2.0.0a0_deepseek-3-2,projectlombok__lombok-3215,146,1.3137923800000006,False,,False
20260213_mini-v2.0.0a0_deepseek-3-2,projectlombok__lombok-3312,70,0.24293245999999996,True,,False
20260213_mini-v2.0.0a0_deepseek-3-2,projectlombok__lombok-3326,112,0.8479139200000003,False,,False
20260213_mini-v2.0.0a0_deepseek-3-2,projectlombok__lombok-3350,86,0.4067862599999999,True,,False
20260213_mini-v2.0.0a0_deepseek-3-2,projectlombok__lombok-3371,104,0.52068489,True,,False
20260213_mini-v2.0.0a0_deepseek-3-2,projectlombok__lombok-3422,65,0.22533256,True,,False
20260213_mini-v2.0.0a0_deepseek-3-2,projectlombok__lombok-3479,73,0.22390756999999997,True,,False
20260213_mini-v2.0.0a0_deepseek-3-2,projectlombok__lombok-3486,99,0.4527348000000001,True,,False
20260213_mini-v2.0.0a0_deepseek-3-2,projectlombok__lombok-3571,101,0.5895831900000001,False,,False
20260213_mini-v2.0.0a0_deepseek-3-2,projectlombok__lombok-3594,102,0.44961292999999997,True,,False
20260213_mini-v2.0.0a0_deepseek-3-2,projectlombok__lombok-3602,53,0.15424806000000002,True,,False
20260213_mini-v2.0.0a0_deepseek-3-2,projectlombok__lombok-3674,87,0.4589627799999999,True,,False
20260213_mini-v2.0.0a0_deepseek-3-2,projectlombok__lombok-3697,104,0.5224733,True,,False
20260213_mini-v2.0.0a0_deepseek-3-2,prometheus__prometheus-10633,67,0.26103328000000003,False,,False
20260213_mini-v2.0.0a0_deepseek-3-2,prometheus__prometheus-10720,85,0.21755805,True,,False
20260213_mini-v2.0.0a0_deepseek-3-2,prometheus__prometheus-11859,80,0.42889663000000006,False,,False
20260213_mini-v2.0.0a0_deepseek-3-2,prometheus__prometheus-12874,58,0.18044970000000002,True,,False
20260213_mini-v2.0.0a0_deepseek-3-2,prometheus__prometheus-13845,66,0.18942708,True,,False
20260213_mini-v2.0.0a0_deepseek-3-2,prometheus__prometheus-14861,113,0.3977190099999999,False,,False
20260213_mini-v2.0.0a0_deepseek-3-2,prometheus__prometheus-15142,74,0.23388771000000008,False,,False
20260213_mini-v2.0.0a0_deepseek-3-2,prometheus__prometheus-9248,165,0.6680862799999999,False,,False
20260213_mini-v2.0.0a0_deepseek-3-2,reactivex__rxjava-7597,98,0.3738691500000001,True,,False
20260213_mini-v2.0.0a0_deepseek-3-2,redis__redis-10068,146,1.0943419,True,,False
20260213_mini-v2.0.0a0_deepseek-3-2,redis__redis-10095,47,0.15597656999999995,False,,False
20260213_mini-v2.0.0a0_deepseek-3-2,redis__redis-10764,93,0.61569801,True,,False
20260213_mini-v2.0.0a0_deepseek-3-2,redis__redis-11279,73,0.2617366099999999,False,,False
20260213_mini-v2.0.0a0_deepseek-3-2,redis__redis-11510,58,0.18585831999999994,True,,False
20260213_mini-v2.0.0a0_deepseek-3-2,redis__redis-11631,47,0.18804180000000004,True,,False
20260213_mini-v2.0.0a0_deepseek-3-2,redis__redis-11734,113,0.6257145599999999,True,,False
20260213_mini-v2.0.0a0_deepseek-3-2,redis__redis-12272,66,0.19353684999999998,False,,False
20260213_mini-v2.0.0a0_deepseek-3-2,redis__redis-12472,116,1.1313339299999998,True,,False
20260213_mini-v2.0.0a0_deepseek-3-2,redis__redis-13115,49,0.21328264,True,,False
20260213_mini-v2.0.0a0_deepseek-3-2,redis__redis-13338,77,0.5009827600000001,False,,False
20260213_mini-v2.0.0a0_deepseek-3-2,redis__redis-9733,125,0.5843741200000002,True,,False
20260213_mini-v2.0.0a0_deepseek-3-2,rubocop__rubocop-13362,91,0.35467421000000005,True,,False
20260213_mini-v2.0.0a0_deepseek-3-2,rubocop__rubocop-13375,91,0.3062709300000001,True,,False
20260213_mini-v2.0.0a0_deepseek-3-2,rubocop__rubocop-13393,82,0.31845323999999997,False,,False
20260213_mini-v2.0.0a0_deepseek-3-2,rubocop__rubocop-13396,116,0.6271705299999999,False,,False
20260213_mini-v2.0.0a0_deepseek-3-2,rubocop__rubocop-13424,56,0.15126634,True,,False
20260213_mini-v2.0.0a0_deepseek-3-2,rubocop__rubocop-13431,53,0.14055324,True,,False
20260213_mini-v2.0.0a0_deepseek-3-2,rubocop__rubocop-13479,57,0.18361628,True,,False
20260213_mini-v2.0.0a0_deepseek-3-2,rubocop__rubocop-13503,52,0.15715085999999998,True,,False
20260213_mini-v2.0.0a0_deepseek-3-2,rubocop__rubocop-13560,45,0.13624184999999997,False,,False
20260213_mini-v2.0.0a0_deepseek-3-2,rubocop__rubocop-13579,76,0.23569636999999988,True,,False
20260213_mini-v2.0.0a0_deepseek-3-2,rubocop__rubocop-13627,105,0.5452625299999999,True,,False
20260213_mini-v2.0.0a0_deepseek-3-2,rubocop__rubocop-13653,72,0.23098627000000005,True,,False
20260213_mini-v2.0.0a0_deepseek-3-2,rubocop__rubocop-13668,69,0.25511178000000007,True,,False
20260213_mini-v2.0.0a0_deepseek-3-2,rubocop__rubocop-13680,97,0.36731600000000003,True,,False
20260213_mini-v2.0.0a0_deepseek-3-2,rubocop__rubocop-13687,57,0.18861017000000005,True,,False
20260213_mini-v2.0.0a0_deepseek-3-2,rubocop__rubocop-13705,73,0.21481271000000005,True,,False
20260213_mini-v2.0.0a0_deepseek-3-2,sharkdp__bat-1892,136,0.8565314199999998,False,,False
20260213_mini-v2.0.0a0_deepseek-3-2,sharkdp__bat-2201,48,0.17781485999999994,False,,False
20260213_mini-v2.0.0a0_deepseek-3-2,sharkdp__bat-2260,60,0.3143146,True,,False
20260213_mini-v2.0.0a0_deepseek-3-2,sharkdp__bat-2393,98,0.3352042199999999,True,,False
20260213_mini-v2.0.0a0_deepseek-3-2,sharkdp__bat-2650,47,0.18742593999999999,True,,False
20260213_mini-v2.0.0a0_deepseek-3-2,sharkdp__bat-2835,131,0.7336290500000002,False,,False
20260213_mini-v2.0.0a0_deepseek-3-2,sharkdp__bat-3108,100,0.5101750400000001,False,,False
20260213_mini-v2.0.0a0_deepseek-3-2,sharkdp__bat-562,192,1.20796087,True,,False
20260213_mini-v2.0.0a0_deepseek-3-2,tokio-rs__axum-1119,62,0.17944863999999996,True,,False
20260213_mini-v2.0.0a0_deepseek-3-2,tokio-rs__axum-1730,140,0.8365560000000004,False,,False
20260213_mini-v2.0.0a0_deepseek-3-2,tokio-rs__axum-1934,77,0.28738257,True,,False
20260213_mini-v2.0.0a0_deepseek-3-2,tokio-rs__axum-2096,82,0.2958179199999999,False,,False
20260213_mini-v2.0.0a0_deepseek-3-2,tokio-rs__axum-682,73,0.17120375000000002,True,,False
20260213_mini-v2.0.0a0_deepseek-3-2,tokio-rs__axum-691,75,0.25905095,True,,False
20260213_mini-v2.0.0a0_deepseek-3-2,tokio-rs__axum-734,62,0.17910252,False,,False
20260213_mini-v2.0.0a0_deepseek-3-2,tokio-rs__tokio-4384,104,0.44387982,False,,False
20260213_mini-v2.0.0a0_deepseek-3-2,tokio-rs__tokio-4867,68,0.23419768000000002,True,,False
20260213_mini-v2.0.0a0_deepseek-3-2,tokio-rs__tokio-4898,48,0.14364122,True,,False
20260213_mini-v2.0.0a0_deepseek-3-2,tokio-rs__tokio-6551,61,0.20840352999999995,False,,False
20260213_mini-v2.0.0a0_deepseek-3-2,tokio-rs__tokio-6603,101,0.32006886,True,,False
20260213_mini-v2.0.0a0_deepseek-3-2,tokio-rs__tokio-6724,57,0.17034891,False,,False
20260213_mini-v2.0.0a0_deepseek-3-2,tokio-rs__tokio-6752,95,0.5716189099999999,True,,False
20260213_mini-v2.0.0a0_deepseek-3-2,tokio-rs__tokio-6838,41,0.11919990999999996,False,,False
20260213_mini-v2.0.0a0_deepseek-3-2,tokio-rs__tokio-7139,103,0.5338815800000002,True,,False
20260213_mini-v2.0.0a0_deepseek-3-2,uutils__coreutils-6377,129,0.5202316,False,,False
20260213_mini-v2.0.0a0_deepseek-3-2,uutils__coreutils-6575,120,0.5513517200000002,False,,False
20260213_mini-v2.0.0a0_deepseek-3-2,uutils__coreutils-6682,52,0.17176687000000004,False,,False
20260213_mini-v2.0.0a0_deepseek-3-2,uutils__coreutils-6690,105,0.45210979,False,,False
20260213_mini-v2.0.0a0_deepseek-3-2,uutils__coreutils-6731,76,0.24963751,True,,False
20260213_mini-v2.0.0a0_deepseek-3-2,valkey-io__valkey-1499,63,0.2393529,True,,False
20260213_mini-v2.0.0a0_deepseek-3-2,valkey-io__valkey-1842,116,0.7173363799999998,True,,False
20260213_mini-v2.0.0a0_deepseek-3-2,valkey-io__valkey-790,65,0.4662889800000001,True,,False
20260213_mini-v2.0.0a0_deepseek-3-2,valkey-io__valkey-928,151,1.08707438,False,,False
20260213_mini-v2.0.0a0_deepseek-3-2,vuejs__core-11589,113,0.70403798,True,,False
20260213_mini-v2.0.0a0_deepseek-3-2,vuejs__core-11739,107,0.78360601,False,,False
20260213_mini-v2.0.0a0_deepseek-3-2,vuejs__core-11870,69,0.27042073999999994,True,,False
20260213_mini-v2.0.0a0_deepseek-3-2,vuejs__core-11899,74,0.38480900000000007,False,,False
20260213_mini-v2.0.0a0_deepseek-3-2,vuejs__core-11915,50,0.14192613999999998,True,,False
20260213_mini-v2.0.0a0_gemini-3-flash,apache__druid-13704,32,0.20452585,True,,False
20260213_mini-v2.0.0a0_gemini-3-flash,apache__druid-14092,37,0.2948876499999999,True,,False
20260213_mini-v2.0.0a0_gemini-3-flash,apache__druid-14136,44,0.3223444,False,,False
20260213_mini-v2.0.0a0_gemini-3-flash,apache__druid-15402,37,0.18150855,False,,False
20260213_mini-v2.0.0a0_gemini-3-flash,apache__druid-16875,25,0.15827214999999997,True,,False
20260213_mini-v2.0.0a0_gemini-3-flash,apache__lucene-11760,46,0.28127604999999994,True,,False
20260213_mini-v2.0.0a0_gemini-3-flash,apache__lucene-12022,47,0.3038440500000001,True,,False
20260213_mini-v2.0.0a0_gemini-3-flash,apache__lucene-12196,27,0.16359954999999998,True,,False
20260213_mini-v2.0.0a0_gemini-3-flash,apache__lucene-12212,91,0.7668377499999999,True,,False
20260213_mini-v2.0.0a0_gemini-3-flash,apache__lucene-12626,32,0.1768296,True,,False
20260213_mini-v2.0.0a0_gemini-3-flash,apache__lucene-13170,30,0.19003225,True,,False
20260213_mini-v2.0.0a0_gemini-3-flash,apache__lucene-13301,36,0.26212389999999997,True,,False
20260213_mini-v2.0.0a0_gemini-3-flash,apache__lucene-13494,34,0.21354570000000003,True,,False
20260213_mini-v2.0.0a0_gemini-3-flash,apache__lucene-13704,35,0.21755724999999998,True,,False
20260213_mini-v2.0.0a0_gemini-3-flash,astral-sh__ruff-15309,57,0.41415584999999994,False,,False
20260213_mini-v2.0.0a0_gemini-3-flash,astral-sh__ruff-15330,49,0.3473514,True,,False
20260213_mini-v2.0.0a0_gemini-3-flash,astral-sh__ruff-15356,28,0.2144498,False,,False
20260213_mini-v2.0.0a0_gemini-3-flash,astral-sh__ruff-15394,35,0.30430555000000004,False,,False
20260213_mini-v2.0.0a0_gemini-3-flash,astral-sh__ruff-15443,71,0.4115144,True,,False
20260213_mini-v2.0.0a0_gemini-3-flash,astral-sh__ruff-15543,64,0.4223739999999999,True,,False
20260213_mini-v2.0.0a0_gemini-3-flash,astral-sh__ruff-15626,32,0.20469945,True,,False
20260213_mini-v2.0.0a0_gemini-3-flash,axios__axios-4731,39,0.22859959999999993,True,,False
20260213_mini-v2.0.0a0_gemini-3-flash,axios__axios-4738,43,0.25597375,True,,False
20260213_mini-v2.0.0a0_gemini-3-flash,axios__axios-5085,32,0.21956640000000008,True,,False
20260213_mini-v2.0.0a0_gemini-3-flash,axios__axios-5316,62,0.38634954999999993,False,,False
20260213_mini-v2.0.0a0_gemini-3-flash,axios__axios-5892,37,0.24121709999999996,True,,False
20260213_mini-v2.0.0a0_gemini-3-flash,axios__axios-6539,65,0.41228299999999996,False,,False
20260213_mini-v2.0.0a0_gemini-3-flash,babel__babel-13928,64,0.4113081499999999,True,,False
20260213_mini-v2.0.0a0_gemini-3-flash,babel__babel-14532,54,0.28928724999999994,True,,False
20260213_mini-v2.0.0a0_gemini-3-flash,babel__babel-15445,46,0.27411044999999995,False,,False
20260213_mini-v2.0.0a0_gemini-3-flash,babel__babel-15649,69,0.53948895,False,,False
20260213_mini-v2.0.0a0_gemini-3-flash,babel__babel-16130,56,0.3024651499999999,False,,False
20260213_mini-v2.0.0a0_gemini-3-flash,briannesbitt__carbon-2665,49,0.36246990000000007,True,,False
20260213_mini-v2.0.0a0_gemini-3-flash,briannesbitt__carbon-2752,33,0.28697075,True,,False
20260213_mini-v2.0.0a0_gemini-3-flash,briannesbitt__carbon-2762,136,1.3051241,True,,False
20260213_mini-v2.0.0a0_gemini-3-flash,briannesbitt__carbon-2813,59,0.4047949500000001,False,,False
20260213_mini-v2.0.0a0_gemini-3-flash,briannesbitt__carbon-2981,84,0.5794984500000001,True,,False
20260213_mini-v2.0.0a0_gemini-3-flash,briannesbitt__carbon-3005,107,0.8772925500000001,False,,False
20260213_mini-v2.0.0a0_gemini-3-flash,briannesbitt__carbon-3041,79,0.54942,False,,False
20260213_mini-v2.0.0a0_gemini-3-flash,briannesbitt__carbon-3073,78,0.5079266999999998,True,,False
20260213_mini-v2.0.0a0_gemini-3-flash,briannesbitt__carbon-3098,85,0.5696311500000001,True,,False
20260213_mini-v2.0.0a0_gemini-3-flash,briannesbitt__carbon-3103,51,0.33938625,True,,False
20260213_mini-v2.0.0a0_gemini-3-flash,burntsushi__ripgrep-2209,59,0.36839265000000004,True,,False
20260213_mini-v2.0.0a0_gemini-3-flash,burntsushi__ripgrep-2576,62,0.6509131499999998,True,,False
20260213_mini-v2.0.0a0_gemini-3-flash,caddyserver__caddy-4774,76,0.46059009999999984,False,,False
20260213_mini-v2.0.0a0_gemini-3-flash,caddyserver__caddy-4943,119,0.8921013,False,,False
20260213_mini-v2.0.0a0_gemini-3-flash,caddyserver__caddy-5404,36,0.20701709999999995,False,,False
20260213_mini-v2.0.0a0_gemini-3-flash,caddyserver__caddy-5626,60,0.33270150000000004,True,,False
20260213_mini-v2.0.0a0_gemini-3-flash,caddyserver__caddy-5761,33,0.18795379999999998,False,,False
20260213_mini-v2.0.0a0_gemini-3-flash,caddyserver__caddy-5870,58,0.39758555000000007,True,,False
20260213_mini-v2.0.0a0_gemini-3-flash,caddyserver__caddy-5995,67,0.35297384999999987,True,,False
20260213_mini-v2.0.0a0_gemini-3-flash,caddyserver__caddy-6051,28,0.15332230000000002,False,,False
20260213_mini-v2.0.0a0_gemini-3-flash,caddyserver__caddy-6115,35,0.24513194999999996,False,,False
20260213_mini-v2.0.0a0_gemini-3-flash,caddyserver__caddy-6288,52,0.30051690000000003,True,,False
20260213_mini-v2.0.0a0_gemini-3-flash,caddyserver__caddy-6345,57,0.38419805000000007,True,,False
20260213_mini-v2.0.0a0_gemini-3-flash,caddyserver__caddy-6350,39,0.22753679999999993,True,,False
20260213_mini-v2.0.0a0_gemini-3-flash,caddyserver__caddy-6370,34,0.28749335,True,,False
20260213_mini-v2.0.0a0_gemini-3-flash,caddyserver__caddy-6411,27,0.13648264999999998,False,,False
20260213_mini-v2.0.0a0_gemini-3-flash,facebook__docusaurus-10130,25,0.17185055000000002,True,,False
20260213_mini-v2.0.0a0_gemini-3-flash,facebook__docusaurus-10309,34,0.2019941,True,,False
20260213_mini-v2.0.0a0_gemini-3-flash,facebook__docusaurus-8927,61,0.44798659999999996,False,,False
20260213_mini-v2.0.0a0_gemini-3-flash,facebook__docusaurus-9183,44,0.2782038500000001,False,,False
20260213_mini-v2.0.0a0_gemini-3-flash,facebook__docusaurus-9897,68,0.5636613499999998,True,,False
20260213_mini-v2.0.0a0_gemini-3-flash,faker-ruby__faker-2705,34,0.27206525,True,,False
20260213_mini-v2.0.0a0_gemini-3-flash,faker-ruby__faker-2970,21,0.12987970000000001,False,,False
20260213_mini-v2.0.0a0_gemini-3-flash,fastlane__fastlane-19207,64,0.5298464499999999,False,,False
20260213_mini-v2.0.0a0_gemini-3-flash,fastlane__fastlane-19304,21,0.15773774999999998,True,,False
20260213_mini-v2.0.0a0_gemini-3-flash,fastlane__fastlane-19765,30,0.20671269999999994,True,,False
20260213_mini-v2.0.0a0_gemini-3-flash,fastlane__fastlane-20642,34,0.22197625,False,,False
20260213_mini-v2.0.0a0_gemini-3-flash,fastlane__fastlane-20958,30,0.21431794999999998,True,,False
20260213_mini-v2.0.0a0_gemini-3-flash,fastlane__fastlane-20975,37,0.24563725,True,,False
20260213_mini-v2.0.0a0_gemini-3-flash,fastlane__fastlane-21857,36,0.26808575000000007,True,,False
20260213_mini-v2.0.0a0_gemini-3-flash,fluent__fluentd-3328,50,0.3342425,True,,False
20260213_mini-v2.0.0a0_gemini-3-flash,fluent__fluentd-3466,50,0.44469994999999995,False,,False
20260213_mini-v2.0.0a0_gemini-3-flash,fluent__fluentd-3608,50,0.3893083,True,,False
20260213_mini-v2.0.0a0_gemini-3-flash,fluent__fluentd-3616,38,0.24710965000000004,True,,False
20260213_mini-v2.0.0a0_gemini-3-flash,fluent__fluentd-3631,48,0.28818569999999993,True,,False
20260213_mini-v2.0.0a0_gemini-3-flash,fluent__fluentd-3640,26,0.20397800000000002,False,,False
20260213_mini-v2.0.0a0_gemini-3-flash,fluent__fluentd-3641,43,0.28558410000000006,False,,False
20260213_mini-v2.0.0a0_gemini-3-flash,fluent__fluentd-3917,31,0.22543025,True,,False
20260213_mini-v2.0.0a0_gemini-3-flash,fluent__fluentd-4030,49,0.38493815000000003,True,,False
20260213_mini-v2.0.0a0_gemini-3-flash,fluent__fluentd-4311,71,0.4484717000000001,False,,False
20260213_mini-v2.0.0a0_gemini-3-flash,fluent__fluentd-4598,29,0.20014110000000002,True,,False
20260213_mini-v2.0.0a0_gemini-3-flash,fluent__fluentd-4655,43,0.25863055,True,,False
20260213_mini-v2.0.0a0_gemini-3-flash,fmtlib__fmt-1683,67,0.42248795,True,,False
20260213_mini-v2.0.0a0_gemini-3-flash,fmtlib__fmt-2310,62,0.4139338000000001,True,,False
20260213_mini-v2.0.0a0_gemini-3-flash,fmtlib__fmt-2317,99,0.6364434,True,,False
20260213_mini-v2.0.0a0_gemini-3-flash,fmtlib__fmt-2457,42,0.26683254999999995,True,,False
20260213_mini-v2.0.0a0_gemini-3-flash,fmtlib__fmt-3158,88,0.6897835999999999,True,,False
20260213_mini-v2.0.0a0_gemini-3-flash,fmtlib__fmt-3248,65,0.4515269,True,,False
20260213_mini-v2.0.0a0_gemini-3-flash,fmtlib__fmt-3272,74,0.6103101000000001,True,,False
20260213_mini-v2.0.0a0_gemini-3-flash,fmtlib__fmt-3729,19,0.14919245,True,,False
20260213_mini-v2.0.0a0_gemini-3-flash,fmtlib__fmt-3750,62,0.36193795000000006,False,,False
20260213_mini-v2.0.0a0_gemini-3-flash,fmtlib__fmt-3863,64,0.5013156,True,,False
20260213_mini-v2.0.0a0_gemini-3-flash,fmtlib__fmt-3901,56,0.34016405000000005,True,,False
20260213_mini-v2.0.0a0_gemini-3-flash,gin-gonic__gin-1805,46,0.27657515,True,,False
20260213_mini-v2.0.0a0_gemini-3-flash,gin-gonic__gin-1957,57,0.33134435,True,,False
20260213_mini-v2.0.0a0_gemini-3-flash,gin-gonic__gin-2121,29,0.16514365,True,,False
20260213_mini-v2.0.0a0_gemini-3-flash,gin-gonic__gin-2755,47,0.26006360000000006,False,,False
20260213_mini-v2.0.0a0_gemini-3-flash,gin-gonic__gin-3227,41,0.21392670000000003,False,,False
20260213_mini-v2.0.0a0_gemini-3-flash,gin-gonic__gin-3741,42,0.20367244999999995,True,,False
20260213_mini-v2.0.0a0_gemini-3-flash,gin-gonic__gin-3820,28,0.16669140000000005,False,,False
20260213_mini-v2.0.0a0_gemini-3-flash,gin-gonic__gin-4003,34,0.23485165,True,,False
20260213_mini-v2.0.0a0_gemini-3-flash,gohugoio__hugo-12171,71,0.44359675,True,,False
20260213_mini-v2.0.0a0_gemini-3-flash,gohugoio__hugo-12204,48,0.2898380499999999,False,,False
20260213_mini-v2.0.0a0_gemini-3-flash,gohugoio__hugo-12343,49,0.2562187000000001,True,,False
20260213_mini-v2.0.0a0_gemini-3-flash,gohugoio__hugo-12448,193,1.6213829499999999,True,,False
20260213_mini-v2.0.0a0_gemini-3-flash,gohugoio__hugo-12562,104,0.6321860999999999,True,,False
20260213_mini-v2.0.0a0_gemini-3-flash,gohugoio__hugo-12579,50,0.29881125,True,,False
20260213_mini-v2.0.0a0_gemini-3-flash,gohugoio__hugo-12768,26,0.12704905000000002,True,,False
20260213_mini-v2.0.0a0_gemini-3-flash,google__gson-1014,53,0.3182875499999999,True,,False
20260213_mini-v2.0.0a0_gemini-3-flash,google__gson-1093,70,0.3815352500000001,True,,False
20260213_mini-v2.0.0a0_gemini-3-flash,google__gson-1100,47,0.2813426499999999,True,,False
20260213_mini-v2.0.0a0_gemini-3-flash,google__gson-2024,30,0.14390260000000002,True,,False
20260213_mini-v2.0.0a0_gemini-3-flash,google__gson-2061,37,0.21147625,True,,False
20260213_mini-v2.0.0a0_gemini-3-flash,google__gson-2134,34,0.19504860000000002,True,,False
20260213_mini-v2.0.0a0_gemini-3-flash,google__gson-2158,47,0.27513989999999994,True,,False
20260213_mini-v2.0.0a0_gemini-3-flash,google__gson-2311,19,0.18763575,True,,False
20260213_mini-v2.0.0a0_gemini-3-flash,google__gson-2479,36,0.22755714999999993,False,,False
20260213_mini-v2.0.0a0_gemini-3-flash,hashicorp__terraform-34580,34,0.16743905000000003,True,,False
20260213_mini-v2.0.0a0_gemini-3-flash,hashicorp__terraform-34814,36,0.2174592,True,,False
20260213_mini-v2.0.0a0_gemini-3-flash,hashicorp__terraform-34900,93,0.7374821500000002,False,,False
20260213_mini-v2.0.0a0_gemini-3-flash,hashicorp__terraform-35543,77,0.4631018000000001,False,,False
20260213_mini-v2.0.0a0_gemini-3-flash,hashicorp__terraform-35611,61,0.4043479499999999,True,,False
20260213_mini-v2.0.0a0_gemini-3-flash,immutable-js__immutable-js-2005,77,0.5223946999999999,True,,False
20260213_mini-v2.0.0a0_gemini-3-flash,immutable-js__immutable-js-2006,36,0.21288359999999998,True,,False
20260213_mini-v2.0.0a0_gemini-3-flash,javaparser__javaparser-4538,48,0.26629970000000003,True,,False
20260213_mini-v2.0.0a0_gemini-3-flash,javaparser__javaparser-4561,56,0.26250809999999997,True,,False
20260213_mini-v2.0.0a0_gemini-3-flash,jekyll__jekyll-8047,40,0.18027864999999998,True,,False
20260213_mini-v2.0.0a0_gemini-3-flash,jekyll__jekyll-8167,48,0.3592976999999999,True,,False
20260213_mini-v2.0.0a0_gemini-3-flash,jekyll__jekyll-8761,53,0.28462470000000006,False,,False
20260213_mini-v2.0.0a0_gemini-3-flash,jekyll__jekyll-8771,40,0.25500895,False,,False
20260213_mini-v2.0.0a0_gemini-3-flash,jekyll__jekyll-9141,57,0.34792894999999996,False,,False
20260213_mini-v2.0.0a0_gemini-3-flash,jordansissel__fpm-1829,35,0.27079305,False,,False
20260213_mini-v2.0.0a0_gemini-3-flash,jordansissel__fpm-1850,45,0.27951285,True,,False
20260213_mini-v2.0.0a0_gemini-3-flash,jqlang__jq-2235,78,0.5405215,False,,False
20260213_mini-v2.0.0a0_gemini-3-flash,jqlang__jq-2598,41,0.24168955000000003,True,,False
20260213_mini-v2.0.0a0_gemini-3-flash,jqlang__jq-2650,59,0.39833530000000006,True,,False
20260213_mini-v2.0.0a0_gemini-3-flash,jqlang__jq-2658,42,0.2245437,True,,False
20260213_mini-v2.0.0a0_gemini-3-flash,jqlang__jq-2681,126,0.8825789499999999,True,,False
20260213_mini-v2.0.0a0_gemini-3-flash,jqlang__jq-2728,45,0.2743296,False,,False
20260213_mini-v2.0.0a0_gemini-3-flash,jqlang__jq-2750,184,2.184961600000001,False,,False
20260213_mini-v2.0.0a0_gemini-3-flash,jqlang__jq-2839,68,0.4216306499999999,True,,False
20260213_mini-v2.0.0a0_gemini-3-flash,jqlang__jq-2919,43,0.30985139999999994,True,,False
20260213_mini-v2.0.0a0_gemini-3-flash,laravel__framework-46234,38,0.25033459999999996,False,,False
20260213_mini-v2.0.0a0_gemini-3-flash,laravel__framework-48573,34,0.23384635,True,,False
20260213_mini-v2.0.0a0_gemini-3-flash,laravel__framework-48636,36,0.21686065000000004,True,,False
20260213_mini-v2.0.0a0_gemini-3-flash,laravel__framework-51195,96,0.7968755999999999,False,,False
20260213_mini-v2.0.0a0_gemini-3-flash,laravel__framework-51890,44,0.28814264999999994,True,,False
20260213_mini-v2.0.0a0_gemini-3-flash,laravel__framework-52451,53,0.35969984999999993,True,,False
20260213_mini-v2.0.0a0_gemini-3-flash,laravel__framework-52680,30,0.20343975000000003,True,,False
20260213_mini-v2.0.0a0_gemini-3-flash,laravel__framework-52684,43,0.23137389999999994,True,,False
20260213_mini-v2.0.0a0_gemini-3-flash,laravel__framework-52866,53,0.29999919999999997,True,,False
20260213_mini-v2.0.0a0_gemini-3-flash,laravel__framework-53206,56,0.33527190000000007,True,,False
20260213_mini-v2.0.0a0_gemini-3-flash,laravel__framework-53696,38,0.2768503499999999,True,,False
20260213_mini-v2.0.0a0_gemini-3-flash,laravel__framework-53914,52,0.38386019999999993,True,,False
20260213_mini-v2.0.0a0_gemini-3-flash,laravel__framework-53949,32,0.22985844999999996,True,,False
20260213_mini-v2.0.0a0_gemini-3-flash,micropython__micropython-10095,55,0.3563813,True,,False
20260213_mini-v2.0.0a0_gemini-3-flash,micropython__micropython-12158,67,0.4168458,True,,False
20260213_mini-v2.0.0a0_gemini-3-flash,micropython__micropython-13039,67,0.39900015,True,,False
20260213_mini-v2.0.0a0_gemini-3-flash,micropython__micropython-13569,85,0.5806107,True,,False
20260213_mini-v2.0.0a0_gemini-3-flash,micropython__micropython-15898,34,0.2353263,True,,False
20260213_mini-v2.0.0a0_gemini-3-flash,mrdoob__three.js-25687,42,0.23458495000000001,False,,False
20260213_mini-v2.0.0a0_gemini-3-flash,mrdoob__three.js-26589,43,0.2022869999999999,True,,False
20260213_mini-v2.0.0a0_gemini-3-flash,mrdoob__three.js-27395,53,0.312572,True,,False
20260213_mini-v2.0.0a0_gemini-3-flash,nlohmann__json-4237,55,0.3895851,True,,False
20260213_mini-v2.0.0a0_gemini-3-flash,nushell__nushell-12901,111,0.6755261999999997,True,,False
20260213_mini-v2.0.0a0_gemini-3-flash,nushell__nushell-12950,59,0.3572776500000001,True,,False
20260213_mini-v2.0.0a0_gemini-3-flash,nushell__nushell-13246,43,0.29176745,True,,False
20260213_mini-v2.0.0a0_gemini-3-flash,nushell__nushell-13605,42,0.25718995,True,,False
20260213_mini-v2.0.0a0_gemini-3-flash,nushell__nushell-13831,27,0.15307729999999997,True,,False
20260213_mini-v2.0.0a0_gemini-3-flash,php-cs-fixer__php-cs-fixer-7523,42,0.29078975,True,,False
20260213_mini-v2.0.0a0_gemini-3-flash,php-cs-fixer__php-cs-fixer-7635,73,0.6483181500000001,False,,False
20260213_mini-v2.0.0a0_gemini-3-flash,php-cs-fixer__php-cs-fixer-7663,47,0.33399439999999986,False,,False
20260213_mini-v2.0.0a0_gemini-3-flash,php-cs-fixer__php-cs-fixer-7875,53,0.3394159999999999,False,,False
20260213_mini-v2.0.0a0_gemini-3-flash,php-cs-fixer__php-cs-fixer-7998,36,0.20401955000000008,False,,False
20260213_mini-v2.0.0a0_gemini-3-flash,php-cs-fixer__php-cs-fixer-8064,38,0.2294821,True,,False
20260213_mini-v2.0.0a0_gemini-3-flash,php-cs-fixer__php-cs-fixer-8075,39,0.22977709999999996,False,,False
20260213_mini-v2.0.0a0_gemini-3-flash,php-cs-fixer__php-cs-fixer-8256,38,0.25236505,True,,False
20260213_mini-v2.0.0a0_gemini-3-flash,php-cs-fixer__php-cs-fixer-8331,33,0.17692255,True,,False
20260213_mini-v2.0.0a0_gemini-3-flash,php-cs-fixer__php-cs-fixer-8367,42,0.20571114999999998,True,,False
20260213_mini-v2.0.0a0_gemini-3-flash,phpoffice__phpspreadsheet-3463,32,0.27184629999999993,True,,False
20260213_mini-v2.0.0a0_gemini-3-flash,phpoffice__phpspreadsheet-3469,76,0.4477396999999998,False,,False
20260213_mini-v2.0.0a0_gemini-3-flash,phpoffice__phpspreadsheet-3570,53,0.32150085,False,,False
20260213_mini-v2.0.0a0_gemini-3-flash,phpoffice__phpspreadsheet-3659,50,0.3213352499999999,False,,False
20260213_mini-v2.0.0a0_gemini-3-flash,phpoffice__phpspreadsheet-3903,40,0.24889674999999997,True,,False
20260213_mini-v2.0.0a0_gemini-3-flash,phpoffice__phpspreadsheet-3940,45,0.2968629,True,,False
20260213_mini-v2.0.0a0_gemini-3-flash,phpoffice__phpspreadsheet-4114,48,0.3336127999999998,True,,False
20260213_mini-v2.0.0a0_gemini-3-flash,phpoffice__phpspreadsheet-4186,28,0.12677779999999997,True,,False
20260213_mini-v2.0.0a0_gemini-3-flash,phpoffice__phpspreadsheet-4214,43,0.303012,True,,False
20260213_mini-v2.0.0a0_gemini-3-flash,phpoffice__phpspreadsheet-4313,41,0.3457201500000001,True,,False
20260213_mini-v2.0.0a0_gemini-3-flash,preactjs__preact-2757,40,0.25858875000000003,False,,False
20260213_mini-v2.0.0a0_gemini-3-flash,preactjs__preact-2896,37,0.1968923,True,,False
20260213_mini-v2.0.0a0_gemini-3-flash,preactjs__preact-2927,24,0.19708879999999998,True,,False
20260213_mini-v2.0.0a0_gemini-3-flash,preactjs__preact-3010,69,0.42496374999999986,True,,False
20260213_mini-v2.0.0a0_gemini-3-flash,preactjs__preact-3062,44,0.3059719,True,,False
20260213_mini-v2.0.0a0_gemini-3-flash,preactjs__preact-3345,63,0.5602381,False,,False
20260213_mini-v2.0.0a0_gemini-3-flash,preactjs__preact-3454,27,0.20019589999999998,False,,False
20260213_mini-v2.0.0a0_gemini-3-flash,preactjs__preact-3562,42,0.3168811,True,,False
20260213_mini-v2.0.0a0_gemini-3-flash,preactjs__preact-3567,36,0.312717,False,,False
20260213_mini-v2.0.0a0_gemini-3-flash,preactjs__preact-3689,53,0.3415384999999998,True,,False
20260213_mini-v2.0.0a0_gemini-3-flash,preactjs__preact-3739,42,0.28000010000000003,True,,False
20260213_mini-v2.0.0a0_gemini-3-flash,preactjs__preact-3763,37,0.22919880000000006,True,,False
20260213_mini-v2.0.0a0_gemini-3-flash,preactjs__preact-4152,40,0.253191,True,,False
20260213_mini-v2.0.0a0_gemini-3-flash,preactjs__preact-4182,53,0.3698727,True,,False
20260213_mini-v2.0.0a0_gemini-3-flash,preactjs__preact-4245,46,0.34540605,True,,False
20260213_mini-v2.0.0a0_gemini-3-flash,preactjs__preact-4316,40,0.3011596,True,,False
20260213_mini-v2.0.0a0_gemini-3-flash,preactjs__preact-4436,61,0.37619305000000003,False,,False
20260213_mini-v2.0.0a0_gemini-3-flash,projectlombok__lombok-2792,67,0.38624025000000006,True,,False
20260213_mini-v2.0.0a0_gemini-3-flash,projectlombok__lombok-3009,51,0.3083166,True,,False
20260213_mini-v2.0.0a0_gemini-3-flash,projectlombok__lombok-3042,48,0.263267,True,,False
20260213_mini-v2.0.0a0_gemini-3-flash,projectlombok__lombok-3052,74,0.61226125,False,,False
20260213_mini-v2.0.0a0_gemini-3-flash,projectlombok__lombok-3215,73,0.4561484500000002,False,,False
20260213_mini-v2.0.0a0_gemini-3-flash,projectlombok__lombok-3312,50,0.3656183999999999,True,,False
20260213_mini-v2.0.0a0_gemini-3-flash,projectlombok__lombok-3326,67,0.52531775,False,,False
20260213_mini-v2.0.0a0_gemini-3-flash,projectlombok__lombok-3350,91,0.4898888500000001,True,,False
20260213_mini-v2.0.0a0_gemini-3-flash,projectlombok__lombok-3371,47,0.2854583,False,,False
20260213_mini-v2.0.0a0_gemini-3-flash,projectlombok__lombok-3422,52,0.2976383,True,,False
20260213_mini-v2.0.0a0_gemini-3-flash,projectlombok__lombok-3479,57,0.2864471999999999,True,,False
20260213_mini-v2.0.0a0_gemini-3-flash,projectlombok__lombok-3486,75,0.38840444999999985,True,,False
20260213_mini-v2.0.0a0_gemini-3-flash,projectlombok__lombok-3571,64,0.3363366000000001,True,,False
20260213_mini-v2.0.0a0_gemini-3-flash,projectlombok__lombok-3594,81,0.5675913,True,,False
20260213_mini-v2.0.0a0_gemini-3-flash,projectlombok__lombok-3602,41,0.21035049999999994,True,,False
20260213_mini-v2.0.0a0_gemini-3-flash,projectlombok__lombok-3674,39,0.23824019999999999,False,,False
20260213_mini-v2.0.0a0_gemini-3-flash,projectlombok__lombok-3697,71,0.41215550000000006,True,,False
20260213_mini-v2.0.0a0_gemini-3-flash,prometheus__prometheus-10633,25,0.15334615000000001,False,,False
20260213_mini-v2.0.0a0_gemini-3-flash,prometheus__prometheus-10720,60,0.43860075,True,,False
20260213_mini-v2.0.0a0_gemini-3-flash,prometheus__prometheus-11859,39,0.28374420000000006,False,,False
20260213_mini-v2.0.0a0_gemini-3-flash,prometheus__prometheus-12874,62,0.37446414999999994,True,,False
20260213_mini-v2.0.0a0_gemini-3-flash,prometheus__prometheus-13845,46,0.2768107,True,,False
20260213_mini-v2.0.0a0_gemini-3-flash,prometheus__prometheus-14861,47,0.23767859999999996,True,,False
20260213_mini-v2.0.0a0_gemini-3-flash,prometheus__prometheus-15142,70,0.4831334000000001,False,,False
20260213_mini-v2.0.0a0_gemini-3-flash,prometheus__prometheus-9248,134,0.8776918000000002,True,,False
20260213_mini-v2.0.0a0_gemini-3-flash,reactivex__rxjava-7597,50,0.30074215000000004,True,,False
20260213_mini-v2.0.0a0_gemini-3-flash,redis__redis-10068,58,0.34898145,True,,False
20260213_mini-v2.0.0a0_gemini-3-flash,redis__redis-10095,80,0.47632895000000014,True,,False
20260213_mini-v2.0.0a0_gemini-3-flash,redis__redis-10764,64,0.4024234499999999,True,,False
20260213_mini-v2.0.0a0_gemini-3-flash,redis__redis-11279,43,0.26229175,False,,False
20260213_mini-v2.0.0a0_gemini-3-flash,redis__redis-11510,44,0.25811115,True,,False
20260213_mini-v2.0.0a0_gemini-3-flash,redis__redis-11631,51,0.32251545000000004,True,,False
20260213_mini-v2.0.0a0_gemini-3-flash,redis__redis-11734,80,0.6466657500000004,False,,False
20260213_mini-v2.0.0a0_gemini-3-flash,redis__redis-12272,35,0.23292259999999998,True,,False
20260213_mini-v2.0.0a0_gemini-3-flash,redis__redis-12472,47,0.28083634999999996,True,,False
20260213_mini-v2.0.0a0_gemini-3-flash,redis__redis-13115,73,0.46420745,False,,False
20260213_mini-v2.0.0a0_gemini-3-flash,redis__redis-13338,49,0.40528439999999993,False,,False
20260213_mini-v2.0.0a0_gemini-3-flash,redis__redis-9733,75,0.4770382999999999,True,,False
20260213_mini-v2.0.0a0_gemini-3-flash,rubocop__rubocop-13362,55,0.40023719999999985,True,,False
20260213_mini-v2.0.0a0_gemini-3-flash,rubocop__rubocop-13375,72,0.4605068499999999,True,,False
20260213_mini-v2.0.0a0_gemini-3-flash,rubocop__rubocop-13393,72,0.5500248,True,,False
20260213_mini-v2.0.0a0_gemini-3-flash,rubocop__rubocop-13396,77,0.6421689500000001,False,,False
20260213_mini-v2.0.0a0_gemini-3-flash,rubocop__rubocop-13424,29,0.24024930000000003,True,,False
20260213_mini-v2.0.0a0_gemini-3-flash,rubocop__rubocop-13431,48,0.34369570000000005,True,,False
20260213_mini-v2.0.0a0_gemini-3-flash,rubocop__rubocop-13479,21,0.1363776,True,,False
20260213_mini-v2.0.0a0_gemini-3-flash,rubocop__rubocop-13503,34,0.23005094999999998,True,,False
20260213_mini-v2.0.0a0_gemini-3-flash,rubocop__rubocop-13560,30,0.2540165,False,,False
20260213_mini-v2.0.0a0_gemini-3-flash,rubocop__rubocop-13579,46,0.29170364999999987,True,,False
20260213_mini-v2.0.0a0_gemini-3-flash,rubocop__rubocop-13627,35,0.31055425,False,,False
20260213_mini-v2.0.0a0_gemini-3-flash,rubocop__rubocop-13653,46,0.30544985,True,,False
20260213_mini-v2.0.0a0_gemini-3-flash,rubocop__rubocop-13668,33,0.27827555,True,,False
20260213_mini-v2.0.0a0_gemini-3-flash,rubocop__rubocop-13680,67,0.53747845,True,,False
20260213_mini-v2.0.0a0_gemini-3-flash,rubocop__rubocop-13687,75,0.5556893,True,,False
20260213_mini-v2.0.0a0_gemini-3-flash,rubocop__rubocop-13705,35,0.2610714999999999,True,,False
20260213_mini-v2.0.0a0_gemini-3-flash,sharkdp__bat-1892,76,0.4756238,True,,False
20260213_mini-v2.0.0a0_gemini-3-flash,sharkdp__bat-2201,48,0.40440814999999997,True,,False
20260213_mini-v2.0.0a0_gemini-3-flash,sharkdp__bat-2260,31,0.25070499999999996,True,,False
20260213_mini-v2.0.0a0_gemini-3-flash,sharkdp__bat-2393,58,0.3870471,True,,False
20260213_mini-v2.0.0a0_gemini-3-flash,sharkdp__bat-2650,36,0.22724510000000003,True,,False
20260213_mini-v2.0.0a0_gemini-3-flash,sharkdp__bat-2835,37,0.25457810000000003,True,,False
20260213_mini-v2.0.0a0_gemini-3-flash,sharkdp__bat-3108,53,0.28943635000000006,False,,False
20260213_mini-v2.0.0a0_gemini-3-flash,sharkdp__bat-562,38,0.22333155,True,,False
20260213_mini-v2.0.0a0_gemini-3-flash,tokio-rs__axum-1119,55,0.29745399999999994,True,,False
20260213_mini-v2.0.0a0_gemini-3-flash,tokio-rs__axum-1730,59,0.5449975999999999,True,,False
20260213_mini-v2.0.0a0_gemini-3-flash,tokio-rs__axum-1934,56,0.3370546000000001,True,,False
20260213_mini-v2.0.0a0_gemini-3-flash,tokio-rs__axum-2096,62,0.41956764999999996,False,,False
20260213_mini-v2.0.0a0_gemini-3-flash,tokio-rs__axum-682,55,0.31196679999999993,True,,False
20260213_mini-v2.0.0a0_gemini-3-flash,tokio-rs__axum-691,64,0.3932934,True,,False
20260213_mini-v2.0.0a0_gemini-3-flash,tokio-rs__axum-734,53,0.3008681999999999,True,,False
20260213_mini-v2.0.0a0_gemini-3-flash,tokio-rs__tokio-4384,78,0.5131491999999999,False,,False
20260213_mini-v2.0.0a0_gemini-3-flash,tokio-rs__tokio-4867,46,0.29159684999999996,True,,False
20260213_mini-v2.0.0a0_gemini-3-flash,tokio-rs__tokio-4898,28,0.15930139999999995,True,,False
20260213_mini-v2.0.0a0_gemini-3-flash,tokio-rs__tokio-6551,67,0.42093974999999995,True,,False
20260213_mini-v2.0.0a0_gemini-3-flash,tokio-rs__tokio-6603,40,0.27152194999999996,True,,False
20260213_mini-v2.0.0a0_gemini-3-flash,tokio-rs__tokio-6724,42,0.2563873,True,,False
20260213_mini-v2.0.0a0_gemini-3-flash,tokio-rs__tokio-6752,45,0.28425615,True,,False
20260213_mini-v2.0.0a0_gemini-3-flash,tokio-rs__tokio-6838,49,0.2802056,True,,False
20260213_mini-v2.0.0a0_gemini-3-flash,tokio-rs__tokio-7139,52,0.34647615,True,,False
20260213_mini-v2.0.0a0_gemini-3-flash,uutils__coreutils-6377,64,0.46287464999999983,False,,False
20260213_mini-v2.0.0a0_gemini-3-flash,uutils__coreutils-6575,49,0.26415115000000006,False,,False
20260213_mini-v2.0.0a0_gemini-3-flash,uutils__coreutils-6682,27,0.14865930000000002,True,,False
20260213_mini-v2.0.0a0_gemini-3-flash,uutils__coreutils-6690,129,0.48517960000000004,True,,False
20260213_mini-v2.0.0a0_gemini-3-flash,uutils__coreutils-6731,39,0.23420245,True,,False
20260213_mini-v2.0.0a0_gemini-3-flash,valkey-io__valkey-1499,33,0.2141975,True,,False
20260213_mini-v2.0.0a0_gemini-3-flash,valkey-io__valkey-1842,81,0.5985348499999998,True,,False
20260213_mini-v2.0.0a0_gemini-3-flash,valkey-io__valkey-790,53,0.30885550000000006,True,,False
20260213_mini-v2.0.0a0_gemini-3-flash,valkey-io__valkey-928,82,0.6113152500000001,True,,False
20260213_mini-v2.0.0a0_gemini-3-flash,vuejs__core-11589,42,0.2681469,True,,False
20260213_mini-v2.0.0a0_gemini-3-flash,vuejs__core-11739,86,0.8080544500000001,False,,False
20260213_mini-v2.0.0a0_gemini-3-flash,vuejs__core-11870,48,0.27497189999999994,True,,False
20260213_mini-v2.0.0a0_gemini-3-flash,vuejs__core-11899,30,0.24567830000000004,False,,False
20260213_mini-v2.0.0a0_gemini-3-flash,vuejs__core-11915,67,0.3849543,True,,False
20260213_mini-v2.0.0a0_gemini-3-pro,apache__druid-13704,44,0.6710784000000001,True,,False
20260213_mini-v2.0.0a0_gemini-3-pro,apache__druid-14092,21,0.4997896,True,,False
20260213_mini-v2.0.0a0_gemini-3-pro,apache__druid-14136,45,1.0348941999999999,False,,False
20260213_mini-v2.0.0a0_gemini-3-pro,apache__druid-15402,36,0.7364120000000001,True,,False
20260213_mini-v2.0.0a0_gemini-3-pro,apache__druid-16875,29,0.4669128,True,,False
20260213_mini-v2.0.0a0_gemini-3-pro,apache__lucene-11760,39,0.6217772000000001,True,,False
20260213_mini-v2.0.0a0_gemini-3-pro,apache__lucene-12022,66,1.2689428000000003,False,,False
20260213_mini-v2.0.0a0_gemini-3-pro,apache__lucene-12196,56,0.8716810000000002,True,,False
20260213_mini-v2.0.0a0_gemini-3-pro,apache__lucene-12212,55,1.0554687999999999,True,,False
20260213_mini-v2.0.0a0_gemini-3-pro,apache__lucene-12626,57,0.8569519999999999,True,,False
20260213_mini-v2.0.0a0_gemini-3-pro,apache__lucene-13170,36,0.5356394,True,,False
20260213_mini-v2.0.0a0_gemini-3-pro,apache__lucene-13301,21,0.5559468,False,,False
20260213_mini-v2.0.0a0_gemini-3-pro,apache__lucene-13494,66,1.1253208,True,,False
20260213_mini-v2.0.0a0_gemini-3-pro,apache__lucene-13704,80,1.8623214,True,,False
20260213_mini-v2.0.0a0_gemini-3-pro,astral-sh__ruff-15309,41,0.9974173999999999,False,,False
20260213_mini-v2.0.0a0_gemini-3-pro,astral-sh__ruff-15330,55,1.2819026,True,,False
20260213_mini-v2.0.0a0_gemini-3-pro,astral-sh__ruff-15356,53,1.1874605999999999,True,,False
20260213_mini-v2.0.0a0_gemini-3-pro,astral-sh__ruff-15394,32,0.6868279999999999,False,,False
20260213_mini-v2.0.0a0_gemini-3-pro,astral-sh__ruff-15443,33,0.4533671999999999,True,,False
20260213_mini-v2.0.0a0_gemini-3-pro,astral-sh__ruff-15543,62,1.0673597999999997,True,,False
20260213_mini-v2.0.0a0_gemini-3-pro,astral-sh__ruff-15626,50,0.8783913999999998,True,,False
20260213_mini-v2.0.0a0_gemini-3-pro,axios__axios-4731,24,0.33194359999999995,True,,False
20260213_mini-v2.0.0a0_gemini-3-pro,axios__axios-4738,50,0.8121770000000001,True,,False
20260213_mini-v2.0.0a0_gemini-3-pro,axios__axios-5085,52,0.9056178,True,,False
20260213_mini-v2.0.0a0_gemini-3-pro,axios__axios-5316,70,1.4798718000000002,False,,False
20260213_mini-v2.0.0a0_gemini-3-pro,axios__axios-5892,27,0.3649094000000001,True,,False
20260213_mini-v2.0.0a0_gemini-3-pro,axios__axios-6539,40,0.855027,False,,False
20260213_mini-v2.0.0a0_gemini-3-pro,babel__babel-13928,48,0.7483056,True,,False
20260213_mini-v2.0.0a0_gemini-3-pro,babel__babel-14532,119,2.920559999999999,True,,False
20260213_mini-v2.0.0a0_gemini-3-pro,babel__babel-15445,46,0.7859753999999999,False,,False
20260213_mini-v2.0.0a0_gemini-3-pro,babel__babel-15649,30,0.6698739999999999,False,,False
20260213_mini-v2.0.0a0_gemini-3-pro,babel__babel-16130,50,0.9038073999999999,False,,False
20260213_mini-v2.0.0a0_gemini-3-pro,briannesbitt__carbon-2665,38,0.6192126000000001,True,,False
20260213_mini-v2.0.0a0_gemini-3-pro,briannesbitt__carbon-2752,31,0.5172396000000001,True,,False
20260213_mini-v2.0.0a0_gemini-3-pro,briannesbitt__carbon-2762,71,1.3876004,True,,False
20260213_mini-v2.0.0a0_gemini-3-pro,briannesbitt__carbon-2813,58,1.0121419999999999,False,,False
20260213_mini-v2.0.0a0_gemini-3-pro,briannesbitt__carbon-2981,91,1.558128399999999,True,,False
20260213_mini-v2.0.0a0_gemini-3-pro,briannesbitt__carbon-3005,125,3.0304133999999987,False,,False
20260213_mini-v2.0.0a0_gemini-3-pro,briannesbitt__carbon-3041,68,1.1942428000000003,False,,False
20260213_mini-v2.0.0a0_gemini-3-pro,briannesbitt__carbon-3073,56,0.8818724000000001,True,,False
20260213_mini-v2.0.0a0_gemini-3-pro,briannesbitt__carbon-3098,48,0.8430019999999996,True,,False
20260213_mini-v2.0.0a0_gemini-3-pro,briannesbitt__carbon-3103,41,0.7334132,True,,False
20260213_mini-v2.0.0a0_gemini-3-pro,burntsushi__ripgrep-2209,55,3.0247616,False,,False
20260213_mini-v2.0.0a0_gemini-3-pro,burntsushi__ripgrep-2576,64,1.720386,True,,False
20260213_mini-v2.0.0a0_gemini-3-pro,caddyserver__caddy-4774,56,1.0058146,True,,False
20260213_mini-v2.0.0a0_gemini-3-pro,caddyserver__caddy-4943,58,1.1713632,False,,False
20260213_mini-v2.0.0a0_gemini-3-pro,caddyserver__caddy-5404,39,0.7884861999999999,False,,False
20260213_mini-v2.0.0a0_gemini-3-pro,caddyserver__caddy-5626,50,1.0428012,True,,False
20260213_mini-v2.0.0a0_gemini-3-pro,caddyserver__caddy-5761,42,0.7684377999999997,False,,False
20260213_mini-v2.0.0a0_gemini-3-pro,caddyserver__caddy-5870,133,3.0143290000000005,False,,False
20260213_mini-v2.0.0a0_gemini-3-pro,caddyserver__caddy-5995,61,1.0670738,True,,False
20260213_mini-v2.0.0a0_gemini-3-pro,caddyserver__caddy-6051,40,0.6302948000000002,False,,False
20260213_mini-v2.0.0a0_gemini-3-pro,caddyserver__caddy-6115,20,0.395289,False,,False
20260213_mini-v2.0.0a0_gemini-3-pro,caddyserver__caddy-6288,58,1.2193684,True,,False
20260213_mini-v2.0.0a0_gemini-3-pro,caddyserver__caddy-6345,27,0.4345646000000001,False,,False
20260213_mini-v2.0.0a0_gemini-3-pro,caddyserver__caddy-6350,64,1.2210018000000002,True,,False
20260213_mini-v2.0.0a0_gemini-3-pro,caddyserver__caddy-6370,37,0.7519050000000002,True,,False
20260213_mini-v2.0.0a0_gemini-3-pro,caddyserver__caddy-6411,24,0.3572118000000001,False,,False
20260213_mini-v2.0.0a0_gemini-3-pro,facebook__docusaurus-10130,25,0.3763293999999999,True,,False
20260213_mini-v2.0.0a0_gemini-3-pro,facebook__docusaurus-10309,30,0.569963,True,,False
20260213_mini-v2.0.0a0_gemini-3-pro,facebook__docusaurus-8927,50,1.0408518,False,,False
20260213_mini-v2.0.0a0_gemini-3-pro,facebook__docusaurus-9183,30,0.3499228,False,,False
20260213_mini-v2.0.0a0_gemini-3-pro,facebook__docusaurus-9897,29,0.5113614,True,,False
20260213_mini-v2.0.0a0_gemini-3-pro,faker-ruby__faker-2705,43,1.0478933999999998,False,,False
20260213_mini-v2.0.0a0_gemini-3-pro,faker-ruby__faker-2970,50,0.9716668000000002,True,,False
20260213_mini-v2.0.0a0_gemini-3-pro,fastlane__fastlane-19207,35,0.7615505999999999,False,,False
20260213_mini-v2.0.0a0_gemini-3-pro,fastlane__fastlane-19304,19,0.29267699999999996,True,,False
20260213_mini-v2.0.0a0_gemini-3-pro,fastlane__fastlane-19765,30,0.5014172,True,,False
20260213_mini-v2.0.0a0_gemini-3-pro,fastlane__fastlane-20642,51,0.8298442000000001,False,,False
20260213_mini-v2.0.0a0_gemini-3-pro,fastlane__fastlane-20958,36,0.5792186,True,,False
20260213_mini-v2.0.0a0_gemini-3-pro,fastlane__fastlane-20975,32,0.5452583999999998,True,,False
20260213_mini-v2.0.0a0_gemini-3-pro,fastlane__fastlane-21857,33,0.5215186,True,,False
20260213_mini-v2.0.0a0_gemini-3-pro,fluent__fluentd-3328,72,1.4689806000000003,True,,False
20260213_mini-v2.0.0a0_gemini-3-pro,fluent__fluentd-3466,47,3.045391,False,,False
20260213_mini-v2.0.0a0_gemini-3-pro,fluent__fluentd-3608,50,0.8520924,True,,False
20260213_mini-v2.0.0a0_gemini-3-pro,fluent__fluentd-3616,36,0.6144990000000001,True,,False
20260213_mini-v2.0.0a0_gemini-3-pro,fluent__fluentd-3631,38,0.7006998,True,,False
20260213_mini-v2.0.0a0_gemini-3-pro,fluent__fluentd-3640,14,0.2483334,False,,False
20260213_mini-v2.0.0a0_gemini-3-pro,fluent__fluentd-3641,38,0.7335622000000002,False,,False
20260213_mini-v2.0.0a0_gemini-3-pro,fluent__fluentd-3917,28,0.609279,False,,False
20260213_mini-v2.0.0a0_gemini-3-pro,fluent__fluentd-4030,83,1.6562933999999998,False,,False
20260213_mini-v2.0.0a0_gemini-3-pro,fluent__fluentd-4311,48,0.852374,False,,False
20260213_mini-v2.0.0a0_gemini-3-pro,fluent__fluentd-4598,25,0.3723254,True,,False
20260213_mini-v2.0.0a0_gemini-3-pro,fluent__fluentd-4655,43,0.6373410000000003,True,,False
20260213_mini-v2.0.0a0_gemini-3-pro,fmtlib__fmt-1683,45,0.688984,True,,False
20260213_mini-v2.0.0a0_gemini-3-pro,fmtlib__fmt-2310,82,1.5192853999999998,False,,False
20260213_mini-v2.0.0a0_gemini-3-pro,fmtlib__fmt-2317,71,1.2898626000000002,True,,False
20260213_mini-v2.0.0a0_gemini-3-pro,fmtlib__fmt-2457,53,1.5604027999999996,True,,False
20260213_mini-v2.0.0a0_gemini-3-pro,fmtlib__fmt-3158,81,2.0355108,True,,False
20260213_mini-v2.0.0a0_gemini-3-pro,fmtlib__fmt-3248,63,1.0088974,True,,False
20260213_mini-v2.0.0a0_gemini-3-pro,fmtlib__fmt-3272,91,2.0842384000000003,False,,False
20260213_mini-v2.0.0a0_gemini-3-pro,fmtlib__fmt-3729,30,0.5739831999999998,True,,False
20260213_mini-v2.0.0a0_gemini-3-pro,fmtlib__fmt-3750,57,0.9526706,False,,False
20260213_mini-v2.0.0a0_gemini-3-pro,fmtlib__fmt-3863,63,1.3634431999999999,True,,False
20260213_mini-v2.0.0a0_gemini-3-pro,fmtlib__fmt-3901,57,1.0090398,True,,False
20260213_mini-v2.0.0a0_gemini-3-pro,gin-gonic__gin-1805,51,1.0106822000000002,True,,False
20260213_mini-v2.0.0a0_gemini-3-pro,gin-gonic__gin-1957,78,1.2133180000000001,False,,False
20260213_mini-v2.0.0a0_gemini-3-pro,gin-gonic__gin-2121,23,0.3133564,True,,False
20260213_mini-v2.0.0a0_gemini-3-pro,gin-gonic__gin-2755,42,0.7178071999999999,False,,False
20260213_mini-v2.0.0a0_gemini-3-pro,gin-gonic__gin-3227,48,0.9028539999999999,False,,False
20260213_mini-v2.0.0a0_gemini-3-pro,gin-gonic__gin-3741,28,0.4232304,True,,False
20260213_mini-v2.0.0a0_gemini-3-pro,gin-gonic__gin-3820,37,0.7153188000000003,False,,False
20260213_mini-v2.0.0a0_gemini-3-pro,gin-gonic__gin-4003,20,0.2613408,True,,False
20260213_mini-v2.0.0a0_gemini-3-pro,gohugoio__hugo-12171,68,1.2810022,True,,False
20260213_mini-v2.0.0a0_gemini-3-pro,gohugoio__hugo-12204,56,1.0142148,False,,False
20260213_mini-v2.0.0a0_gemini-3-pro,gohugoio__hugo-12343,51,1.0578208000000004,True,,False
20260213_mini-v2.0.0a0_gemini-3-pro,gohugoio__hugo-12448,152,3.017125799999999,False,,False
20260213_mini-v2.0.0a0_gemini-3-pro,gohugoio__hugo-12562,132,2.775019600000001,True,,False
20260213_mini-v2.0.0a0_gemini-3-pro,gohugoio__hugo-12579,39,0.5775299999999999,True,,False
20260213_mini-v2.0.0a0_gemini-3-pro,gohugoio__hugo-12768,27,0.39024079999999983,True,,False
20260213_mini-v2.0.0a0_gemini-3-pro,google__gson-1014,34,0.582576,False,,False
20260213_mini-v2.0.0a0_gemini-3-pro,google__gson-1093,28,0.38107359999999996,False,,False
20260213_mini-v2.0.0a0_gemini-3-pro,google__gson-1100,79,1.3048525999999998,False,,False
20260213_mini-v2.0.0a0_gemini-3-pro,google__gson-2024,30,0.4840847999999999,True,,False
20260213_mini-v2.0.0a0_gemini-3-pro,google__gson-2061,43,0.6241148,False,,False
20260213_mini-v2.0.0a0_gemini-3-pro,google__gson-2134,33,0.5254477999999999,True,,False
20260213_mini-v2.0.0a0_gemini-3-pro,google__gson-2158,63,1.130898,True,,False
20260213_mini-v2.0.0a0_gemini-3-pro,google__gson-2311,24,0.49520559999999997,True,,False
20260213_mini-v2.0.0a0_gemini-3-pro,google__gson-2479,34,3.135822,False,,False
20260213_mini-v2.0.0a0_gemini-3-pro,hashicorp__terraform-34580,37,0.5466753999999999,True,,False
20260213_mini-v2.0.0a0_gemini-3-pro,hashicorp__terraform-34814,28,0.442016,True,,False
20260213_mini-v2.0.0a0_gemini-3-pro,hashicorp__terraform-34900,120,3.0068148,False,,False
20260213_mini-v2.0.0a0_gemini-3-pro,hashicorp__terraform-35543,98,2.2314154,False,,False
20260213_mini-v2.0.0a0_gemini-3-pro,hashicorp__terraform-35611,46,0.8130866,True,,False
20260213_mini-v2.0.0a0_gemini-3-pro,immutable-js__immutable-js-2005,50,0.8233938000000001,True,,False
20260213_mini-v2.0.0a0_gemini-3-pro,immutable-js__immutable-js-2006,39,0.5274343999999999,True,,False
20260213_mini-v2.0.0a0_gemini-3-pro,javaparser__javaparser-4538,52,0.7802816000000001,True,,False
20260213_mini-v2.0.0a0_gemini-3-pro,javaparser__javaparser-4561,33,0.4455034,True,,False
20260213_mini-v2.0.0a0_gemini-3-pro,jekyll__jekyll-8047,50,0.7652954,True,,False
20260213_mini-v2.0.0a0_gemini-3-pro,jekyll__jekyll-8167,49,1.0072944,True,,False
20260213_mini-v2.0.0a0_gemini-3-pro,jekyll__jekyll-8761,53,0.9226278000000001,False,,False
20260213_mini-v2.0.0a0_gemini-3-pro,jekyll__jekyll-8771,56,1.3306493999999998,False,,False
20260213_mini-v2.0.0a0_gemini-3-pro,jekyll__jekyll-9141,30,0.5695152,False,,False
20260213_mini-v2.0.0a0_gemini-3-pro,jordansissel__fpm-1829,29,0.3781354000000001,False,,False
20260213_mini-v2.0.0a0_gemini-3-pro,jordansissel__fpm-1850,48,0.6700287999999999,True,,False
20260213_mini-v2.0.0a0_gemini-3-pro,jqlang__jq-2235,44,0.6498538,False,,False
20260213_mini-v2.0.0a0_gemini-3-pro,jqlang__jq-2598,27,0.4090122000000001,True,,False
20260213_mini-v2.0.0a0_gemini-3-pro,jqlang__jq-2650,59,1.1692898,True,,False
20260213_mini-v2.0.0a0_gemini-3-pro,jqlang__jq-2658,44,0.8444073999999998,True,,False
20260213_mini-v2.0.0a0_gemini-3-pro,jqlang__jq-2681,67,1.2697919999999996,True,,False
20260213_mini-v2.0.0a0_gemini-3-pro,jqlang__jq-2728,41,0.5887241999999999,True,,False
20260213_mini-v2.0.0a0_gemini-3-pro,jqlang__jq-2750,69,1.7249966,False,,False
20260213_mini-v2.0.0a0_gemini-3-pro,jqlang__jq-2839,55,1.1545615999999999,True,,False
20260213_mini-v2.0.0a0_gemini-3-pro,jqlang__jq-2919,28,0.7370014000000001,True,,False
20260213_mini-v2.0.0a0_gemini-3-pro,laravel__framework-46234,31,0.6070976,False,,False
20260213_mini-v2.0.0a0_gemini-3-pro,laravel__framework-48573,28,1.6378922,False,,False
20260213_mini-v2.0.0a0_gemini-3-pro,laravel__framework-48636,49,0.7201005999999999,True,,False
20260213_mini-v2.0.0a0_gemini-3-pro,laravel__framework-51195,63,2.4932353999999997,False,,False
20260213_mini-v2.0.0a0_gemini-3-pro,laravel__framework-51890,42,0.6158003999999998,True,,False
20260213_mini-v2.0.0a0_gemini-3-pro,laravel__framework-52451,63,1.2068256000000002,True,,False
20260213_mini-v2.0.0a0_gemini-3-pro,laravel__framework-52680,60,1.0186003999999997,True,,False
20260213_mini-v2.0.0a0_gemini-3-pro,laravel__framework-52684,40,0.6406834000000001,True,,False
20260213_mini-v2.0.0a0_gemini-3-pro,laravel__framework-52866,40,0.7005727999999998,True,,False
20260213_mini-v2.0.0a0_gemini-3-pro,laravel__framework-53206,54,0.9177481999999996,True,,False
20260213_mini-v2.0.0a0_gemini-3-pro,laravel__framework-53696,37,0.48123540000000004,True,,False
20260213_mini-v2.0.0a0_gemini-3-pro,laravel__framework-53914,52,0.7978685999999999,True,,False
20260213_mini-v2.0.0a0_gemini-3-pro,laravel__framework-53949,27,0.38902260000000005,True,,False
20260213_mini-v2.0.0a0_gemini-3-pro,micropython__micropython-10095,49,0.7673544000000001,True,,False
20260213_mini-v2.0.0a0_gemini-3-pro,micropython__micropython-12158,66,1.4199134,False,,False
20260213_mini-v2.0.0a0_gemini-3-pro,micropython__micropython-13039,32,0.49552300000000005,True,,False
20260213_mini-v2.0.0a0_gemini-3-pro,micropython__micropython-13569,90,1.8867888,True,,False
20260213_mini-v2.0.0a0_gemini-3-pro,micropython__micropython-15898,26,0.4633275999999999,True,,False
20260213_mini-v2.0.0a0_gemini-3-pro,mrdoob__three.js-25687,50,0.7324533999999998,False,,False
20260213_mini-v2.0.0a0_gemini-3-pro,mrdoob__three.js-26589,59,0.8929309999999999,True,,False
20260213_mini-v2.0.0a0_gemini-3-pro,mrdoob__three.js-27395,37,0.3583922000000001,True,,False
20260213_mini-v2.0.0a0_gemini-3-pro,nlohmann__json-4237,32,0.573373,True,,False
20260213_mini-v2.0.0a0_gemini-3-pro,nushell__nushell-12901,58,0.8767081999999997,True,,False
20260213_mini-v2.0.0a0_gemini-3-pro,nushell__nushell-12950,37,0.5499715999999999,True,,False
20260213_mini-v2.0.0a0_gemini-3-pro,nushell__nushell-13246,47,0.9489106000000002,True,,False
20260213_mini-v2.0.0a0_gemini-3-pro,nushell__nushell-13605,45,3.011008,False,,False
20260213_mini-v2.0.0a0_gemini-3-pro,nushell__nushell-13831,31,0.41933480000000006,True,,False
20260213_mini-v2.0.0a0_gemini-3-pro,php-cs-fixer__php-cs-fixer-7523,56,0.8206398,True,,False
20260213_mini-v2.0.0a0_gemini-3-pro,php-cs-fixer__php-cs-fixer-7635,67,1.3592452,False,,False
20260213_mini-v2.0.0a0_gemini-3-pro,php-cs-fixer__php-cs-fixer-7663,96,3.0969772000000004,False,,False
20260213_mini-v2.0.0a0_gemini-3-pro,php-cs-fixer__php-cs-fixer-7875,72,1.7507358,False,,False
20260213_mini-v2.0.0a0_gemini-3-pro,php-cs-fixer__php-cs-fixer-7998,38,0.8200382,False,,False
20260213_mini-v2.0.0a0_gemini-3-pro,php-cs-fixer__php-cs-fixer-8064,41,0.8128491999999999,True,,False
20260213_mini-v2.0.0a0_gemini-3-pro,php-cs-fixer__php-cs-fixer-8075,35,0.6903968000000001,True,,False
20260213_mini-v2.0.0a0_gemini-3-pro,php-cs-fixer__php-cs-fixer-8256,30,0.5404918,True,,False
20260213_mini-v2.0.0a0_gemini-3-pro,php-cs-fixer__php-cs-fixer-8331,29,0.4677954,True,,False
20260213_mini-v2.0.0a0_gemini-3-pro,php-cs-fixer__php-cs-fixer-8367,32,0.3675054,True,,False
20260213_mini-v2.0.0a0_gemini-3-pro,phpoffice__phpspreadsheet-3463,32,0.47778380000000004,False,,False
20260213_mini-v2.0.0a0_gemini-3-pro,phpoffice__phpspreadsheet-3469,29,0.47715820000000003,False,,False
20260213_mini-v2.0.0a0_gemini-3-pro,phpoffice__phpspreadsheet-3570,35,0.5115090000000001,False,,False
20260213_mini-v2.0.0a0_gemini-3-pro,phpoffice__phpspreadsheet-3659,49,0.7226855999999998,False,,False
20260213_mini-v2.0.0a0_gemini-3-pro,phpoffice__phpspreadsheet-3903,31,0.569543,True,,False
20260213_mini-v2.0.0a0_gemini-3-pro,phpoffice__phpspreadsheet-3940,36,0.8450390000000001,True,,False
20260213_mini-v2.0.0a0_gemini-3-pro,phpoffice__phpspreadsheet-4114,32,0.46991140000000003,True,,False
20260213_mini-v2.0.0a0_gemini-3-pro,phpoffice__phpspreadsheet-4186,37,0.45450820000000003,True,,False
20260213_mini-v2.0.0a0_gemini-3-pro,phpoffice__phpspreadsheet-4214,31,0.6489244000000002,True,,False
20260213_mini-v2.0.0a0_gemini-3-pro,phpoffice__phpspreadsheet-4313,23,0.5338716000000001,False,,False
20260213_mini-v2.0.0a0_gemini-3-pro,preactjs__preact-2757,42,0.8232665999999998,True,,False
20260213_mini-v2.0.0a0_gemini-3-pro,preactjs__preact-2896,29,0.49898419999999993,True,,False
20260213_mini-v2.0.0a0_gemini-3-pro,preactjs__preact-2927,41,0.7227743999999999,True,,False
20260213_mini-v2.0.0a0_gemini-3-pro,preactjs__preact-3010,48,1.0072071999999999,True,,False
20260213_mini-v2.0.0a0_gemini-3-pro,preactjs__preact-3062,35,0.5857443999999999,True,,False
20260213_mini-v2.0.0a0_gemini-3-pro,preactjs__preact-3345,37,0.9977177999999999,False,,False
20260213_mini-v2.0.0a0_gemini-3-pro,preactjs__preact-3454,23,0.3578782,True,,False
20260213_mini-v2.0.0a0_gemini-3-pro,preactjs__preact-3562,42,1.0511949999999999,True,,False
20260213_mini-v2.0.0a0_gemini-3-pro,preactjs__preact-3567,27,0.5334606000000001,False,,False
20260213_mini-v2.0.0a0_gemini-3-pro,preactjs__preact-3689,33,0.5395032,True,,False
20260213_mini-v2.0.0a0_gemini-3-pro,preactjs__preact-3739,56,1.0449859999999997,True,,False
20260213_mini-v2.0.0a0_gemini-3-pro,preactjs__preact-3763,29,0.5086004,True,,False
20260213_mini-v2.0.0a0_gemini-3-pro,preactjs__preact-4152,35,0.6268344,True,,False
20260213_mini-v2.0.0a0_gemini-3-pro,preactjs__preact-4182,84,2.4209323999999994,True,,False
20260213_mini-v2.0.0a0_gemini-3-pro,preactjs__preact-4245,28,0.5593832000000001,True,,False
20260213_mini-v2.0.0a0_gemini-3-pro,preactjs__preact-4316,30,0.4719549999999999,True,,False
20260213_mini-v2.0.0a0_gemini-3-pro,preactjs__preact-4436,61,1.2953262000000005,True,,False
20260213_mini-v2.0.0a0_gemini-3-pro,projectlombok__lombok-2792,65,2.759608800000001,False,,False
20260213_mini-v2.0.0a0_gemini-3-pro,projectlombok__lombok-3009,66,1.0638026,True,,False
20260213_mini-v2.0.0a0_gemini-3-pro,projectlombok__lombok-3042,31,0.3952986000000001,True,,False
20260213_mini-v2.0.0a0_gemini-3-pro,projectlombok__lombok-3052,118,3.0107893999999997,False,,False
20260213_mini-v2.0.0a0_gemini-3-pro,projectlombok__lombok-3215,56,0.9074249999999998,False,,False
20260213_mini-v2.0.0a0_gemini-3-pro,projectlombok__lombok-3312,35,0.6037868000000001,True,,False
20260213_mini-v2.0.0a0_gemini-3-pro,projectlombok__lombok-3326,84,3.064241000000001,False,,False
20260213_mini-v2.0.0a0_gemini-3-pro,projectlombok__lombok-3350,61,1.1092664,True,,False
20260213_mini-v2.0.0a0_gemini-3-pro,projectlombok__lombok-3371,42,0.8349378,True,,False
20260213_mini-v2.0.0a0_gemini-3-pro,projectlombok__lombok-3422,35,0.4685788000000001,True,,False
20260213_mini-v2.0.0a0_gemini-3-pro,projectlombok__lombok-3479,47,0.7374489999999998,True,,False
20260213_mini-v2.0.0a0_gemini-3-pro,projectlombok__lombok-3486,55,0.7867942,True,,False
20260213_mini-v2.0.0a0_gemini-3-pro,projectlombok__lombok-3571,44,0.6935882000000001,True,,False
20260213_mini-v2.0.0a0_gemini-3-pro,projectlombok__lombok-3594,40,0.5939247999999999,True,,False
20260213_mini-v2.0.0a0_gemini-3-pro,projectlombok__lombok-3602,47,0.8046081999999999,True,,False
20260213_mini-v2.0.0a0_gemini-3-pro,projectlombok__lombok-3674,34,0.6277032,True,,False
20260213_mini-v2.0.0a0_gemini-3-pro,projectlombok__lombok-3697,46,0.7747185999999997,True,,False
20260213_mini-v2.0.0a0_gemini-3-pro,prometheus__prometheus-10633,29,0.4862452,False,,False
20260213_mini-v2.0.0a0_gemini-3-pro,prometheus__prometheus-10720,74,1.1759266000000002,True,,False
20260213_mini-v2.0.0a0_gemini-3-pro,prometheus__prometheus-11859,52,0.8915888000000005,False,,False
20260213_mini-v2.0.0a0_gemini-3-pro,prometheus__prometheus-12874,57,1.1362763999999994,True,,False
20260213_mini-v2.0.0a0_gemini-3-pro,prometheus__prometheus-13845,29,0.4640819999999999,True,,False
20260213_mini-v2.0.0a0_gemini-3-pro,prometheus__prometheus-14861,37,0.5133430000000001,True,,False
20260213_mini-v2.0.0a0_gemini-3-pro,prometheus__prometheus-15142,49,0.8620188000000003,False,,False
20260213_mini-v2.0.0a0_gemini-3-pro,prometheus__prometheus-9248,37,3.0677697999999998,False,,False
20260213_mini-v2.0.0a0_gemini-3-pro,reactivex__rxjava-7597,31,0.6299940000000002,True,,False
20260213_mini-v2.0.0a0_gemini-3-pro,redis__redis-10068,44,0.6330998000000001,True,,False
20260213_mini-v2.0.0a0_gemini-3-pro,redis__redis-10095,42,0.5713199999999999,True,,False
20260213_mini-v2.0.0a0_gemini-3-pro,redis__redis-10764,36,0.661285,True,,False
20260213_mini-v2.0.0a0_gemini-3-pro,redis__redis-11279,56,0.7896208000000001,False,,False
20260213_mini-v2.0.0a0_gemini-3-pro,redis__redis-11510,38,0.5111065999999999,True,,False
20260213_mini-v2.0.0a0_gemini-3-pro,redis__redis-11631,39,0.6127357999999999,True,,False
20260213_mini-v2.0.0a0_gemini-3-pro,redis__redis-11734,44,0.8905670000000002,False,,False
20260213_mini-v2.0.0a0_gemini-3-pro,redis__redis-12272,38,0.6148958,True,,False
20260213_mini-v2.0.0a0_gemini-3-pro,redis__redis-12472,101,2.3716078000000005,True,,False
20260213_mini-v2.0.0a0_gemini-3-pro,redis__redis-13115,40,0.6716724000000002,True,,False
20260213_mini-v2.0.0a0_gemini-3-pro,redis__redis-13338,33,3.0901684000000005,False,,False
20260213_mini-v2.0.0a0_gemini-3-pro,redis__redis-9733,97,1.8496148,True,,False
20260213_mini-v2.0.0a0_gemini-3-pro,rubocop__rubocop-13362,52,0.8675130000000002,True,,False
20260213_mini-v2.0.0a0_gemini-3-pro,rubocop__rubocop-13375,36,0.5699912,True,,False
20260213_mini-v2.0.0a0_gemini-3-pro,rubocop__rubocop-13393,40,3.0687854000000003,False,,False
20260213_mini-v2.0.0a0_gemini-3-pro,rubocop__rubocop-13396,27,1.7749890000000001,True,,False
20260213_mini-v2.0.0a0_gemini-3-pro,rubocop__rubocop-13424,49,0.6952116000000002,True,,False
20260213_mini-v2.0.0a0_gemini-3-pro,rubocop__rubocop-13431,42,0.6414233999999999,True,,False
20260213_mini-v2.0.0a0_gemini-3-pro,rubocop__rubocop-13479,22,0.298785,True,,False
20260213_mini-v2.0.0a0_gemini-3-pro,rubocop__rubocop-13503,31,0.4686489999999999,True,,False
20260213_mini-v2.0.0a0_gemini-3-pro,rubocop__rubocop-13560,17,0.2788158,False,,False
20260213_mini-v2.0.0a0_gemini-3-pro,rubocop__rubocop-13579,34,0.6263124,True,,False
20260213_mini-v2.0.0a0_gemini-3-pro,rubocop__rubocop-13627,33,0.6716982,True,,False
20260213_mini-v2.0.0a0_gemini-3-pro,rubocop__rubocop-13653,25,0.40432,True,,False
20260213_mini-v2.0.0a0_gemini-3-pro,rubocop__rubocop-13668,47,1.0617130000000004,True,,False
20260213_mini-v2.0.0a0_gemini-3-pro,rubocop__rubocop-13680,57,1.0579189999999996,True,,False
20260213_mini-v2.0.0a0_gemini-3-pro,rubocop__rubocop-13687,38,3.014315999999999,False,,False
20260213_mini-v2.0.0a0_gemini-3-pro,rubocop__rubocop-13705,33,3.0086894,True,,False
20260213_mini-v2.0.0a0_gemini-3-pro,sharkdp__bat-1892,78,1.5788333999999993,True,,False
20260213_mini-v2.0.0a0_gemini-3-pro,sharkdp__bat-2201,36,0.7107638000000001,True,,False
20260213_mini-v2.0.0a0_gemini-3-pro,sharkdp__bat-2260,37,0.7768447999999999,True,,False
20260213_mini-v2.0.0a0_gemini-3-pro,sharkdp__bat-2393,44,0.6357943999999999,True,,False
20260213_mini-v2.0.0a0_gemini-3-pro,sharkdp__bat-2650,48,0.7867754,False,,False
20260213_mini-v2.0.0a0_gemini-3-pro,sharkdp__bat-2835,55,1.1072242000000003,False,,False
20260213_mini-v2.0.0a0_gemini-3-pro,sharkdp__bat-3108,47,1.0325284000000001,True,,False
20260213_mini-v2.0.0a0_gemini-3-pro,sharkdp__bat-562,68,1.3796286000000002,True,,False
20260213_mini-v2.0.0a0_gemini-3-pro,tokio-rs__axum-1119,82,1.5182399999999998,True,,False
20260213_mini-v2.0.0a0_gemini-3-pro,tokio-rs__axum-1730,72,2.031637999999999,True,,False
20260213_mini-v2.0.0a0_gemini-3-pro,tokio-rs__axum-1934,63,1.2326949999999997,True,,False
20260213_mini-v2.0.0a0_gemini-3-pro,tokio-rs__axum-2096,72,1.5150244,True,,False
20260213_mini-v2.0.0a0_gemini-3-pro,tokio-rs__axum-682,49,0.8723806,True,,False
20260213_mini-v2.0.0a0_gemini-3-pro,tokio-rs__axum-691,60,1.2610661999999997,True,,False
20260213_mini-v2.0.0a0_gemini-3-pro,tokio-rs__axum-734,50,0.8203903999999997,True,,False
20260213_mini-v2.0.0a0_gemini-3-pro,tokio-rs__tokio-4384,85,1.8296100000000002,False,,False
20260213_mini-v2.0.0a0_gemini-3-pro,tokio-rs__tokio-4867,53,0.9058007999999999,True,,False
20260213_mini-v2.0.0a0_gemini-3-pro,tokio-rs__tokio-4898,57,0.8719154,True,,False
20260213_mini-v2.0.0a0_gemini-3-pro,tokio-rs__tokio-6551,65,1.1096243999999995,True,,False
20260213_mini-v2.0.0a0_gemini-3-pro,tokio-rs__tokio-6603,53,0.9819726,True,,False
20260213_mini-v2.0.0a0_gemini-3-pro,tokio-rs__tokio-6724,30,0.5546168,True,,False
20260213_mini-v2.0.0a0_gemini-3-pro,tokio-rs__tokio-6752,52,0.8051313999999998,True,,False
20260213_mini-v2.0.0a0_gemini-3-pro,tokio-rs__tokio-6838,49,0.9052200000000002,True,,False
20260213_mini-v2.0.0a0_gemini-3-pro,tokio-rs__tokio-7139,36,0.5686677999999998,True,,False
20260213_mini-v2.0.0a0_gemini-3-pro,uutils__coreutils-6377,62,1.2600696,False,,False
20260213_mini-v2.0.0a0_gemini-3-pro,uutils__coreutils-6575,87,1.5598172000000006,False,,False
20260213_mini-v2.0.0a0_gemini-3-pro,uutils__coreutils-6682,32,0.5907439999999999,True,,False
20260213_mini-v2.0.0a0_gemini-3-pro,uutils__coreutils-6690,74,3.0319022,False,,False
20260213_mini-v2.0.0a0_gemini-3-pro,uutils__coreutils-6731,35,0.4740799999999999,True,,False
20260213_mini-v2.0.0a0_gemini-3-pro,valkey-io__valkey-1499,49,0.8304232000000001,True,,False
20260213_mini-v2.0.0a0_gemini-3-pro,valkey-io__valkey-1842,93,2.2893342000000003,True,,False
20260213_mini-v2.0.0a0_gemini-3-pro,valkey-io__valkey-790,54,1.1656386000000005,True,,False
20260213_mini-v2.0.0a0_gemini-3-pro,valkey-io__valkey-928,89,2.0214201999999997,True,,False
20260213_mini-v2.0.0a0_gemini-3-pro,vuejs__core-11589,99,2.7270959999999995,True,,False
20260213_mini-v2.0.0a0_gemini-3-pro,vuejs__core-11739,92,3.0195220000000003,False,,False
20260213_mini-v2.0.0a0_gemini-3-pro,vuejs__core-11870,63,1.2221643999999998,True,,False
20260213_mini-v2.0.0a0_gemini-3-pro,vuejs__core-11899,24,0.5134550000000001,False,,False
20260213_mini-v2.0.0a0_gemini-3-pro,vuejs__core-11915,45,0.6770037999999998,True,,False
20260213_mini-v2.0.0a0_glm-5,apache__druid-13704,29,0.1774076,True,,False
20260213_mini-v2.0.0a0_glm-5,apache__druid-14092,38,0.3780493999999999,False,,False
20260213_mini-v2.0.0a0_glm-5,apache__druid-14136,105,1.2623199999999999,False,,False
20260213_mini-v2.0.0a0_glm-5,apache__druid-15402,53,0.36753880000000005,True,,False
20260213_mini-v2.0.0a0_glm-5,apache__druid-16875,37,0.3297452,True,,False
20260213_mini-v2.0.0a0_glm-5,apache__lucene-11760,30,0.1664678,True,,False
20260213_mini-v2.0.0a0_glm-5,apache__lucene-12022,57,0.6109422000000001,True,,False
20260213_mini-v2.0.0a0_glm-5,apache__lucene-12196,26,0.15901879999999996,True,,False
20260213_mini-v2.0.0a0_glm-5,apache__lucene-12212,26,0.19310090000000002,True,,False
20260213_mini-v2.0.0a0_glm-5,apache__lucene-12626,19,0.0303622,True,,False
20260213_mini-v2.0.0a0_glm-5,apache__lucene-13170,15,0.0538874,True,,False
20260213_mini-v2.0.0a0_glm-5,apache__lucene-13301,22,0.09905320000000001,True,,False
20260213_mini-v2.0.0a0_glm-5,apache__lucene-13494,51,0.2918801,True,,False
20260213_mini-v2.0.0a0_glm-5,apache__lucene-13704,60,0.7652825,True,,False
20260213_mini-v2.0.0a0_glm-5,astral-sh__ruff-15309,105,0.7791767999999997,False,,False
20260213_mini-v2.0.0a0_glm-5,astral-sh__ruff-15330,47,0.2971612,True,,False
20260213_mini-v2.0.0a0_glm-5,astral-sh__ruff-15356,58,0.3499259999999999,True,,False
20260213_mini-v2.0.0a0_glm-5,astral-sh__ruff-15394,76,0.5566504,False,,False
20260213_mini-v2.0.0a0_glm-5,astral-sh__ruff-15443,54,0.1617092,True,,False
20260213_mini-v2.0.0a0_glm-5,astral-sh__ruff-15543,63,0.4884776,True,,False
20260213_mini-v2.0.0a0_glm-5,astral-sh__ruff-15626,53,0.4433497999999999,True,,False
20260213_mini-v2.0.0a0_glm-5,axios__axios-4731,27,0.1591182,True,,False
20260213_mini-v2.0.0a0_glm-5,axios__axios-4738,19,0.1195098,True,,False
20260213_mini-v2.0.0a0_glm-5,axios__axios-5085,56,0.3489366000000001,True,,False
20260213_mini-v2.0.0a0_glm-5,axios__axios-5316,61,0.3811634,False,,False
20260213_mini-v2.0.0a0_glm-5,axios__axios-5892,29,0.11486750000000001,True,,False
20260213_mini-v2.0.0a0_glm-5,axios__axios-6539,37,0.19177580000000002,False,,False
20260213_mini-v2.0.0a0_glm-5,babel__babel-13928,45,0.4128742999999999,True,,False
20260213_mini-v2.0.0a0_glm-5,babel__babel-14532,113,1.2159848000000006,True,,False
20260213_mini-v2.0.0a0_glm-5,babel__babel-15445,39,0.2623698,True,,False
20260213_mini-v2.0.0a0_glm-5,babel__babel-15649,79,0.8211687999999999,True,,False
20260213_mini-v2.0.0a0_glm-5,babel__babel-16130,196,3.0760850000000004,False,,False
20260213_mini-v2.0.0a0_glm-5,briannesbitt__carbon-2665,89,0.9067565000000002,True,,False
20260213_mini-v2.0.0a0_glm-5,briannesbitt__carbon-2752,64,0.6026426,True,,False
20260213_mini-v2.0.0a0_glm-5,briannesbitt__carbon-2762,166,2.2037646,True,,False
20260213_mini-v2.0.0a0_glm-5,briannesbitt__carbon-2813,67,0.45332320000000004,False,,False
20260213_mini-v2.0.0a0_glm-5,briannesbitt__carbon-2981,67,0.40549359999999995,True,,False
20260213_mini-v2.0.0a0_glm-5,briannesbitt__carbon-3005,140,1.4074122999999996,True,,False
20260213_mini-v2.0.0a0_glm-5,briannesbitt__carbon-3041,179,1.5757646999999988,True,,False
20260213_mini-v2.0.0a0_glm-5,briannesbitt__carbon-3073,52,0.33871899999999994,True,,False
20260213_mini-v2.0.0a0_glm-5,briannesbitt__carbon-3098,61,0.355634,True,,False
20260213_mini-v2.0.0a0_glm-5,briannesbitt__carbon-3103,37,0.181644,True,,False
20260213_mini-v2.0.0a0_glm-5,burntsushi__ripgrep-2209,73,0.37466279999999996,True,,False
20260213_mini-v2.0.0a0_glm-5,burntsushi__ripgrep-2576,118,1.3039264,True,,False
20260213_mini-v2.0.0a0_glm-5,caddyserver__caddy-4774,52,0.21888640000000004,True,,False
20260213_mini-v2.0.0a0_glm-5,caddyserver__caddy-4943,75,0.5982525999999999,False,,False
20260213_mini-v2.0.0a0_glm-5,caddyserver__caddy-5404,44,0.6725509,False,,False
20260213_mini-v2.0.0a0_glm-5,caddyserver__caddy-5626,143,1.4721558000000003,True,,False
20260213_mini-v2.0.0a0_glm-5,caddyserver__caddy-5761,47,0.31688320000000003,False,,False
20260213_mini-v2.0.0a0_glm-5,caddyserver__caddy-5870,64,0.5207976000000001,True,,False
20260213_mini-v2.0.0a0_glm-5,caddyserver__caddy-5995,104,1.0672650000000001,False,,False
20260213_mini-v2.0.0a0_glm-5,caddyserver__caddy-6051,20,0.12398840000000001,False,,False
20260213_mini-v2.0.0a0_glm-5,caddyserver__caddy-6115,32,0.1505702,True,,False
20260213_mini-v2.0.0a0_glm-5,caddyserver__caddy-6288,109,1.2993588000000005,True,,False
20260213_mini-v2.0.0a0_glm-5,caddyserver__caddy-6345,198,3.009211800000002,False,,False
20260213_mini-v2.0.0a0_glm-5,caddyserver__caddy-6350,63,0.5510812,True,,False
20260213_mini-v2.0.0a0_glm-5,caddyserver__caddy-6370,60,0.4475148,True,,False
20260213_mini-v2.0.0a0_glm-5,caddyserver__caddy-6411,30,0.1648834,False,,False
20260213_mini-v2.0.0a0_glm-5,facebook__docusaurus-10130,95,1.0527626,True,,False
20260213_mini-v2.0.0a0_glm-5,facebook__docusaurus-10309,50,0.33828099999999994,True,,False
20260213_mini-v2.0.0a0_glm-5,facebook__docusaurus-8927,103,0.9449428000000002,False,,False
20260213_mini-v2.0.0a0_glm-5,facebook__docusaurus-9183,50,0.27540079999999995,False,,False
20260213_mini-v2.0.0a0_glm-5,facebook__docusaurus-9897,81,0.7392367999999999,True,,False
20260213_mini-v2.0.0a0_glm-5,faker-ruby__faker-2705,46,0.2843754,False,,False
20260213_mini-v2.0.0a0_glm-5,faker-ruby__faker-2970,60,0.3280428,True,,False
20260213_mini-v2.0.0a0_glm-5,fastlane__fastlane-19207,250,2.598736199999999,False,,False
20260213_mini-v2.0.0a0_glm-5,fastlane__fastlane-19304,21,0.151938,True,,False
20260213_mini-v2.0.0a0_glm-5,fastlane__fastlane-19765,30,0.27911139999999995,True,,False
20260213_mini-v2.0.0a0_glm-5,fastlane__fastlane-20642,42,0.3744100000000001,False,,False
20260213_mini-v2.0.0a0_glm-5,fastlane__fastlane-20958,44,0.30762360000000005,True,,False
20260213_mini-v2.0.0a0_glm-5,fastlane__fastlane-20975,39,0.4650466,True,,False
20260213_mini-v2.0.0a0_glm-5,fastlane__fastlane-21857,53,0.4224605999999999,True,,False
20260213_mini-v2.0.0a0_glm-5,fluent__fluentd-3328,48,0.2845874,False,,False
20260213_mini-v2.0.0a0_glm-5,fluent__fluentd-3466,48,0.5522054,False,,False
20260213_mini-v2.0.0a0_glm-5,fluent__fluentd-3608,75,0.8890405999999998,True,,False
20260213_mini-v2.0.0a0_glm-5,fluent__fluentd-3616,50,0.31733059999999996,True,,False
20260213_mini-v2.0.0a0_glm-5,fluent__fluentd-3631,75,0.7947212,True,,False
20260213_mini-v2.0.0a0_glm-5,fluent__fluentd-3640,36,0.5088234,False,,False
20260213_mini-v2.0.0a0_glm-5,fluent__fluentd-3641,48,0.2762846,False,,False
20260213_mini-v2.0.0a0_glm-5,fluent__fluentd-3917,64,0.48105679999999995,True,,False
20260213_mini-v2.0.0a0_glm-5,fluent__fluentd-4030,51,0.4066759999999999,True,,False
20260213_mini-v2.0.0a0_glm-5,fluent__fluentd-4311,71,0.5583767999999999,True,,False
20260213_mini-v2.0.0a0_glm-5,fluent__fluentd-4598,39,0.18251650000000003,True,,False
20260213_mini-v2.0.0a0_glm-5,fluent__fluentd-4655,78,0.6496784,True,,False
20260213_mini-v2.0.0a0_glm-5,fmtlib__fmt-1683,38,0.25046519999999994,True,,False
20260213_mini-v2.0.0a0_glm-5,fmtlib__fmt-2310,79,0.8589716000000002,True,,False
20260213_mini-v2.0.0a0_glm-5,fmtlib__fmt-2317,36,0.172223,True,,False
20260213_mini-v2.0.0a0_glm-5,fmtlib__fmt-2457,59,0.7450949,True,,False
20260213_mini-v2.0.0a0_glm-5,fmtlib__fmt-3158,192,3.0197706,False,,False
20260213_mini-v2.0.0a0_glm-5,fmtlib__fmt-3248,41,0.1836854,True,,False
20260213_mini-v2.0.0a0_glm-5,fmtlib__fmt-3272,97,0.7545808000000006,True,,False
20260213_mini-v2.0.0a0_glm-5,fmtlib__fmt-3729,44,0.3396669,True,,False
20260213_mini-v2.0.0a0_glm-5,fmtlib__fmt-3750,58,0.6089861999999999,False,,False
20260213_mini-v2.0.0a0_glm-5,fmtlib__fmt-3863,121,1.6092140000000008,False,,False
20260213_mini-v2.0.0a0_glm-5,fmtlib__fmt-3901,115,0.5839389999999998,True,,False
20260213_mini-v2.0.0a0_glm-5,gin-gonic__gin-1805,57,0.4543322000000001,True,,False
20260213_mini-v2.0.0a0_glm-5,gin-gonic__gin-1957,57,0.5120703999999999,False,,False
20260213_mini-v2.0.0a0_glm-5,gin-gonic__gin-2121,25,0.0802454,True,,False
20260213_mini-v2.0.0a0_glm-5,gin-gonic__gin-2755,61,0.4245246,False,,False
20260213_mini-v2.0.0a0_glm-5,gin-gonic__gin-3227,29,0.1975498,False,,False
20260213_mini-v2.0.0a0_glm-5,gin-gonic__gin-3741,27,0.14756899999999998,True,,False
20260213_mini-v2.0.0a0_glm-5,gin-gonic__gin-3820,31,0.27398940000000005,False,,False
20260213_mini-v2.0.0a0_glm-5,gin-gonic__gin-4003,19,0.10589340000000001,True,,False
20260213_mini-v2.0.0a0_glm-5,gohugoio__hugo-12171,85,0.9446839999999997,True,,False
20260213_mini-v2.0.0a0_glm-5,gohugoio__hugo-12204,122,1.0870735999999996,True,,False
20260213_mini-v2.0.0a0_glm-5,gohugoio__hugo-12343,79,0.8688042,True,,False
20260213_mini-v2.0.0a0_glm-5,gohugoio__hugo-12448,154,2.080690399999999,False,,False
20260213_mini-v2.0.0a0_glm-5,gohugoio__hugo-12562,100,1.0380576000000001,True,,False
20260213_mini-v2.0.0a0_glm-5,gohugoio__hugo-12579,30,0.1419538,True,,False
20260213_mini-v2.0.0a0_glm-5,gohugoio__hugo-12768,31,0.083371,True,,False
20260213_mini-v2.0.0a0_glm-5,google__gson-1014,60,0.37602320000000006,True,,False
20260213_mini-v2.0.0a0_glm-5,google__gson-1093,42,0.17836299999999997,True,,False
20260213_mini-v2.0.0a0_glm-5,google__gson-1100,32,0.13994060000000003,True,,False
20260213_mini-v2.0.0a0_glm-5,google__gson-2024,24,0.12330060000000001,True,,False
20260213_mini-v2.0.0a0_glm-5,google__gson-2061,47,0.19218580000000002,True,,False
20260213_mini-v2.0.0a0_glm-5,google__gson-2134,28,0.13326840000000004,True,,False
20260213_mini-v2.0.0a0_glm-5,google__gson-2158,89,0.7817175999999999,True,,False
20260213_mini-v2.0.0a0_glm-5,google__gson-2311,51,0.30703299999999994,True,,False
20260213_mini-v2.0.0a0_glm-5,google__gson-2479,61,0.6093635000000001,False,,False
20260213_mini-v2.0.0a0_glm-5,hashicorp__terraform-34580,31,0.1017352,True,,False
20260213_mini-v2.0.0a0_glm-5,hashicorp__terraform-34814,52,0.3935489999999999,True,,False
20260213_mini-v2.0.0a0_glm-5,hashicorp__terraform-34900,100,1.8298644000000002,False,,False
20260213_mini-v2.0.0a0_glm-5,hashicorp__terraform-35543,141,2.7155812000000004,False,,False
20260213_mini-v2.0.0a0_glm-5,hashicorp__terraform-35611,122,1.6073779999999995,True,,False
20260213_mini-v2.0.0a0_glm-5,immutable-js__immutable-js-2005,67,0.5423581999999999,True,,False
20260213_mini-v2.0.0a0_glm-5,immutable-js__immutable-js-2006,47,0.32700140000000005,True,,False
20260213_mini-v2.0.0a0_glm-5,javaparser__javaparser-4538,30,0.08660380000000001,True,,False
20260213_mini-v2.0.0a0_glm-5,javaparser__javaparser-4561,49,0.33046320000000007,True,,False
20260213_mini-v2.0.0a0_glm-5,jekyll__jekyll-8047,36,0.1825822,True,,False
20260213_mini-v2.0.0a0_glm-5,jekyll__jekyll-8167,37,0.1327954,True,,False
20260213_mini-v2.0.0a0_glm-5,jekyll__jekyll-8761,47,0.3016522,False,,False
20260213_mini-v2.0.0a0_glm-5,jekyll__jekyll-8771,136,1.6467200399999997,False,,False
20260213_mini-v2.0.0a0_glm-5,jekyll__jekyll-9141,140,1.259853799999999,False,,False
20260213_mini-v2.0.0a0_glm-5,jordansissel__fpm-1829,54,0.34835960000000005,False,,False
20260213_mini-v2.0.0a0_glm-5,jordansissel__fpm-1850,38,0.1485894,True,,False
20260213_mini-v2.0.0a0_glm-5,jqlang__jq-2235,64,0.3868693999999999,True,,False
20260213_mini-v2.0.0a0_glm-5,jqlang__jq-2598,34,0.1571602,True,,False
20260213_mini-v2.0.0a0_glm-5,jqlang__jq-2650,57,0.4635634,False,,False
20260213_mini-v2.0.0a0_glm-5,jqlang__jq-2658,41,0.2087838,True,,False
20260213_mini-v2.0.0a0_glm-5,jqlang__jq-2681,71,0.3611109000000001,False,,False
20260213_mini-v2.0.0a0_glm-5,jqlang__jq-2728,43,0.25058640000000004,False,,False
20260213_mini-v2.0.0a0_glm-5,jqlang__jq-2750,206,3.0146170399999996,False,,False
20260213_mini-v2.0.0a0_glm-5,jqlang__jq-2839,76,0.8572232,True,,False
20260213_mini-v2.0.0a0_glm-5,jqlang__jq-2919,40,0.274311,True,,False
20260213_mini-v2.0.0a0_glm-5,laravel__framework-46234,25,0.11697440000000002,False,,False
20260213_mini-v2.0.0a0_glm-5,laravel__framework-48573,34,0.27154,True,,False
20260213_mini-v2.0.0a0_glm-5,laravel__framework-48636,37,0.1884358,True,,False
20260213_mini-v2.0.0a0_glm-5,laravel__framework-51195,74,0.81314372,True,,False
20260213_mini-v2.0.0a0_glm-5,laravel__framework-51890,41,0.29611227999999995,True,,False
20260213_mini-v2.0.0a0_glm-5,laravel__framework-52451,35,0.30072160000000003,True,,False
20260213_mini-v2.0.0a0_glm-5,laravel__framework-52680,34,0.17643676000000003,True,,False
20260213_mini-v2.0.0a0_glm-5,laravel__framework-52684,35,0.15016068,True,,False
20260213_mini-v2.0.0a0_glm-5,laravel__framework-52866,33,0.20361624,True,,False
20260213_mini-v2.0.0a0_glm-5,laravel__framework-53206,49,0.27317628,True,,False
20260213_mini-v2.0.0a0_glm-5,laravel__framework-53696,31,0.15339680000000006,True,,False
20260213_mini-v2.0.0a0_glm-5,laravel__framework-53914,47,0.28032396,True,,False
20260213_mini-v2.0.0a0_glm-5,laravel__framework-53949,20,0.05853559999999999,True,,False
20260213_mini-v2.0.0a0_glm-5,micropython__micropython-10095,72,0.4727694399999998,True,,False
20260213_mini-v2.0.0a0_glm-5,micropython__micropython-12158,103,1.38037604,True,,False
20260213_mini-v2.0.0a0_glm-5,micropython__micropython-13039,64,0.46661128,True,,False
20260213_mini-v2.0.0a0_glm-5,micropython__micropython-13569,137,1.4724840399999997,True,,False
20260213_mini-v2.0.0a0_glm-5,micropython__micropython-15898,27,0.19152903999999998,True,,False
20260213_mini-v2.0.0a0_glm-5,mrdoob__three.js-25687,39,0.31743871999999995,False,,False
20260213_mini-v2.0.0a0_glm-5,mrdoob__three.js-26589,32,0.30645880000000003,True,,False
20260213_mini-v2.0.0a0_glm-5,mrdoob__three.js-27395,18,0.08745455999999999,True,,False
20260213_mini-v2.0.0a0_glm-5,nlohmann__json-4237,63,0.6301949600000004,True,,False
20260213_mini-v2.0.0a0_glm-5,nushell__nushell-12901,73,0.46576439999999997,True,,False
20260213_mini-v2.0.0a0_glm-5,nushell__nushell-12950,50,0.2805788000000001,True,,False
20260213_mini-v2.0.0a0_glm-5,nushell__nushell-13246,35,0.19048407999999997,True,,False
20260213_mini-v2.0.0a0_glm-5,nushell__nushell-13605,123,0.7137267599999998,True,,False
20260213_mini-v2.0.0a0_glm-5,nushell__nushell-13831,36,0.22552560000000002,True,,False
20260213_mini-v2.0.0a0_glm-5,php-cs-fixer__php-cs-fixer-7523,108,1.0726734,True,,False
20260213_mini-v2.0.0a0_glm-5,php-cs-fixer__php-cs-fixer-7635,44,0.33609376,False,,False
20260213_mini-v2.0.0a0_glm-5,php-cs-fixer__php-cs-fixer-7663,146,3.0565778800000007,False,,False
20260213_mini-v2.0.0a0_glm-5,php-cs-fixer__php-cs-fixer-7875,126,2.22454394,False,,False
20260213_mini-v2.0.0a0_glm-5,php-cs-fixer__php-cs-fixer-7998,52,0.49846738,True,,False
20260213_mini-v2.0.0a0_glm-5,php-cs-fixer__php-cs-fixer-8064,62,0.42198936000000015,True,,False
20260213_mini-v2.0.0a0_glm-5,php-cs-fixer__php-cs-fixer-8075,90,1.2250965800000002,False,,False
20260213_mini-v2.0.0a0_glm-5,php-cs-fixer__php-cs-fixer-8256,113,0.64749412,True,,False
20260213_mini-v2.0.0a0_glm-5,php-cs-fixer__php-cs-fixer-8331,29,0.17953836000000004,True,,False
20260213_mini-v2.0.0a0_glm-5,php-cs-fixer__php-cs-fixer-8367,33,0.20221656,True,,False
20260213_mini-v2.0.0a0_glm-5,phpoffice__phpspreadsheet-3463,43,0.3098607599999999,True,,False
20260213_mini-v2.0.0a0_glm-5,phpoffice__phpspreadsheet-3469,32,0.3301098,False,,False
20260213_mini-v2.0.0a0_glm-5,phpoffice__phpspreadsheet-3570,31,0.1856891,False,,False
20260213_mini-v2.0.0a0_glm-5,phpoffice__phpspreadsheet-3659,46,0.36461250000000006,False,,False
20260213_mini-v2.0.0a0_glm-5,phpoffice__phpspreadsheet-3903,48,0.40727888,True,,False
20260213_mini-v2.0.0a0_glm-5,phpoffice__phpspreadsheet-3940,45,0.33336481999999995,True,,False
20260213_mini-v2.0.0a0_glm-5,phpoffice__phpspreadsheet-4114,29,0.17256611999999996,True,,False
20260213_mini-v2.0.0a0_glm-5,phpoffice__phpspreadsheet-4186,14,0.062206199999999996,True,,False
20260213_mini-v2.0.0a0_glm-5,phpoffice__phpspreadsheet-4214,61,0.4532202,True,,False
20260213_mini-v2.0.0a0_glm-5,phpoffice__phpspreadsheet-4313,51,0.3624512000000001,True,,False
20260213_mini-v2.0.0a0_glm-5,preactjs__preact-2757,41,0.24341379999999996,True,,False
20260213_mini-v2.0.0a0_glm-5,preactjs__preact-2896,72,0.9910948799999999,True,,False
20260213_mini-v2.0.0a0_glm-5,preactjs__preact-2927,106,1.12277956,True,,False
20260213_mini-v2.0.0a0_glm-5,preactjs__preact-3010,71,0.7184193799999998,True,,False
20260213_mini-v2.0.0a0_glm-5,preactjs__preact-3062,52,0.67527144,False,,False
20260213_mini-v2.0.0a0_glm-5,preactjs__preact-3345,40,0.4127302,False,,False
20260213_mini-v2.0.0a0_glm-5,preactjs__preact-3454,13,0.0364052,True,,False
20260213_mini-v2.0.0a0_glm-5,preactjs__preact-3562,49,0.6133828,False,,False
20260213_mini-v2.0.0a0_glm-5,preactjs__preact-3567,66,0.7660201999999999,False,,False
20260213_mini-v2.0.0a0_glm-5,preactjs__preact-3689,32,0.18163900000000002,True,,False
20260213_mini-v2.0.0a0_glm-5,preactjs__preact-3739,107,1.43704152,True,,False
20260213_mini-v2.0.0a0_glm-5,preactjs__preact-3763,35,0.26533155999999997,True,,False
20260213_mini-v2.0.0a0_glm-5,preactjs__preact-4152,58,0.4677840800000001,True,,False
20260213_mini-v2.0.0a0_glm-5,preactjs__preact-4182,84,0.92921804,True,,False
20260213_mini-v2.0.0a0_glm-5,preactjs__preact-4245,111,1.8742586399999996,False,,False
20260213_mini-v2.0.0a0_glm-5,preactjs__preact-4316,58,0.6147132000000001,False,,False
20260213_mini-v2.0.0a0_glm-5,preactjs__preact-4436,97,1.2411797999999996,False,,False
20260213_mini-v2.0.0a0_glm-5,projectlombok__lombok-2792,210,2.9328686399999992,True,,False
20260213_mini-v2.0.0a0_glm-5,projectlombok__lombok-3009,48,0.5646426800000001,True,,False
20260213_mini-v2.0.0a0_glm-5,projectlombok__lombok-3042,59,0.36224352,True,,False
20260213_mini-v2.0.0a0_glm-5,projectlombok__lombok-3052,185,3.0074419999999993,False,,False
20260213_mini-v2.0.0a0_glm-5,projectlombok__lombok-3215,80,0.6147410000000002,False,,False
20260213_mini-v2.0.0a0_glm-5,projectlombok__lombok-3312,64,0.48425391999999995,True,,False
20260213_mini-v2.0.0a0_glm-5,projectlombok__lombok-3326,64,0.4490192000000001,True,,False
20260213_mini-v2.0.0a0_glm-5,projectlombok__lombok-3350,125,1.46508028,True,,False
20260213_mini-v2.0.0a0_glm-5,projectlombok__lombok-3371,97,1.1069233600000004,True,,False
20260213_mini-v2.0.0a0_glm-5,projectlombok__lombok-3422,36,0.21018420000000002,True,,False
20260213_mini-v2.0.0a0_glm-5,projectlombok__lombok-3479,73,0.4633028799999999,True,,False
20260213_mini-v2.0.0a0_glm-5,projectlombok__lombok-3486,99,1.0956049999999995,True,,False
20260213_mini-v2.0.0a0_glm-5,projectlombok__lombok-3571,90,0.8717182000000003,True,,False
20260213_mini-v2.0.0a0_glm-5,projectlombok__lombok-3594,101,0.8422562800000001,True,,False
20260213_mini-v2.0.0a0_glm-5,projectlombok__lombok-3602,48,0.381938,True,,False
20260213_mini-v2.0.0a0_glm-5,projectlombok__lombok-3674,101,2.048038200000001,False,,False
20260213_mini-v2.0.0a0_glm-5,projectlombok__lombok-3697,112,1.3932315,True,,False
20260213_mini-v2.0.0a0_glm-5,prometheus__prometheus-10633,52,0.37978399999999995,False,,False
20260213_mini-v2.0.0a0_glm-5,prometheus__prometheus-10720,80,0.48501780000000005,True,,False
20260213_mini-v2.0.0a0_glm-5,prometheus__prometheus-11859,39,0.4156984000000001,False,,False
20260213_mini-v2.0.0a0_glm-5,prometheus__prometheus-12874,38,0.2378342,True,,False
20260213_mini-v2.0.0a0_glm-5,prometheus__prometheus-13845,38,0.27599419999999997,True,,False
20260213_mini-v2.0.0a0_glm-5,prometheus__prometheus-14861,52,0.27488479999999993,False,,False
20260213_mini-v2.0.0a0_glm-5,prometheus__prometheus-15142,62,0.3725434,False,,False
20260213_mini-v2.0.0a0_glm-5,prometheus__prometheus-9248,157,1.3621889999999997,True,,False
20260213_mini-v2.0.0a0_glm-5,reactivex__rxjava-7597,86,0.6439754,True,,False
20260213_mini-v2.0.0a0_glm-5,redis__redis-10068,49,0.4031735999999999,True,,False
20260213_mini-v2.0.0a0_glm-5,redis__redis-10095,56,0.40290980000000004,True,,False
20260213_mini-v2.0.0a0_glm-5,redis__redis-10764,27,0.17461529999999997,True,,False
20260213_mini-v2.0.0a0_glm-5,redis__redis-11279,85,0.400834,False,,False
20260213_mini-v2.0.0a0_glm-5,redis__redis-11510,48,0.2164978,True,,False
20260213_mini-v2.0.0a0_glm-5,redis__redis-11631,47,0.4075856,True,,False
20260213_mini-v2.0.0a0_glm-5,redis__redis-11734,58,0.3338923999999999,False,,False
20260213_mini-v2.0.0a0_glm-5,redis__redis-12272,59,0.2530658,False,,False
20260213_mini-v2.0.0a0_glm-5,redis__redis-12472,63,0.40778904,True,,False
20260213_mini-v2.0.0a0_glm-5,redis__redis-13115,53,0.5003576,False,,False
20260213_mini-v2.0.0a0_glm-5,redis__redis-13338,163,2.4921371200000006,False,,False
20260213_mini-v2.0.0a0_glm-5,redis__redis-9733,89,0.6745905999999998,True,,False
20260213_mini-v2.0.0a0_glm-5,rubocop__rubocop-13362,77,0.38806559999999996,True,,False
20260213_mini-v2.0.0a0_glm-5,rubocop__rubocop-13375,55,0.2398066,True,,False
20260213_mini-v2.0.0a0_glm-5,rubocop__rubocop-13393,84,0.5330806000000003,False,,False
20260213_mini-v2.0.0a0_glm-5,rubocop__rubocop-13396,72,0.61947636,False,,False
20260213_mini-v2.0.0a0_glm-5,rubocop__rubocop-13424,53,0.3980114799999999,True,,False
20260213_mini-v2.0.0a0_glm-5,rubocop__rubocop-13431,51,0.31179559999999995,True,,False
20260213_mini-v2.0.0a0_glm-5,rubocop__rubocop-13479,29,0.14238219999999996,True,,False
20260213_mini-v2.0.0a0_glm-5,rubocop__rubocop-13503,21,0.1029944,True,,False
20260213_mini-v2.0.0a0_glm-5,rubocop__rubocop-13560,27,0.14538619999999997,False,,False
20260213_mini-v2.0.0a0_glm-5,rubocop__rubocop-13579,72,0.2837452399999999,True,,False
20260213_mini-v2.0.0a0_glm-5,rubocop__rubocop-13627,79,0.9272225599999999,False,,False
20260213_mini-v2.0.0a0_glm-5,rubocop__rubocop-13653,69,0.42159299999999994,True,,False
20260213_mini-v2.0.0a0_glm-5,rubocop__rubocop-13668,52,0.32111424000000005,True,,False
20260213_mini-v2.0.0a0_glm-5,rubocop__rubocop-13680,53,0.3467602599999999,True,,False
20260213_mini-v2.0.0a0_glm-5,rubocop__rubocop-13687,83,0.8741191000000005,False,,False
20260213_mini-v2.0.0a0_glm-5,rubocop__rubocop-13705,37,0.26111752000000005,True,,False
20260213_mini-v2.0.0a0_glm-5,sharkdp__bat-1892,190,2.07863692,True,,False
20260213_mini-v2.0.0a0_glm-5,sharkdp__bat-2201,73,0.47804044,False,,False
20260213_mini-v2.0.0a0_glm-5,sharkdp__bat-2260,168,3.0017057,False,,False
20260213_mini-v2.0.0a0_glm-5,sharkdp__bat-2393,35,0.19611840000000003,True,,False
20260213_mini-v2.0.0a0_glm-5,sharkdp__bat-2650,54,0.31873483999999996,False,,False
20260213_mini-v2.0.0a0_glm-5,sharkdp__bat-2835,95,0.6266001999999998,True,,False
20260213_mini-v2.0.0a0_glm-5,sharkdp__bat-3108,50,0.4239243999999999,False,,False
20260213_mini-v2.0.0a0_glm-5,sharkdp__bat-562,77,0.7338489200000001,True,,False
20260213_mini-v2.0.0a0_glm-5,tokio-rs__axum-1119,59,0.39973127999999997,True,,False
20260213_mini-v2.0.0a0_glm-5,tokio-rs__axum-1730,161,3.07925128,False,,False
20260213_mini-v2.0.0a0_glm-5,tokio-rs__axum-1934,243,3.002940259999999,False,,False
20260213_mini-v2.0.0a0_glm-5,tokio-rs__axum-2096,119,1.1148853999999997,False,,False
20260213_mini-v2.0.0a0_glm-5,tokio-rs__axum-682,35,0.1501421,True,,False
20260213_mini-v2.0.0a0_glm-5,tokio-rs__axum-691,44,0.30272682,True,,False
20260213_mini-v2.0.0a0_glm-5,tokio-rs__axum-734,54,0.40864584,False,,False
20260213_mini-v2.0.0a0_glm-5,tokio-rs__tokio-4384,111,1.3847464,False,,False
20260213_mini-v2.0.0a0_glm-5,tokio-rs__tokio-4867,49,0.3063428,True,,False
20260213_mini-v2.0.0a0_glm-5,tokio-rs__tokio-4898,26,0.11357768000000001,True,,False
20260213_mini-v2.0.0a0_glm-5,tokio-rs__tokio-6551,116,1.03571596,True,,False
20260213_mini-v2.0.0a0_glm-5,tokio-rs__tokio-6603,69,0.55774992,True,,False
20260213_mini-v2.0.0a0_glm-5,tokio-rs__tokio-6724,39,0.28417289999999995,True,,False
20260213_mini-v2.0.0a0_glm-5,tokio-rs__tokio-6752,73,0.5071873200000001,True,,False
20260213_mini-v2.0.0a0_glm-5,tokio-rs__tokio-6838,22,0.1347256,True,,False
20260213_mini-v2.0.0a0_glm-5,tokio-rs__tokio-7139,86,0.634896,True,,False
20260213_mini-v2.0.0a0_glm-5,uutils__coreutils-6377,135,1.22132672,False,,False
20260213_mini-v2.0.0a0_glm-5,uutils__coreutils-6575,55,0.26902580000000004,False,,False
20260213_mini-v2.0.0a0_glm-5,uutils__coreutils-6682,74,0.45311580000000007,True,,False
20260213_mini-v2.0.0a0_glm-5,uutils__coreutils-6690,71,0.47401476,False,,False
20260213_mini-v2.0.0a0_glm-5,uutils__coreutils-6731,42,0.26570471999999995,True,,False
20260213_mini-v2.0.0a0_glm-5,valkey-io__valkey-1499,125,1.36847576,True,,False
20260213_mini-v2.0.0a0_glm-5,valkey-io__valkey-1842,88,0.5561883999999998,True,,False
20260213_mini-v2.0.0a0_glm-5,valkey-io__valkey-790,67,0.61677386,True,,False
20260213_mini-v2.0.0a0_glm-5,valkey-io__valkey-928,69,0.8142916800000001,False,,False
20260213_mini-v2.0.0a0_glm-5,vuejs__core-11589,90,0.92746378,True,,False
20260213_mini-v2.0.0a0_glm-5,vuejs__core-11739,194,3.0057904400000024,False,,False
20260213_mini-v2.0.0a0_glm-5,vuejs__core-11870,31,0.25671872,True,,False
20260213_mini-v2.0.0a0_glm-5,vuejs__core-11899,42,0.44983661999999996,False,,False
20260213_mini-v2.0.0a0_glm-5,vuejs__core-11915,63,0.5522154,True,,False
20260213_mini-v2.0.0a0_gpt-5-2-high,apache__druid-13704,64,0.5184112500000001,True,,False
20260213_mini-v2.0.0a0_gpt-5-2-high,apache__druid-14092,55,1.2985091000000006,True,,False
20260213_mini-v2.0.0a0_gpt-5-2-high,apache__druid-14136,43,0.4649651999999999,True,,False
20260213_mini-v2.0.0a0_gpt-5-2-high,apache__druid-15402,25,0.1573642,False,,False
20260213_mini-v2.0.0a0_gpt-5-2-high,apache__druid-16875,31,0.26837579999999994,False,,False
20260213_mini-v2.0.0a0_gpt-5-2-high,apache__lucene-11760,24,0.15878274999999997,True,,False
20260213_mini-v2.0.0a0_gpt-5-2-high,apache__lucene-12022,50,0.5913971,True,,False
20260213_mini-v2.0.0a0_gpt-5-2-high,apache__lucene-12196,32,0.2608578,True,,False
20260213_mini-v2.0.0a0_gpt-5-2-high,apache__lucene-12212,25,0.2877161,True,,False
20260213_mini-v2.0.0a0_gpt-5-2-high,apache__lucene-12626,30,0.28580300000000003,True,,False
20260213_mini-v2.0.0a0_gpt-5-2-high,apache__lucene-13170,14,0.08931439999999999,True,,False
20260213_mini-v2.0.0a0_gpt-5-2-high,apache__lucene-13301,36,0.6786153499999998,False,,False
20260213_mini-v2.0.0a0_gpt-5-2-high,apache__lucene-13494,35,0.3357301500000001,True,,False
20260213_mini-v2.0.0a0_gpt-5-2-high,apache__lucene-13704,44,0.5845052500000003,True,,False
20260213_mini-v2.0.0a0_gpt-5-2-high,astral-sh__ruff-15309,57,0.6161529500000001,False,,False
20260213_mini-v2.0.0a0_gpt-5-2-high,astral-sh__ruff-15330,92,1.7291683499999992,True,,False
20260213_mini-v2.0.0a0_gpt-5-2-high,astral-sh__ruff-15356,62,1.0331048,False,,False
20260213_mini-v2.0.0a0_gpt-5-2-high,astral-sh__ruff-15394,29,0.33854135,False,,False
20260213_mini-v2.0.0a0_gpt-5-2-high,astral-sh__ruff-15443,15,0.10032469999999999,True,,False
20260213_mini-v2.0.0a0_gpt-5-2-high,astral-sh__ruff-15543,20,0.15654520000000002,True,,False
20260213_mini-v2.0.0a0_gpt-5-2-high,astral-sh__ruff-15626,71,1.4121477999999996,True,,False
20260213_mini-v2.0.0a0_gpt-5-2-high,axios__axios-4731,20,0.15749615000000003,True,,False
20260213_mini-v2.0.0a0_gpt-5-2-high,axios__axios-4738,22,0.12111049999999998,False,,False
20260213_mini-v2.0.0a0_gpt-5-2-high,axios__axios-5085,24,0.2306787,True,,False
20260213_mini-v2.0.0a0_gpt-5-2-high,axios__axios-5316,57,0.5939975999999999,False,,False
20260213_mini-v2.0.0a0_gpt-5-2-high,axios__axios-5892,20,0.1564668,True,,False
20260213_mini-v2.0.0a0_gpt-5-2-high,axios__axios-6539,44,0.45718714999999993,False,,False
20260213_mini-v2.0.0a0_gpt-5-2-high,babel__babel-13928,46,0.3628547999999999,True,,False
20260213_mini-v2.0.0a0_gpt-5-2-high,babel__babel-14532,62,0.7463536500000001,True,,False
20260213_mini-v2.0.0a0_gpt-5-2-high,babel__babel-15445,37,0.38499265,False,,False
20260213_mini-v2.0.0a0_gpt-5-2-high,babel__babel-15649,33,0.3136721,False,,False
20260213_mini-v2.0.0a0_gpt-5-2-high,babel__babel-16130,41,0.7021013999999999,True,,False
20260213_mini-v2.0.0a0_gpt-5-2-high,briannesbitt__carbon-2665,69,1.4350766499999998,True,,False
20260213_mini-v2.0.0a0_gpt-5-2-high,briannesbitt__carbon-2752,54,0.7162595999999999,True,,False
20260213_mini-v2.0.0a0_gpt-5-2-high,briannesbitt__carbon-2762,68,2.189163899999999,False,,False
20260213_mini-v2.0.0a0_gpt-5-2-high,briannesbitt__carbon-2813,41,0.5290747000000001,False,,False
20260213_mini-v2.0.0a0_gpt-5-2-high,briannesbitt__carbon-2981,38,0.46082295000000006,True,,False
20260213_mini-v2.0.0a0_gpt-5-2-high,briannesbitt__carbon-3005,152,2.810094000000001,True,,False
20260213_mini-v2.0.0a0_gpt-5-2-high,briannesbitt__carbon-3041,51,0.4661551999999999,False,,False
20260213_mini-v2.0.0a0_gpt-5-2-high,briannesbitt__carbon-3073,51,0.4265813999999999,True,,False
20260213_mini-v2.0.0a0_gpt-5-2-high,briannesbitt__carbon-3098,46,0.55672365,True,,False
20260213_mini-v2.0.0a0_gpt-5-2-high,briannesbitt__carbon-3103,23,0.13684510000000003,True,,False
20260213_mini-v2.0.0a0_gpt-5-2-high,burntsushi__ripgrep-2209,48,0.6653667999999999,True,,False
20260213_mini-v2.0.0a0_gpt-5-2-high,burntsushi__ripgrep-2576,75,1.7218568500000004,True,,False
20260213_mini-v2.0.0a0_gpt-5-2-high,caddyserver__caddy-4774,29,0.27799660000000015,True,,False
20260213_mini-v2.0.0a0_gpt-5-2-high,caddyserver__caddy-4943,50,0.7347189499999999,False,,False
20260213_mini-v2.0.0a0_gpt-5-2-high,caddyserver__caddy-5404,15,0.36521135000000005,False,,False
20260213_mini-v2.0.0a0_gpt-5-2-high,caddyserver__caddy-5626,20,0.33210485,True,,False
20260213_mini-v2.0.0a0_gpt-5-2-high,caddyserver__caddy-5761,23,0.28634724999999994,False,,False
20260213_mini-v2.0.0a0_gpt-5-2-high,caddyserver__caddy-5870,46,0.42323819999999995,True,,False
20260213_mini-v2.0.0a0_gpt-5-2-high,caddyserver__caddy-5995,47,0.4671887500000001,True,,False
20260213_mini-v2.0.0a0_gpt-5-2-high,caddyserver__caddy-6051,26,0.22910160000000004,False,,False
20260213_mini-v2.0.0a0_gpt-5-2-high,caddyserver__caddy-6115,23,0.18601625000000002,False,,False
20260213_mini-v2.0.0a0_gpt-5-2-high,caddyserver__caddy-6288,41,0.49967995,True,,False
20260213_mini-v2.0.0a0_gpt-5-2-high,caddyserver__caddy-6345,41,0.58970205,False,,False
20260213_mini-v2.0.0a0_gpt-5-2-high,caddyserver__caddy-6350,32,0.28678299999999995,True,,False
20260213_mini-v2.0.0a0_gpt-5-2-high,caddyserver__caddy-6370,17,0.15873690000000001,True,,False
20260213_mini-v2.0.0a0_gpt-5-2-high,caddyserver__caddy-6411,22,0.1498406,False,,False
20260213_mini-v2.0.0a0_gpt-5-2-high,facebook__docusaurus-10130,30,0.26639969999999996,True,,False
20260213_mini-v2.0.0a0_gpt-5-2-high,facebook__docusaurus-10309,48,0.4993289000000001,True,,False
20260213_mini-v2.0.0a0_gpt-5-2-high,facebook__docusaurus-8927,47,0.6375529999999998,False,,False
20260213_mini-v2.0.0a0_gpt-5-2-high,facebook__docusaurus-9183,49,0.4130861000000001,False,,False
20260213_mini-v2.0.0a0_gpt-5-2-high,facebook__docusaurus-9897,59,1.6779251999999998,True,,False
20260213_mini-v2.0.0a0_gpt-5-2-high,faker-ruby__faker-2705,50,0.6542165,False,,False
20260213_mini-v2.0.0a0_gpt-5-2-high,faker-ruby__faker-2970,42,0.3686473,True,,False
20260213_mini-v2.0.0a0_gpt-5-2-high,fastlane__fastlane-19207,32,0.37035565,False,,False
20260213_mini-v2.0.0a0_gpt-5-2-high,fastlane__fastlane-19304,40,0.33249964999999987,True,,False
20260213_mini-v2.0.0a0_gpt-5-2-high,fastlane__fastlane-19765,27,0.26451109999999994,False,,False
20260213_mini-v2.0.0a0_gpt-5-2-high,fastlane__fastlane-20642,20,0.25513705,False,,False
20260213_mini-v2.0.0a0_gpt-5-2-high,fastlane__fastlane-20958,33,0.4351455499999999,False,,False
20260213_mini-v2.0.0a0_gpt-5-2-high,fastlane__fastlane-20975,34,0.6140336999999999,True,,False
20260213_mini-v2.0.0a0_gpt-5-2-high,fastlane__fastlane-21857,45,0.6513745,True,,False
20260213_mini-v2.0.0a0_gpt-5-2-high,fluent__fluentd-3328,50,0.5672751,True,,False
20260213_mini-v2.0.0a0_gpt-5-2-high,fluent__fluentd-3466,55,0.7483126000000003,False,,False
20260213_mini-v2.0.0a0_gpt-5-2-high,fluent__fluentd-3608,36,0.3820236,True,,False
20260213_mini-v2.0.0a0_gpt-5-2-high,fluent__fluentd-3616,29,0.43670829999999994,True,,False
20260213_mini-v2.0.0a0_gpt-5-2-high,fluent__fluentd-3631,64,0.82077905,True,,False
20260213_mini-v2.0.0a0_gpt-5-2-high,fluent__fluentd-3640,31,0.3655126999999999,False,,False
20260213_mini-v2.0.0a0_gpt-5-2-high,fluent__fluentd-3641,34,0.25491059999999993,False,,False
20260213_mini-v2.0.0a0_gpt-5-2-high,fluent__fluentd-3917,21,0.2665845,True,,False
20260213_mini-v2.0.0a0_gpt-5-2-high,fluent__fluentd-4030,30,0.8883255499999998,True,,False
20260213_mini-v2.0.0a0_gpt-5-2-high,fluent__fluentd-4311,33,0.28979124999999994,False,,False
20260213_mini-v2.0.0a0_gpt-5-2-high,fluent__fluentd-4598,24,0.17916185,True,,False
20260213_mini-v2.0.0a0_gpt-5-2-high,fluent__fluentd-4655,19,0.14770945000000002,True,,False
20260213_mini-v2.0.0a0_gpt-5-2-high,fmtlib__fmt-1683,11,0.11426624999999999,False,,False
20260213_mini-v2.0.0a0_gpt-5-2-high,fmtlib__fmt-2310,32,0.4356023,False,,False
20260213_mini-v2.0.0a0_gpt-5-2-high,fmtlib__fmt-2317,49,0.315392,True,,False
20260213_mini-v2.0.0a0_gpt-5-2-high,fmtlib__fmt-2457,47,0.7202422500000001,True,,False
20260213_mini-v2.0.0a0_gpt-5-2-high,fmtlib__fmt-3158,45,0.9522992500000002,False,,False
20260213_mini-v2.0.0a0_gpt-5-2-high,fmtlib__fmt-3248,22,0.12481349999999997,True,,False
20260213_mini-v2.0.0a0_gpt-5-2-high,fmtlib__fmt-3272,30,0.3052938,True,,False
20260213_mini-v2.0.0a0_gpt-5-2-high,fmtlib__fmt-3729,38,0.5301722999999999,True,,False
20260213_mini-v2.0.0a0_gpt-5-2-high,fmtlib__fmt-3750,31,0.241787,False,,False
20260213_mini-v2.0.0a0_gpt-5-2-high,fmtlib__fmt-3863,91,2.1478296,False,,False
20260213_mini-v2.0.0a0_gpt-5-2-high,fmtlib__fmt-3901,26,0.2114805,True,,False
20260213_mini-v2.0.0a0_gpt-5-2-high,gin-gonic__gin-1805,23,0.42125579999999996,True,,False
20260213_mini-v2.0.0a0_gpt-5-2-high,gin-gonic__gin-1957,31,0.28876470000000004,True,,False
20260213_mini-v2.0.0a0_gpt-5-2-high,gin-gonic__gin-2121,20,0.09919385000000001,True,,False
20260213_mini-v2.0.0a0_gpt-5-2-high,gin-gonic__gin-2755,42,0.45110835,False,,False
20260213_mini-v2.0.0a0_gpt-5-2-high,gin-gonic__gin-3227,20,0.36473079999999997,False,,False
20260213_mini-v2.0.0a0_gpt-5-2-high,gin-gonic__gin-3741,14,0.0891905,True,,False
20260213_mini-v2.0.0a0_gpt-5-2-high,gin-gonic__gin-3820,20,0.26438090000000003,False,,False
20260213_mini-v2.0.0a0_gpt-5-2-high,gin-gonic__gin-4003,21,0.13439965,True,,False
20260213_mini-v2.0.0a0_gpt-5-2-high,gohugoio__hugo-12171,43,0.5707219,True,,False
20260213_mini-v2.0.0a0_gpt-5-2-high,gohugoio__hugo-12204,48,0.6238725500000001,False,,False
20260213_mini-v2.0.0a0_gpt-5-2-high,gohugoio__hugo-12343,28,0.27489,True,,False
20260213_mini-v2.0.0a0_gpt-5-2-high,gohugoio__hugo-12448,108,1.7695622000000006,False,,False
20260213_mini-v2.0.0a0_gpt-5-2-high,gohugoio__hugo-12562,47,0.5039888000000001,False,,False
20260213_mini-v2.0.0a0_gpt-5-2-high,gohugoio__hugo-12579,37,0.38447254999999997,True,,False
20260213_mini-v2.0.0a0_gpt-5-2-high,gohugoio__hugo-12768,20,0.15291955,True,,False
20260213_mini-v2.0.0a0_gpt-5-2-high,google__gson-1014,30,0.31704469999999996,False,,False
20260213_mini-v2.0.0a0_gpt-5-2-high,google__gson-1093,27,0.15348235000000002,False,,False
20260213_mini-v2.0.0a0_gpt-5-2-high,google__gson-1100,32,0.2214541,False,,False
20260213_mini-v2.0.0a0_gpt-5-2-high,google__gson-2024,18,0.13295135,False,,False
20260213_mini-v2.0.0a0_gpt-5-2-high,google__gson-2061,19,0.14209334999999998,False,,False
20260213_mini-v2.0.0a0_gpt-5-2-high,google__gson-2134,15,0.12960465,False,,False
20260213_mini-v2.0.0a0_gpt-5-2-high,google__gson-2158,75,1.11898325,False,,False
20260213_mini-v2.0.0a0_gpt-5-2-high,google__gson-2311,31,0.36868194999999987,False,,False
20260213_mini-v2.0.0a0_gpt-5-2-high,google__gson-2479,44,0.6470579499999999,False,,False
20260213_mini-v2.0.0a0_gpt-5-2-high,hashicorp__terraform-34580,32,0.2643389,True,,False
20260213_mini-v2.0.0a0_gpt-5-2-high,hashicorp__terraform-34814,30,0.29646855000000005,True,,False
20260213_mini-v2.0.0a0_gpt-5-2-high,hashicorp__terraform-34900,41,0.8556810499999999,False,,False
20260213_mini-v2.0.0a0_gpt-5-2-high,hashicorp__terraform-35543,85,1.0607908499999998,False,,False
20260213_mini-v2.0.0a0_gpt-5-2-high,hashicorp__terraform-35611,36,0.6602676499999999,True,,False
20260213_mini-v2.0.0a0_gpt-5-2-high,immutable-js__immutable-js-2005,56,0.81915925,True,,False
20260213_mini-v2.0.0a0_gpt-5-2-high,immutable-js__immutable-js-2006,52,0.30320640000000004,True,,False
20260213_mini-v2.0.0a0_gpt-5-2-high,javaparser__javaparser-4538,22,0.15742195,True,,False
20260213_mini-v2.0.0a0_gpt-5-2-high,javaparser__javaparser-4561,36,0.25000675000000006,True,,False
20260213_mini-v2.0.0a0_gpt-5-2-high,jekyll__jekyll-8047,29,0.17270259999999998,True,,False
20260213_mini-v2.0.0a0_gpt-5-2-high,jekyll__jekyll-8167,30,0.2097263,True,,False
20260213_mini-v2.0.0a0_gpt-5-2-high,jekyll__jekyll-8761,26,0.20289954999999998,False,,False
20260213_mini-v2.0.0a0_gpt-5-2-high,jekyll__jekyll-8771,85,1.541220449999999,False,,False
20260213_mini-v2.0.0a0_gpt-5-2-high,jekyll__jekyll-9141,49,0.4391897999999999,False,,False
20260213_mini-v2.0.0a0_gpt-5-2-high,jordansissel__fpm-1829,27,0.29248870000000005,False,,False
20260213_mini-v2.0.0a0_gpt-5-2-high,jordansissel__fpm-1850,25,0.22473359999999998,True,,False
20260213_mini-v2.0.0a0_gpt-5-2-high,jqlang__jq-2235,59,0.7280906500000002,False,,False
20260213_mini-v2.0.0a0_gpt-5-2-high,jqlang__jq-2598,111,1.5949772999999998,True,,False
20260213_mini-v2.0.0a0_gpt-5-2-high,jqlang__jq-2650,49,0.50202285,True,,False
20260213_mini-v2.0.0a0_gpt-5-2-high,jqlang__jq-2658,35,0.4074756,True,,False
20260213_mini-v2.0.0a0_gpt-5-2-high,jqlang__jq-2681,36,0.48619409999999996,True,,False
20260213_mini-v2.0.0a0_gpt-5-2-high,jqlang__jq-2728,44,0.4268411,False,,False
20260213_mini-v2.0.0a0_gpt-5-2-high,jqlang__jq-2750,101,2.43064885,True,,False
20260213_mini-v2.0.0a0_gpt-5-2-high,jqlang__jq-2839,61,0.9592138499999997,True,,False
20260213_mini-v2.0.0a0_gpt-5-2-high,jqlang__jq-2919,42,0.4431861000000001,True,,False
20260213_mini-v2.0.0a0_gpt-5-2-high,laravel__framework-46234,41,0.43481725,True,,False
20260213_mini-v2.0.0a0_gpt-5-2-high,laravel__framework-48573,72,0.8674151500000001,False,,False
20260213_mini-v2.0.0a0_gpt-5-2-high,laravel__framework-48636,24,0.12853715,True,,False
20260213_mini-v2.0.0a0_gpt-5-2-high,laravel__framework-51195,41,0.76594945,True,,False
20260213_mini-v2.0.0a0_gpt-5-2-high,laravel__framework-51890,32,0.17994305000000002,False,,False
20260213_mini-v2.0.0a0_gpt-5-2-high,laravel__framework-52451,50,0.62900985,True,,False
20260213_mini-v2.0.0a0_gpt-5-2-high,laravel__framework-52680,38,0.3761656499999999,True,,False
20260213_mini-v2.0.0a0_gpt-5-2-high,laravel__framework-52684,29,0.1512448,True,,False
20260213_mini-v2.0.0a0_gpt-5-2-high,laravel__framework-52866,35,0.2720564,True,,False
20260213_mini-v2.0.0a0_gpt-5-2-high,laravel__framework-53206,39,0.4485936,True,,False
20260213_mini-v2.0.0a0_gpt-5-2-high,laravel__framework-53696,34,0.20903994999999997,True,,False
20260213_mini-v2.0.0a0_gpt-5-2-high,laravel__framework-53914,48,0.7288694,True,,False
20260213_mini-v2.0.0a0_gpt-5-2-high,laravel__framework-53949,22,0.14097894999999994,True,,False
20260213_mini-v2.0.0a0_gpt-5-2-high,micropython__micropython-10095,41,0.43116255,True,,False
20260213_mini-v2.0.0a0_gpt-5-2-high,micropython__micropython-12158,36,0.5648730499999999,False,,False
20260213_mini-v2.0.0a0_gpt-5-2-high,micropython__micropython-13039,26,0.15793819999999997,True,,False
20260213_mini-v2.0.0a0_gpt-5-2-high,micropython__micropython-13569,31,0.6753838,True,,False
20260213_mini-v2.0.0a0_gpt-5-2-high,micropython__micropython-15898,16,0.13887755,True,,False
20260213_mini-v2.0.0a0_gpt-5-2-high,mrdoob__three.js-25687,23,0.14194005,False,,False
20260213_mini-v2.0.0a0_gpt-5-2-high,mrdoob__three.js-26589,22,0.16045014999999996,True,,False
20260213_mini-v2.0.0a0_gpt-5-2-high,mrdoob__three.js-27395,33,0.14378945,True,,False
20260213_mini-v2.0.0a0_gpt-5-2-high,nlohmann__json-4237,32,0.35311955000000006,True,,False
20260213_mini-v2.0.0a0_gpt-5-2-high,nushell__nushell-12901,34,0.37585834999999995,True,,False
20260213_mini-v2.0.0a0_gpt-5-2-high,nushell__nushell-12950,28,0.19426749999999998,True,,False
20260213_mini-v2.0.0a0_gpt-5-2-high,nushell__nushell-13246,34,0.34058605,True,,False
20260213_mini-v2.0.0a0_gpt-5-2-high,nushell__nushell-13605,36,0.35940204999999986,True,,False
20260213_mini-v2.0.0a0_gpt-5-2-high,nushell__nushell-13831,17,0.1906247,False,,False
20260213_mini-v2.0.0a0_gpt-5-2-high,php-cs-fixer__php-cs-fixer-7523,44,0.6517735,True,,False
20260213_mini-v2.0.0a0_gpt-5-2-high,php-cs-fixer__php-cs-fixer-7635,29,0.3638256999999999,False,,False
20260213_mini-v2.0.0a0_gpt-5-2-high,php-cs-fixer__php-cs-fixer-7663,75,3.00539925,False,,False
20260213_mini-v2.0.0a0_gpt-5-2-high,php-cs-fixer__php-cs-fixer-7875,43,0.63380625,False,,False
20260213_mini-v2.0.0a0_gpt-5-2-high,php-cs-fixer__php-cs-fixer-7998,23,0.19921860000000002,False,,False
20260213_mini-v2.0.0a0_gpt-5-2-high,php-cs-fixer__php-cs-fixer-8064,36,0.3837949500000001,True,,False
20260213_mini-v2.0.0a0_gpt-5-2-high,php-cs-fixer__php-cs-fixer-8075,48,0.83097035,False,,False
20260213_mini-v2.0.0a0_gpt-5-2-high,php-cs-fixer__php-cs-fixer-8256,35,0.37812705000000013,True,,False
20260213_mini-v2.0.0a0_gpt-5-2-high,php-cs-fixer__php-cs-fixer-8331,26,0.26608820000000005,True,,False
20260213_mini-v2.0.0a0_gpt-5-2-high,php-cs-fixer__php-cs-fixer-8367,27,0.18799305000000002,True,,False
20260213_mini-v2.0.0a0_gpt-5-2-high,phpoffice__phpspreadsheet-3463,39,0.37402399999999997,True,,False
20260213_mini-v2.0.0a0_gpt-5-2-high,phpoffice__phpspreadsheet-3469,40,0.32681039999999995,False,,False
20260213_mini-v2.0.0a0_gpt-5-2-high,phpoffice__phpspreadsheet-3570,29,0.16791949999999997,False,,False
20260213_mini-v2.0.0a0_gpt-5-2-high,phpoffice__phpspreadsheet-3659,25,0.35342160000000006,False,,False
20260213_mini-v2.0.0a0_gpt-5-2-high,phpoffice__phpspreadsheet-3903,34,0.3059896,True,,False
20260213_mini-v2.0.0a0_gpt-5-2-high,phpoffice__phpspreadsheet-3940,29,0.45013184999999994,True,,False
20260213_mini-v2.0.0a0_gpt-5-2-high,phpoffice__phpspreadsheet-4114,36,0.32561585000000004,True,,False
20260213_mini-v2.0.0a0_gpt-5-2-high,phpoffice__phpspreadsheet-4186,20,0.11833255000000002,True,,False
20260213_mini-v2.0.0a0_gpt-5-2-high,phpoffice__phpspreadsheet-4214,48,0.6668227999999998,True,,False
20260213_mini-v2.0.0a0_gpt-5-2-high,phpoffice__phpspreadsheet-4313,53,1.0355198,True,,False
20260213_mini-v2.0.0a0_gpt-5-2-high,preactjs__preact-2757,21,0.2390941,True,,False
20260213_mini-v2.0.0a0_gpt-5-2-high,preactjs__preact-2896,34,0.6130481000000001,True,,False
20260213_mini-v2.0.0a0_gpt-5-2-high,preactjs__preact-2927,26,0.3383898,True,,False
20260213_mini-v2.0.0a0_gpt-5-2-high,preactjs__preact-3010,49,0.44086454999999997,True,,False
20260213_mini-v2.0.0a0_gpt-5-2-high,preactjs__preact-3062,23,0.23731504999999997,True,,False
20260213_mini-v2.0.0a0_gpt-5-2-high,preactjs__preact-3345,56,0.9304319500000001,False,,False
20260213_mini-v2.0.0a0_gpt-5-2-high,preactjs__preact-3454,29,0.26955880000000004,True,,False
20260213_mini-v2.0.0a0_gpt-5-2-high,preactjs__preact-3562,45,0.6059403000000001,True,,False
20260213_mini-v2.0.0a0_gpt-5-2-high,preactjs__preact-3567,41,0.7078011499999999,True,,False
20260213_mini-v2.0.0a0_gpt-5-2-high,preactjs__preact-3689,71,0.8213331,True,,False
20260213_mini-v2.0.0a0_gpt-5-2-high,preactjs__preact-3739,76,1.4182416500000004,True,,False
20260213_mini-v2.0.0a0_gpt-5-2-high,preactjs__preact-3763,48,0.9337397999999998,True,,False
20260213_mini-v2.0.0a0_gpt-5-2-high,preactjs__preact-4152,63,0.8789259500000002,True,,False
20260213_mini-v2.0.0a0_gpt-5-2-high,preactjs__preact-4182,44,0.6127579500000002,True,,False
20260213_mini-v2.0.0a0_gpt-5-2-high,preactjs__preact-4245,37,0.4862879,True,,False
20260213_mini-v2.0.0a0_gpt-5-2-high,preactjs__preact-4316,23,0.25429285,True,,False
20260213_mini-v2.0.0a0_gpt-5-2-high,preactjs__preact-4436,46,0.78035475,False,,False
20260213_mini-v2.0.0a0_gpt-5-2-high,projectlombok__lombok-2792,96,2.1436359000000005,True,,False
20260213_mini-v2.0.0a0_gpt-5-2-high,projectlombok__lombok-3009,29,0.27927374999999993,True,,False
20260213_mini-v2.0.0a0_gpt-5-2-high,projectlombok__lombok-3042,28,0.16055304999999997,True,,False
20260213_mini-v2.0.0a0_gpt-5-2-high,projectlombok__lombok-3052,142,2.92986365,False,,False
20260213_mini-v2.0.0a0_gpt-5-2-high,projectlombok__lombok-3215,60,1.1908120000000004,False,,False
20260213_mini-v2.0.0a0_gpt-5-2-high,projectlombok__lombok-3312,49,0.4238839499999999,True,,False
20260213_mini-v2.0.0a0_gpt-5-2-high,projectlombok__lombok-3326,147,3.026594900000001,False,,False
20260213_mini-v2.0.0a0_gpt-5-2-high,projectlombok__lombok-3350,54,0.6118976499999998,True,,False
20260213_mini-v2.0.0a0_gpt-5-2-high,projectlombok__lombok-3371,42,0.37012219999999996,True,,False
20260213_mini-v2.0.0a0_gpt-5-2-high,projectlombok__lombok-3422,38,0.31826445,True,,False
20260213_mini-v2.0.0a0_gpt-5-2-high,projectlombok__lombok-3479,32,0.18827655000000001,True,,False
20260213_mini-v2.0.0a0_gpt-5-2-high,projectlombok__lombok-3486,37,0.3220035000000001,True,,False
20260213_mini-v2.0.0a0_gpt-5-2-high,projectlombok__lombok-3571,52,0.8053864000000002,True,,False
20260213_mini-v2.0.0a0_gpt-5-2-high,projectlombok__lombok-3594,36,0.5132645000000001,True,,False
20260213_mini-v2.0.0a0_gpt-5-2-high,projectlombok__lombok-3602,51,0.5061098000000002,True,,False
20260213_mini-v2.0.0a0_gpt-5-2-high,projectlombok__lombok-3674,63,0.6038032000000002,False,,False
20260213_mini-v2.0.0a0_gpt-5-2-high,projectlombok__lombok-3697,37,0.3723954499999999,True,,False
20260213_mini-v2.0.0a0_gpt-5-2-high,prometheus__prometheus-10633,24,0.2699721500000001,False,,False
20260213_mini-v2.0.0a0_gpt-5-2-high,prometheus__prometheus-10720,62,0.51955085,True,,False
20260213_mini-v2.0.0a0_gpt-5-2-high,prometheus__prometheus-11859,45,0.7772936500000001,False,,False
20260213_mini-v2.0.0a0_gpt-5-2-high,prometheus__prometheus-12874,18,0.17684555,True,,False
20260213_mini-v2.0.0a0_gpt-5-2-high,prometheus__prometheus-13845,13,0.13040160000000003,True,,False
20260213_mini-v2.0.0a0_gpt-5-2-high,prometheus__prometheus-14861,26,0.18528789999999998,False,,False
20260213_mini-v2.0.0a0_gpt-5-2-high,prometheus__prometheus-15142,52,0.6082604500000001,False,,False
20260213_mini-v2.0.0a0_gpt-5-2-high,prometheus__prometheus-9248,68,0.9101476999999998,False,,False
20260213_mini-v2.0.0a0_gpt-5-2-high,reactivex__rxjava-7597,52,0.6774327,True,,False
20260213_mini-v2.0.0a0_gpt-5-2-high,redis__redis-10068,24,0.29370635000000006,True,,False
20260213_mini-v2.0.0a0_gpt-5-2-high,redis__redis-10095,17,0.09920785,True,,False
20260213_mini-v2.0.0a0_gpt-5-2-high,redis__redis-10764,29,0.24850455000000002,True,,False
20260213_mini-v2.0.0a0_gpt-5-2-high,redis__redis-11279,28,0.3438561,False,,False
20260213_mini-v2.0.0a0_gpt-5-2-high,redis__redis-11510,31,0.36244390000000004,True,,False
20260213_mini-v2.0.0a0_gpt-5-2-high,redis__redis-11631,24,0.22466814999999993,True,,False
20260213_mini-v2.0.0a0_gpt-5-2-high,redis__redis-11734,25,0.36283240000000005,False,,False
20260213_mini-v2.0.0a0_gpt-5-2-high,redis__redis-12272,21,0.13335524999999998,True,,False
20260213_mini-v2.0.0a0_gpt-5-2-high,redis__redis-12472,40,0.5149917500000001,True,,False
20260213_mini-v2.0.0a0_gpt-5-2-high,redis__redis-13115,40,0.5469044000000001,True,,False
20260213_mini-v2.0.0a0_gpt-5-2-high,redis__redis-13338,38,0.84148015,False,,False
20260213_mini-v2.0.0a0_gpt-5-2-high,redis__redis-9733,83,1.29950485,True,,False
20260213_mini-v2.0.0a0_gpt-5-2-high,rubocop__rubocop-13362,38,0.29929304999999995,True,,False
20260213_mini-v2.0.0a0_gpt-5-2-high,rubocop__rubocop-13375,33,0.30527525000000005,True,,False
20260213_mini-v2.0.0a0_gpt-5-2-high,rubocop__rubocop-13393,51,1.2146981,False,,False
20260213_mini-v2.0.0a0_gpt-5-2-high,rubocop__rubocop-13396,64,1.06249745,True,,False
20260213_mini-v2.0.0a0_gpt-5-2-high,rubocop__rubocop-13424,20,0.27222159999999995,True,,False
20260213_mini-v2.0.0a0_gpt-5-2-high,rubocop__rubocop-13431,37,0.3047541000000001,True,,False
20260213_mini-v2.0.0a0_gpt-5-2-high,rubocop__rubocop-13479,54,0.7410917499999999,True,,False
20260213_mini-v2.0.0a0_gpt-5-2-high,rubocop__rubocop-13503,18,0.11314310000000001,True,,False
20260213_mini-v2.0.0a0_gpt-5-2-high,rubocop__rubocop-13560,22,0.17279465000000002,False,,False
20260213_mini-v2.0.0a0_gpt-5-2-high,rubocop__rubocop-13579,24,0.21515304999999996,True,,False
20260213_mini-v2.0.0a0_gpt-5-2-high,rubocop__rubocop-13627,23,0.5172142500000001,True,,False
20260213_mini-v2.0.0a0_gpt-5-2-high,rubocop__rubocop-13653,41,0.5789143499999998,True,,False
20260213_mini-v2.0.0a0_gpt-5-2-high,rubocop__rubocop-13668,38,0.8271759999999999,False,,False
20260213_mini-v2.0.0a0_gpt-5-2-high,rubocop__rubocop-13680,36,0.24955245,True,,False
20260213_mini-v2.0.0a0_gpt-5-2-high,rubocop__rubocop-13687,43,0.4172742,True,,False
20260213_mini-v2.0.0a0_gpt-5-2-high,rubocop__rubocop-13705,25,0.14168945,True,,False
20260213_mini-v2.0.0a0_gpt-5-2-high,sharkdp__bat-1892,100,1.4388909499999993,True,,False
20260213_mini-v2.0.0a0_gpt-5-2-high,sharkdp__bat-2201,61,0.7384888000000001,True,,False
20260213_mini-v2.0.0a0_gpt-5-2-high,sharkdp__bat-2260,69,0.9225489,True,,False
20260213_mini-v2.0.0a0_gpt-5-2-high,sharkdp__bat-2393,33,0.24187695000000003,True,,False
20260213_mini-v2.0.0a0_gpt-5-2-high,sharkdp__bat-2650,19,0.14385735000000002,False,,False
20260213_mini-v2.0.0a0_gpt-5-2-high,sharkdp__bat-2835,74,1.1494665000000002,True,,False
20260213_mini-v2.0.0a0_gpt-5-2-high,sharkdp__bat-3108,39,0.42770559999999996,False,,False
20260213_mini-v2.0.0a0_gpt-5-2-high,sharkdp__bat-562,20,0.16091985000000003,True,,False
20260213_mini-v2.0.0a0_gpt-5-2-high,tokio-rs__axum-1119,29,0.3076948,True,,False
20260213_mini-v2.0.0a0_gpt-5-2-high,tokio-rs__axum-1730,79,2.1036410500000002,True,,False
20260213_mini-v2.0.0a0_gpt-5-2-high,tokio-rs__axum-1934,36,0.42412964999999997,True,,False
20260213_mini-v2.0.0a0_gpt-5-2-high,tokio-rs__axum-2096,22,0.34486724999999996,True,,False
20260213_mini-v2.0.0a0_gpt-5-2-high,tokio-rs__axum-682,20,0.11667145,True,,False
20260213_mini-v2.0.0a0_gpt-5-2-high,tokio-rs__axum-691,36,0.28027859999999993,True,,False
20260213_mini-v2.0.0a0_gpt-5-2-high,tokio-rs__axum-734,55,0.6226605,True,,False
20260213_mini-v2.0.0a0_gpt-5-2-high,tokio-rs__tokio-4384,40,0.32387215,False,,False
20260213_mini-v2.0.0a0_gpt-5-2-high,tokio-rs__tokio-4867,25,0.2530213,True,,False
20260213_mini-v2.0.0a0_gpt-5-2-high,tokio-rs__tokio-4898,10,0.07670214999999998,True,,False
20260213_mini-v2.0.0a0_gpt-5-2-high,tokio-rs__tokio-6551,41,0.3635442999999999,True,,False
20260213_mini-v2.0.0a0_gpt-5-2-high,tokio-rs__tokio-6603,33,0.29553264999999995,True,,False
20260213_mini-v2.0.0a0_gpt-5-2-high,tokio-rs__tokio-6724,19,0.23463615,True,,False
20260213_mini-v2.0.0a0_gpt-5-2-high,tokio-rs__tokio-6752,35,0.5610318,False,,False
20260213_mini-v2.0.0a0_gpt-5-2-high,tokio-rs__tokio-6838,19,0.1557619,True,,False
20260213_mini-v2.0.0a0_gpt-5-2-high,tokio-rs__tokio-7139,24,0.22968959999999997,True,,False
20260213_mini-v2.0.0a0_gpt-5-2-high,uutils__coreutils-6377,57,0.9948147999999999,False,,False
20260213_mini-v2.0.0a0_gpt-5-2-high,uutils__coreutils-6575,48,0.46965765000000004,False,,False
20260213_mini-v2.0.0a0_gpt-5-2-high,uutils__coreutils-6682,22,0.23241225,True,,False
20260213_mini-v2.0.0a0_gpt-5-2-high,uutils__coreutils-6690,36,0.29393349999999996,False,,False
20260213_mini-v2.0.0a0_gpt-5-2-high,uutils__coreutils-6731,26,0.25339055000000005,True,,False
20260213_mini-v2.0.0a0_gpt-5-2-high,valkey-io__valkey-1499,43,0.35139300000000007,True,,False
20260213_mini-v2.0.0a0_gpt-5-2-high,valkey-io__valkey-1842,26,0.21131529999999996,True,,False
20260213_mini-v2.0.0a0_gpt-5-2-high,valkey-io__valkey-790,18,0.17227175,True,,False
20260213_mini-v2.0.0a0_gpt-5-2-high,valkey-io__valkey-928,58,1.1222183000000001,True,,False
20260213_mini-v2.0.0a0_gpt-5-2-high,vuejs__core-11589,58,0.85805335,False,,False
20260213_mini-v2.0.0a0_gpt-5-2-high,vuejs__core-11739,112,3.0075510500000004,False,,False
20260213_mini-v2.0.0a0_gpt-5-2-high,vuejs__core-11870,46,0.40561675,True,,False
20260213_mini-v2.0.0a0_gpt-5-2-high,vuejs__core-11899,36,0.5728352,False,,False
20260213_mini-v2.0.0a0_gpt-5-2-high,vuejs__core-11915,27,0.24577839999999998,True,,False
20260213_mini-v2.0.0a0_gpt-5-mini,apache__druid-13704,19,0.014920849999999998,False,,False
20260213_mini-v2.0.0a0_gpt-5-mini,apache__druid-14092,14,0.0208485,False,,False
20260213_mini-v2.0.0a0_gpt-5-mini,apache__druid-14136,30,0.05005524999999998,False,,False
20260213_mini-v2.0.0a0_gpt-5-mini,apache__druid-15402,19,0.02020705,False,,False
20260213_mini-v2.0.0a0_gpt-5-mini,apache__druid-16875,30,0.05325085000000001,False,,False
20260213_mini-v2.0.0a0_gpt-5-mini,apache__lucene-11760,24,0.03247869999999999,True,,False
20260213_mini-v2.0.0a0_gpt-5-mini,apache__lucene-12022,36,0.07364124999999999,False,,False
20260213_mini-v2.0.0a0_gpt-5-mini,apache__lucene-12196,33,0.04016694999999999,True,,False
20260213_mini-v2.0.0a0_gpt-5-mini,apache__lucene-12212,41,0.04676975,True,,False
20260213_mini-v2.0.0a0_gpt-5-mini,apache__lucene-12626,13,0.012843599999999998,True,,False
20260213_mini-v2.0.0a0_gpt-5-mini,apache__lucene-13170,8,0.0058769,True,,False
20260213_mini-v2.0.0a0_gpt-5-mini,apache__lucene-13301,16,0.012426450000000002,True,,False
20260213_mini-v2.0.0a0_gpt-5-mini,apache__lucene-13494,23,0.023890900000000003,False,,False
20260213_mini-v2.0.0a0_gpt-5-mini,apache__lucene-13704,39,0.10738825,False,,False
20260213_mini-v2.0.0a0_gpt-5-mini,astral-sh__ruff-15309,29,0.03528735,False,,False
20260213_mini-v2.0.0a0_gpt-5-mini,astral-sh__ruff-15330,16,0.0287922,False,,False
20260213_mini-v2.0.0a0_gpt-5-mini,astral-sh__ruff-15356,23,0.04347575,False,,False
20260213_mini-v2.0.0a0_gpt-5-mini,astral-sh__ruff-15394,21,0.028760899999999992,False,,False
20260213_mini-v2.0.0a0_gpt-5-mini,astral-sh__ruff-15443,20,0.013691650000000003,True,,False
20260213_mini-v2.0.0a0_gpt-5-mini,astral-sh__ruff-15543,19,0.01995365,True,,False
20260213_mini-v2.0.0a0_gpt-5-mini,astral-sh__ruff-15626,29,0.05118489999999999,False,,False
20260213_mini-v2.0.0a0_gpt-5-mini,axios__axios-4731,19,0.0197528,False,,False
20260213_mini-v2.0.0a0_gpt-5-mini,axios__axios-4738,16,0.023027399999999996,False,,False
20260213_mini-v2.0.0a0_gpt-5-mini,axios__axios-5085,29,0.0317809,False,,False
20260213_mini-v2.0.0a0_gpt-5-mini,axios__axios-5316,37,0.07009850000000001,False,,False
20260213_mini-v2.0.0a0_gpt-5-mini,axios__axios-5892,13,0.013801049999999999,True,,False
20260213_mini-v2.0.0a0_gpt-5-mini,axios__axios-6539,27,0.0300434,False,,False
20260213_mini-v2.0.0a0_gpt-5-mini,babel__babel-13928,83,0.15702054999999998,True,,False
20260213_mini-v2.0.0a0_gpt-5-mini,babel__babel-14532,38,0.0688675,False,,False
20260213_mini-v2.0.0a0_gpt-5-mini,babel__babel-15445,31,0.03460575,False,,False
20260213_mini-v2.0.0a0_gpt-5-mini,babel__babel-15649,35,0.0572538,False,,False
20260213_mini-v2.0.0a0_gpt-5-mini,babel__babel-16130,28,0.07413215000000001,False,,False
20260213_mini-v2.0.0a0_gpt-5-mini,briannesbitt__carbon-2665,50,0.08707004999999998,True,,False
20260213_mini-v2.0.0a0_gpt-5-mini,briannesbitt__carbon-2752,20,0.020158300000000004,False,,False
20260213_mini-v2.0.0a0_gpt-5-mini,briannesbitt__carbon-2762,37,0.07217225,True,,False
20260213_mini-v2.0.0a0_gpt-5-mini,briannesbitt__carbon-2813,30,0.021252349999999996,False,,False
20260213_mini-v2.0.0a0_gpt-5-mini,briannesbitt__carbon-2981,73,0.15130324999999997,True,,False
20260213_mini-v2.0.0a0_gpt-5-mini,briannesbitt__carbon-3005,66,0.11994255000000001,False,,False
20260213_mini-v2.0.0a0_gpt-5-mini,briannesbitt__carbon-3041,105,0.21876100000000007,False,,False
20260213_mini-v2.0.0a0_gpt-5-mini,briannesbitt__carbon-3073,63,0.0900726,True,,False
20260213_mini-v2.0.0a0_gpt-5-mini,briannesbitt__carbon-3098,55,0.09623065,True,,False
20260213_mini-v2.0.0a0_gpt-5-mini,briannesbitt__carbon-3103,38,0.06923254999999999,True,,False
20260213_mini-v2.0.0a0_gpt-5-mini,burntsushi__ripgrep-2209,28,0.06715225,False,,False
20260213_mini-v2.0.0a0_gpt-5-mini,burntsushi__ripgrep-2576,32,0.061735050000000014,False,,False
20260213_mini-v2.0.0a0_gpt-5-mini,caddyserver__caddy-4774,33,0.05471789999999999,False,,False
20260213_mini-v2.0.0a0_gpt-5-mini,caddyserver__caddy-4943,47,0.09905029999999998,False,,False
20260213_mini-v2.0.0a0_gpt-5-mini,caddyserver__caddy-5404,14,0.01119915,False,,False
20260213_mini-v2.0.0a0_gpt-5-mini,caddyserver__caddy-5626,42,0.09359364999999997,False,,False
20260213_mini-v2.0.0a0_gpt-5-mini,caddyserver__caddy-5761,119,0.4361918499999998,False,,False
20260213_mini-v2.0.0a0_gpt-5-mini,caddyserver__caddy-5870,33,0.043361250000000004,True,,False
20260213_mini-v2.0.0a0_gpt-5-mini,caddyserver__caddy-5995,64,0.15332595,True,,False
20260213_mini-v2.0.0a0_gpt-5-mini,caddyserver__caddy-6051,19,0.025761449999999998,False,,False
20260213_mini-v2.0.0a0_gpt-5-mini,caddyserver__caddy-6115,30,0.02983555,False,,False
20260213_mini-v2.0.0a0_gpt-5-mini,caddyserver__caddy-6288,45,0.07802835,True,,False
20260213_mini-v2.0.0a0_gpt-5-mini,caddyserver__caddy-6345,37,0.0720044,False,,False
20260213_mini-v2.0.0a0_gpt-5-mini,caddyserver__caddy-6350,23,0.034413,False,,False
20260213_mini-v2.0.0a0_gpt-5-mini,caddyserver__caddy-6370,18,0.02570465,False,,False
20260213_mini-v2.0.0a0_gpt-5-mini,caddyserver__caddy-6411,21,0.028108450000000004,True,,False
20260213_mini-v2.0.0a0_gpt-5-mini,facebook__docusaurus-10130,30,0.035225749999999986,True,,False
20260213_mini-v2.0.0a0_gpt-5-mini,facebook__docusaurus-10309,21,0.033870399999999995,True,,False
20260213_mini-v2.0.0a0_gpt-5-mini,facebook__docusaurus-8927,61,0.1097834,False,,False
20260213_mini-v2.0.0a0_gpt-5-mini,facebook__docusaurus-9183,25,0.0450561,False,,False
20260213_mini-v2.0.0a0_gpt-5-mini,facebook__docusaurus-9897,20,0.0259347,False,,False
20260213_mini-v2.0.0a0_gpt-5-mini,faker-ruby__faker-2705,13,0.012215249999999999,False,,False
20260213_mini-v2.0.0a0_gpt-5-mini,faker-ruby__faker-2970,19,0.01883825,False,,False
20260213_mini-v2.0.0a0_gpt-5-mini,fastlane__fastlane-19207,28,0.0760722,False,,False
20260213_mini-v2.0.0a0_gpt-5-mini,fastlane__fastlane-19304,16,0.01921115,False,,False
20260213_mini-v2.0.0a0_gpt-5-mini,fastlane__fastlane-19765,24,0.031041450000000005,True,,False
20260213_mini-v2.0.0a0_gpt-5-mini,fastlane__fastlane-20642,28,0.0361613,False,,False
20260213_mini-v2.0.0a0_gpt-5-mini,fastlane__fastlane-20958,19,0.017358299999999997,True,,False
20260213_mini-v2.0.0a0_gpt-5-mini,fastlane__fastlane-20975,17,0.0135789,True,,False
20260213_mini-v2.0.0a0_gpt-5-mini,fastlane__fastlane-21857,13,0.02957265,True,,False
20260213_mini-v2.0.0a0_gpt-5-mini,fluent__fluentd-3328,22,0.024690849999999997,False,,False
20260213_mini-v2.0.0a0_gpt-5-mini,fluent__fluentd-3466,25,0.051569399999999994,False,,False
20260213_mini-v2.0.0a0_gpt-5-mini,fluent__fluentd-3608,25,0.03903465,True,,False
20260213_mini-v2.0.0a0_gpt-5-mini,fluent__fluentd-3616,36,0.06161325000000001,True,,False
20260213_mini-v2.0.0a0_gpt-5-mini,fluent__fluentd-3631,32,0.06122344999999999,False,,False
20260213_mini-v2.0.0a0_gpt-5-mini,fluent__fluentd-3640,14,0.013402349999999999,False,,False
20260213_mini-v2.0.0a0_gpt-5-mini,fluent__fluentd-3641,12,0.01023085,False,,False
20260213_mini-v2.0.0a0_gpt-5-mini,fluent__fluentd-3917,31,0.03790135,False,,False
20260213_mini-v2.0.0a0_gpt-5-mini,fluent__fluentd-4030,11,0.011519599999999998,False,,False
20260213_mini-v2.0.0a0_gpt-5-mini,fluent__fluentd-4311,29,0.037709849999999996,False,,False
20260213_mini-v2.0.0a0_gpt-5-mini,fluent__fluentd-4598,10,0.0094146,True,,False
20260213_mini-v2.0.0a0_gpt-5-mini,fluent__fluentd-4655,28,0.035304999999999996,True,,False
20260213_mini-v2.0.0a0_gpt-5-mini,fmtlib__fmt-1683,21,0.0255367,False,,False
20260213_mini-v2.0.0a0_gpt-5-mini,fmtlib__fmt-2310,23,0.0250917,False,,False
20260213_mini-v2.0.0a0_gpt-5-mini,fmtlib__fmt-2317,29,0.0363494,True,,False
20260213_mini-v2.0.0a0_gpt-5-mini,fmtlib__fmt-2457,92,0.3397104999999999,False,,False
20260213_mini-v2.0.0a0_gpt-5-mini,fmtlib__fmt-3158,19,0.02676264999999999,True,,False
20260213_mini-v2.0.0a0_gpt-5-mini,fmtlib__fmt-3248,19,0.027601499999999994,True,,False
20260213_mini-v2.0.0a0_gpt-5-mini,fmtlib__fmt-3272,64,0.15439535,False,,False
20260213_mini-v2.0.0a0_gpt-5-mini,fmtlib__fmt-3729,17,0.020924599999999998,True,,False
20260213_mini-v2.0.0a0_gpt-5-mini,fmtlib__fmt-3750,75,0.16653105,False,,False
20260213_mini-v2.0.0a0_gpt-5-mini,fmtlib__fmt-3863,83,0.2313531999999999,False,,False
20260213_mini-v2.0.0a0_gpt-5-mini,fmtlib__fmt-3901,15,0.015513850000000001,True,,False
20260213_mini-v2.0.0a0_gpt-5-mini,gin-gonic__gin-1805,22,0.03424595,False,,False
20260213_mini-v2.0.0a0_gpt-5-mini,gin-gonic__gin-1957,62,0.08354489999999998,False,,False
20260213_mini-v2.0.0a0_gpt-5-mini,gin-gonic__gin-2121,7,0.00613275,True,,False
20260213_mini-v2.0.0a0_gpt-5-mini,gin-gonic__gin-2755,39,0.0631949,False,,False
20260213_mini-v2.0.0a0_gpt-5-mini,gin-gonic__gin-3227,15,0.01607185,False,,False
20260213_mini-v2.0.0a0_gpt-5-mini,gin-gonic__gin-3741,15,0.014535299999999998,True,,False
20260213_mini-v2.0.0a0_gpt-5-mini,gin-gonic__gin-3820,101,0.26268034999999995,False,,False
20260213_mini-v2.0.0a0_gpt-5-mini,gin-gonic__gin-4003,20,0.01700855,True,,False
20260213_mini-v2.0.0a0_gpt-5-mini,gohugoio__hugo-12171,34,0.07903969999999999,False,,False
20260213_mini-v2.0.0a0_gpt-5-mini,gohugoio__hugo-12204,56,0.09435885,False,,False
20260213_mini-v2.0.0a0_gpt-5-mini,gohugoio__hugo-12343,32,0.0528488,True,,False
20260213_mini-v2.0.0a0_gpt-5-mini,gohugoio__hugo-12448,40,0.0774739,False,,False
20260213_mini-v2.0.0a0_gpt-5-mini,gohugoio__hugo-12562,45,0.12585539999999998,False,,False
20260213_mini-v2.0.0a0_gpt-5-mini,gohugoio__hugo-12579,14,0.0108701,True,,False
20260213_mini-v2.0.0a0_gpt-5-mini,gohugoio__hugo-12768,22,0.01400395,True,,False
20260213_mini-v2.0.0a0_gpt-5-mini,google__gson-1014,23,0.0229041,True,,False
20260213_mini-v2.0.0a0_gpt-5-mini,google__gson-1093,17,0.01545925,True,,False
20260213_mini-v2.0.0a0_gpt-5-mini,google__gson-1100,15,0.011851150000000001,False,,False
20260213_mini-v2.0.0a0_gpt-5-mini,google__gson-2024,13,0.0148752,True,,False
20260213_mini-v2.0.0a0_gpt-5-mini,google__gson-2061,17,0.0141634,False,,False
20260213_mini-v2.0.0a0_gpt-5-mini,google__gson-2134,17,0.01795995,False,,False
20260213_mini-v2.0.0a0_gpt-5-mini,google__gson-2158,23,0.031912449999999995,False,,False
20260213_mini-v2.0.0a0_gpt-5-mini,google__gson-2311,15,0.021385599999999998,False,,False
20260213_mini-v2.0.0a0_gpt-5-mini,google__gson-2479,18,0.016698250000000005,False,,False
20260213_mini-v2.0.0a0_gpt-5-mini,hashicorp__terraform-34580,23,0.030277900000000007,True,,False
20260213_mini-v2.0.0a0_gpt-5-mini,hashicorp__terraform-34814,18,0.030192550000000005,False,,False
20260213_mini-v2.0.0a0_gpt-5-mini,hashicorp__terraform-34900,40,0.06646475,False,,False
20260213_mini-v2.0.0a0_gpt-5-mini,hashicorp__terraform-35543,78,0.24596744999999992,False,,False
20260213_mini-v2.0.0a0_gpt-5-mini,hashicorp__terraform-35611,48,0.104517,False,,False
20260213_mini-v2.0.0a0_gpt-5-mini,immutable-js__immutable-js-2005,36,0.0412284,False,,False
20260213_mini-v2.0.0a0_gpt-5-mini,immutable-js__immutable-js-2006,45,0.06745780000000001,True,,False
20260213_mini-v2.0.0a0_gpt-5-mini,javaparser__javaparser-4538,15,0.01441865,True,,False
20260213_mini-v2.0.0a0_gpt-5-mini,javaparser__javaparser-4561,42,0.0701033,True,,False
20260213_mini-v2.0.0a0_gpt-5-mini,jekyll__jekyll-8047,36,0.028606,False,,False
20260213_mini-v2.0.0a0_gpt-5-mini,jekyll__jekyll-8167,18,0.020026299999999997,True,,False
20260213_mini-v2.0.0a0_gpt-5-mini,jekyll__jekyll-8761,28,0.022868350000000006,False,,False
20260213_mini-v2.0.0a0_gpt-5-mini,jekyll__jekyll-8771,44,0.05750319999999999,False,,False
20260213_mini-v2.0.0a0_gpt-5-mini,jekyll__jekyll-9141,26,0.03728935,False,,False
20260213_mini-v2.0.0a0_gpt-5-mini,jordansissel__fpm-1829,15,0.0164349,False,,False
20260213_mini-v2.0.0a0_gpt-5-mini,jordansissel__fpm-1850,13,0.007236599999999998,True,,False
20260213_mini-v2.0.0a0_gpt-5-mini,jqlang__jq-2235,14,0.014017050000000001,False,,False
20260213_mini-v2.0.0a0_gpt-5-mini,jqlang__jq-2598,23,0.03283904999999999,True,,False
20260213_mini-v2.0.0a0_gpt-5-mini,jqlang__jq-2650,18,0.023679249999999995,False,,False
20260213_mini-v2.0.0a0_gpt-5-mini,jqlang__jq-2658,18,0.02278555,True,,False
20260213_mini-v2.0.0a0_gpt-5-mini,jqlang__jq-2681,40,0.0655744,True,,False
20260213_mini-v2.0.0a0_gpt-5-mini,jqlang__jq-2728,12,0.0116212,False,,False
20260213_mini-v2.0.0a0_gpt-5-mini,jqlang__jq-2750,30,0.0622763,False,,False
20260213_mini-v2.0.0a0_gpt-5-mini,jqlang__jq-2839,25,0.0339055,False,,False
20260213_mini-v2.0.0a0_gpt-5-mini,jqlang__jq-2919,18,0.02219305,False,,False
20260213_mini-v2.0.0a0_gpt-5-mini,laravel__framework-46234,32,0.0355906,True,,False
20260213_mini-v2.0.0a0_gpt-5-mini,laravel__framework-48573,28,0.04339739999999999,False,,False
20260213_mini-v2.0.0a0_gpt-5-mini,laravel__framework-48636,18,0.014733350000000001,True,,False
20260213_mini-v2.0.0a0_gpt-5-mini,laravel__framework-51195,108,0.28730524999999996,False,,False
20260213_mini-v2.0.0a0_gpt-5-mini,laravel__framework-51890,84,0.22237405000000002,False,,False
20260213_mini-v2.0.0a0_gpt-5-mini,laravel__framework-52451,46,0.06660170000000001,False,,False
20260213_mini-v2.0.0a0_gpt-5-mini,laravel__framework-52680,14,0.014703949999999999,False,,False
20260213_mini-v2.0.0a0_gpt-5-mini,laravel__framework-52684,26,0.0283975,True,,False
20260213_mini-v2.0.0a0_gpt-5-mini,laravel__framework-52866,34,0.0377351,True,,False
20260213_mini-v2.0.0a0_gpt-5-mini,laravel__framework-53206,55,0.06795605,True,,False
20260213_mini-v2.0.0a0_gpt-5-mini,laravel__framework-53696,25,0.032937949999999994,True,,False
20260213_mini-v2.0.0a0_gpt-5-mini,laravel__framework-53914,81,0.15301419999999993,True,,False
20260213_mini-v2.0.0a0_gpt-5-mini,laravel__framework-53949,28,0.02610965,True,,False
20260213_mini-v2.0.0a0_gpt-5-mini,micropython__micropython-10095,36,0.092172,False,,False
20260213_mini-v2.0.0a0_gpt-5-mini,micropython__micropython-12158,21,0.0255336,False,,False
20260213_mini-v2.0.0a0_gpt-5-mini,micropython__micropython-13039,20,0.026081100000000003,True,,False
20260213_mini-v2.0.0a0_gpt-5-mini,micropython__micropython-13569,22,0.032882350000000005,False,,False
20260213_mini-v2.0.0a0_gpt-5-mini,micropython__micropython-15898,9,0.009988400000000001,False,,False
20260213_mini-v2.0.0a0_gpt-5-mini,mrdoob__three.js-25687,34,0.03713254999999999,False,,False
20260213_mini-v2.0.0a0_gpt-5-mini,mrdoob__three.js-26589,31,0.0324672,True,,False
20260213_mini-v2.0.0a0_gpt-5-mini,mrdoob__three.js-27395,16,0.010723400000000001,True,,False
20260213_mini-v2.0.0a0_gpt-5-mini,nlohmann__json-4237,15,0.0176693,True,,False
20260213_mini-v2.0.0a0_gpt-5-mini,nushell__nushell-12901,31,0.03237495,True,,False
20260213_mini-v2.0.0a0_gpt-5-mini,nushell__nushell-12950,20,0.01990105,True,,False
20260213_mini-v2.0.0a0_gpt-5-mini,nushell__nushell-13246,18,0.019580949999999996,True,,False
20260213_mini-v2.0.0a0_gpt-5-mini,nushell__nushell-13605,36,0.04242825,True,,False
20260213_mini-v2.0.0a0_gpt-5-mini,nushell__nushell-13831,20,0.02289055,False,,False
20260213_mini-v2.0.0a0_gpt-5-mini,php-cs-fixer__php-cs-fixer-7523,68,0.12302335000000002,True,,False
20260213_mini-v2.0.0a0_gpt-5-mini,php-cs-fixer__php-cs-fixer-7635,47,0.0755213,False,,False
20260213_mini-v2.0.0a0_gpt-5-mini,php-cs-fixer__php-cs-fixer-7663,28,0.0365879,False,,False
20260213_mini-v2.0.0a0_gpt-5-mini,php-cs-fixer__php-cs-fixer-7875,141,0.30775009999999997,False,,False
20260213_mini-v2.0.0a0_gpt-5-mini,php-cs-fixer__php-cs-fixer-7998,34,0.04987645000000002,False,,False
20260213_mini-v2.0.0a0_gpt-5-mini,php-cs-fixer__php-cs-fixer-8064,14,0.01871945,True,,False
20260213_mini-v2.0.0a0_gpt-5-mini,php-cs-fixer__php-cs-fixer-8075,26,0.0320502,False,,False
20260213_mini-v2.0.0a0_gpt-5-mini,php-cs-fixer__php-cs-fixer-8256,26,0.029649349999999998,False,,False
20260213_mini-v2.0.0a0_gpt-5-mini,php-cs-fixer__php-cs-fixer-8331,30,0.04626835,True,,False
20260213_mini-v2.0.0a0_gpt-5-mini,php-cs-fixer__php-cs-fixer-8367,53,0.07600015000000002,True,,False
20260213_mini-v2.0.0a0_gpt-5-mini,phpoffice__phpspreadsheet-3463,17,0.0264828,False,,False
20260213_mini-v2.0.0a0_gpt-5-mini,phpoffice__phpspreadsheet-3469,62,0.16937470000000002,False,,False
20260213_mini-v2.0.0a0_gpt-5-mini,phpoffice__phpspreadsheet-3570,23,0.0308258,False,,False
20260213_mini-v2.0.0a0_gpt-5-mini,phpoffice__phpspreadsheet-3659,24,0.0335288,False,,False
20260213_mini-v2.0.0a0_gpt-5-mini,phpoffice__phpspreadsheet-3903,23,0.029264099999999998,True,,False
20260213_mini-v2.0.0a0_gpt-5-mini,phpoffice__phpspreadsheet-3940,29,0.06355314999999999,True,,False
20260213_mini-v2.0.0a0_gpt-5-mini,phpoffice__phpspreadsheet-4114,73,0.1321004,False,,False
20260213_mini-v2.0.0a0_gpt-5-mini,phpoffice__phpspreadsheet-4186,13,0.0089546,True,,False
20260213_mini-v2.0.0a0_gpt-5-mini,phpoffice__phpspreadsheet-4214,18,0.026860149999999996,False,,False
20260213_mini-v2.0.0a0_gpt-5-mini,phpoffice__phpspreadsheet-4313,114,0.4342066499999999,False,,False
20260213_mini-v2.0.0a0_gpt-5-mini,preactjs__preact-2757,15,0.014238599999999997,False,,False
20260213_mini-v2.0.0a0_gpt-5-mini,preactjs__preact-2896,11,0.011859,False,,False
20260213_mini-v2.0.0a0_gpt-5-mini,preactjs__preact-2927,12,0.015202299999999998,False,,False
20260213_mini-v2.0.0a0_gpt-5-mini,preactjs__preact-3010,32,0.03096545,True,,False
20260213_mini-v2.0.0a0_gpt-5-mini,preactjs__preact-3062,30,0.0370743,True,,False
20260213_mini-v2.0.0a0_gpt-5-mini,preactjs__preact-3345,27,0.030820199999999996,False,,False
20260213_mini-v2.0.0a0_gpt-5-mini,preactjs__preact-3454,18,0.01640575,True,,False
20260213_mini-v2.0.0a0_gpt-5-mini,preactjs__preact-3562,21,0.022948800000000002,False,,False
20260213_mini-v2.0.0a0_gpt-5-mini,preactjs__preact-3567,17,0.012071699999999998,False,,False
20260213_mini-v2.0.0a0_gpt-5-mini,preactjs__preact-3689,18,0.020965150000000005,True,,False
20260213_mini-v2.0.0a0_gpt-5-mini,preactjs__preact-3739,25,0.036863950000000006,False,,False
20260213_mini-v2.0.0a0_gpt-5-mini,preactjs__preact-3763,27,0.05345269999999999,True,,False
20260213_mini-v2.0.0a0_gpt-5-mini,preactjs__preact-4152,22,0.028075749999999993,True,,False
20260213_mini-v2.0.0a0_gpt-5-mini,preactjs__preact-4182,35,0.058016,False,,False
20260213_mini-v2.0.0a0_gpt-5-mini,preactjs__preact-4245,23,0.03528144999999999,False,,False
20260213_mini-v2.0.0a0_gpt-5-mini,preactjs__preact-4316,21,0.032298999999999994,False,,False
20260213_mini-v2.0.0a0_gpt-5-mini,preactjs__preact-4436,29,0.06436829999999999,False,,False
20260213_mini-v2.0.0a0_gpt-5-mini,projectlombok__lombok-2792,16,0.013643549999999997,False,,False
20260213_mini-v2.0.0a0_gpt-5-mini,projectlombok__lombok-3009,40,0.07681054999999999,False,,False
20260213_mini-v2.0.0a0_gpt-5-mini,projectlombok__lombok-3042,19,0.02129185,True,,False
20260213_mini-v2.0.0a0_gpt-5-mini,projectlombok__lombok-3052,40,0.06344944999999999,False,,False
20260213_mini-v2.0.0a0_gpt-5-mini,projectlombok__lombok-3215,40,0.07831990000000001,False,,False
20260213_mini-v2.0.0a0_gpt-5-mini,projectlombok__lombok-3312,20,0.03238095,False,,False
20260213_mini-v2.0.0a0_gpt-5-mini,projectlombok__lombok-3326,28,0.04755155,False,,False
20260213_mini-v2.0.0a0_gpt-5-mini,projectlombok__lombok-3350,18,0.01836825,False,,False
20260213_mini-v2.0.0a0_gpt-5-mini,projectlombok__lombok-3371,36,0.09354615000000001,False,,False
20260213_mini-v2.0.0a0_gpt-5-mini,projectlombok__lombok-3422,12,0.013086599999999999,True,,False
20260213_mini-v2.0.0a0_gpt-5-mini,projectlombok__lombok-3479,16,0.011655699999999998,True,,False
20260213_mini-v2.0.0a0_gpt-5-mini,projectlombok__lombok-3486,50,0.11320194999999997,True,,False
20260213_mini-v2.0.0a0_gpt-5-mini,projectlombok__lombok-3571,41,0.07473355,False,,False
20260213_mini-v2.0.0a0_gpt-5-mini,projectlombok__lombok-3594,19,0.0342737,False,,False
20260213_mini-v2.0.0a0_gpt-5-mini,projectlombok__lombok-3602,28,0.031848999999999995,True,,False
20260213_mini-v2.0.0a0_gpt-5-mini,projectlombok__lombok-3674,53,0.13125104999999998,False,,False
20260213_mini-v2.0.0a0_gpt-5-mini,projectlombok__lombok-3697,28,0.05043839999999999,False,,False
20260213_mini-v2.0.0a0_gpt-5-mini,prometheus__prometheus-10633,10,0.012518949999999997,False,,False
20260213_mini-v2.0.0a0_gpt-5-mini,prometheus__prometheus-10720,51,0.0629742,True,,False
20260213_mini-v2.0.0a0_gpt-5-mini,prometheus__prometheus-11859,26,0.029866249999999997,False,,False
20260213_mini-v2.0.0a0_gpt-5-mini,prometheus__prometheus-12874,41,0.08251704999999998,False,,False
20260213_mini-v2.0.0a0_gpt-5-mini,prometheus__prometheus-13845,34,0.06513625,True,,False
20260213_mini-v2.0.0a0_gpt-5-mini,prometheus__prometheus-14861,14,0.01573065,True,,False
20260213_mini-v2.0.0a0_gpt-5-mini,prometheus__prometheus-15142,28,0.0448181,False,,False
20260213_mini-v2.0.0a0_gpt-5-mini,prometheus__prometheus-9248,50,0.14120619999999998,False,,False
20260213_mini-v2.0.0a0_gpt-5-mini,reactivex__rxjava-7597,24,0.020931400000000003,True,,False
20260213_mini-v2.0.0a0_gpt-5-mini,redis__redis-10068,26,0.03225764999999999,True,,False
20260213_mini-v2.0.0a0_gpt-5-mini,redis__redis-10095,20,0.018877349999999998,True,,False
20260213_mini-v2.0.0a0_gpt-5-mini,redis__redis-10764,13,0.010774299999999999,False,,False
20260213_mini-v2.0.0a0_gpt-5-mini,redis__redis-11279,24,0.036791899999999995,False,,False
20260213_mini-v2.0.0a0_gpt-5-mini,redis__redis-11510,19,0.0313402,False,,False
20260213_mini-v2.0.0a0_gpt-5-mini,redis__redis-11631,15,0.016030899999999997,True,,False
20260213_mini-v2.0.0a0_gpt-5-mini,redis__redis-11734,24,0.04500445000000001,False,,False
20260213_mini-v2.0.0a0_gpt-5-mini,redis__redis-12272,11,0.012473799999999997,False,,False
20260213_mini-v2.0.0a0_gpt-5-mini,redis__redis-12472,31,0.07452315,False,,False
20260213_mini-v2.0.0a0_gpt-5-mini,redis__redis-13115,28,0.038965450000000006,False,,False
20260213_mini-v2.0.0a0_gpt-5-mini,redis__redis-13338,51,0.1311095,False,,False
20260213_mini-v2.0.0a0_gpt-5-mini,redis__redis-9733,19,0.018941149999999997,True,,False
20260213_mini-v2.0.0a0_gpt-5-mini,rubocop__rubocop-13362,30,0.02665445,True,,False
20260213_mini-v2.0.0a0_gpt-5-mini,rubocop__rubocop-13375,20,0.018556549999999998,False,,False
20260213_mini-v2.0.0a0_gpt-5-mini,rubocop__rubocop-13393,20,0.0278337,False,,False
20260213_mini-v2.0.0a0_gpt-5-mini,rubocop__rubocop-13396,18,0.0317582,False,,False
20260213_mini-v2.0.0a0_gpt-5-mini,rubocop__rubocop-13424,29,0.0532782,False,,False
20260213_mini-v2.0.0a0_gpt-5-mini,rubocop__rubocop-13431,20,0.01504945,False,,False
20260213_mini-v2.0.0a0_gpt-5-mini,rubocop__rubocop-13479,16,0.02460525,True,,False
20260213_mini-v2.0.0a0_gpt-5-mini,rubocop__rubocop-13503,13,0.01624165,True,,False
20260213_mini-v2.0.0a0_gpt-5-mini,rubocop__rubocop-13560,13,0.0141243,False,,False
20260213_mini-v2.0.0a0_gpt-5-mini,rubocop__rubocop-13579,11,0.006176749999999999,False,,False
20260213_mini-v2.0.0a0_gpt-5-mini,rubocop__rubocop-13627,56,0.1822328,False,,False
20260213_mini-v2.0.0a0_gpt-5-mini,rubocop__rubocop-13653,21,0.027874349999999996,False,,False
20260213_mini-v2.0.0a0_gpt-5-mini,rubocop__rubocop-13668,18,0.02668125,True,,False
20260213_mini-v2.0.0a0_gpt-5-mini,rubocop__rubocop-13680,28,0.03275295,True,,False
20260213_mini-v2.0.0a0_gpt-5-mini,rubocop__rubocop-13687,14,0.019597849999999997,False,,False
20260213_mini-v2.0.0a0_gpt-5-mini,rubocop__rubocop-13705,22,0.0156113,True,,False
20260213_mini-v2.0.0a0_gpt-5-mini,sharkdp__bat-1892,34,0.05464565,False,,False
20260213_mini-v2.0.0a0_gpt-5-mini,sharkdp__bat-2201,15,0.021615199999999998,False,,False
20260213_mini-v2.0.0a0_gpt-5-mini,sharkdp__bat-2260,30,0.04215239999999999,False,,False
20260213_mini-v2.0.0a0_gpt-5-mini,sharkdp__bat-2393,28,0.046010449999999994,True,,False
20260213_mini-v2.0.0a0_gpt-5-mini,sharkdp__bat-2650,20,0.033282450000000005,False,,False
20260213_mini-v2.0.0a0_gpt-5-mini,sharkdp__bat-2835,26,0.0406047,False,,False
20260213_mini-v2.0.0a0_gpt-5-mini,sharkdp__bat-3108,20,0.021002399999999994,False,,False
20260213_mini-v2.0.0a0_gpt-5-mini,sharkdp__bat-562,43,0.08868470000000002,True,,False
20260213_mini-v2.0.0a0_gpt-5-mini,tokio-rs__axum-1119,15,0.015516849999999999,True,,False
20260213_mini-v2.0.0a0_gpt-5-mini,tokio-rs__axum-1730,40,0.10097349999999998,False,,False
20260213_mini-v2.0.0a0_gpt-5-mini,tokio-rs__axum-1934,20,0.0242957,True,,False
20260213_mini-v2.0.0a0_gpt-5-mini,tokio-rs__axum-2096,43,0.0760265,False,,False
20260213_mini-v2.0.0a0_gpt-5-mini,tokio-rs__axum-682,19,0.015327299999999997,True,,False
20260213_mini-v2.0.0a0_gpt-5-mini,tokio-rs__axum-691,22,0.0310675,True,,False
20260213_mini-v2.0.0a0_gpt-5-mini,tokio-rs__axum-734,21,0.0304179,False,,False
20260213_mini-v2.0.0a0_gpt-5-mini,tokio-rs__tokio-4384,16,0.017335549999999998,False,,False
20260213_mini-v2.0.0a0_gpt-5-mini,tokio-rs__tokio-4867,36,0.09039369999999998,True,,False
20260213_mini-v2.0.0a0_gpt-5-mini,tokio-rs__tokio-4898,9,0.0077713999999999995,True,,False
20260213_mini-v2.0.0a0_gpt-5-mini,tokio-rs__tokio-6551,47,0.07684324999999997,True,,False
20260213_mini-v2.0.0a0_gpt-5-mini,tokio-rs__tokio-6603,35,0.06292779999999999,True,,False
20260213_mini-v2.0.0a0_gpt-5-mini,tokio-rs__tokio-6724,19,0.020976949999999998,False,,False
20260213_mini-v2.0.0a0_gpt-5-mini,tokio-rs__tokio-6752,28,0.04206350000000001,True,,False
20260213_mini-v2.0.0a0_gpt-5-mini,tokio-rs__tokio-6838,17,0.02178014999999999,True,,False
20260213_mini-v2.0.0a0_gpt-5-mini,tokio-rs__tokio-7139,16,0.0200884,True,,False
20260213_mini-v2.0.0a0_gpt-5-mini,uutils__coreutils-6377,34,0.0661453,False,,False
20260213_mini-v2.0.0a0_gpt-5-mini,uutils__coreutils-6575,23,0.027474600000000002,False,,False
20260213_mini-v2.0.0a0_gpt-5-mini,uutils__coreutils-6682,22,0.0345495,False,,False
20260213_mini-v2.0.0a0_gpt-5-mini,uutils__coreutils-6690,19,0.026294050000000003,False,,False
20260213_mini-v2.0.0a0_gpt-5-mini,uutils__coreutils-6731,17,0.02394495,True,,False
20260213_mini-v2.0.0a0_gpt-5-mini,valkey-io__valkey-1499,27,0.051766799999999995,True,,False
20260213_mini-v2.0.0a0_gpt-5-mini,valkey-io__valkey-1842,23,0.023126499999999998,False,,False
20260213_mini-v2.0.0a0_gpt-5-mini,valkey-io__valkey-790,24,0.0290598,False,,False
20260213_mini-v2.0.0a0_gpt-5-mini,valkey-io__valkey-928,22,0.02263815,True,,False
20260213_mini-v2.0.0a0_gpt-5-mini,vuejs__core-11589,27,0.05470730000000001,True,,False
20260213_mini-v2.0.0a0_gpt-5-mini,vuejs__core-11739,38,0.08949885,False,,False
20260213_mini-v2.0.0a0_gpt-5-mini,vuejs__core-11870,20,0.035577849999999994,False,,False
20260213_mini-v2.0.0a0_gpt-5-mini,vuejs__core-11899,28,0.05027575,False,,False
20260213_mini-v2.0.0a0_gpt-5-mini,vuejs__core-11915,20,0.028604099999999993,True,,False
20260213_mini-v2.0.0a0_kimi-k2-5,apache__druid-13704,58,0.6253920000000001,False,,False
20260213_mini-v2.0.0a0_kimi-k2-5,apache__druid-14092,20,0.16792019999999996,False,,False
20260213_mini-v2.0.0a0_kimi-k2-5,apache__druid-14136,64,0.6871206,False,,False
20260213_mini-v2.0.0a0_kimi-k2-5,apache__druid-15402,31,0.22683360000000008,False,,False
20260213_mini-v2.0.0a0_kimi-k2-5,apache__druid-16875,18,0.13309739999999998,False,,False
20260213_mini-v2.0.0a0_kimi-k2-5,apache__lucene-11760,57,0.43097339999999995,True,,False
20260213_mini-v2.0.0a0_kimi-k2-5,apache__lucene-12022,36,0.4036337999999999,True,,False
20260213_mini-v2.0.0a0_kimi-k2-5,apache__lucene-12196,36,0.2266998,True,,False
20260213_mini-v2.0.0a0_kimi-k2-5,apache__lucene-12212,28,0.2108718,True,,False
20260213_mini-v2.0.0a0_kimi-k2-5,apache__lucene-12626,15,0.0267636,True,,False
20260213_mini-v2.0.0a0_kimi-k2-5,apache__lucene-13170,16,0.056671799999999994,True,,False
20260213_mini-v2.0.0a0_kimi-k2-5,apache__lucene-13301,14,0.0541914,True,,False
20260213_mini-v2.0.0a0_kimi-k2-5,apache__lucene-13494,74,0.8149986000000002,True,,False
20260213_mini-v2.0.0a0_kimi-k2-5,apache__lucene-13704,48,0.6375300000000002,True,,False
20260213_mini-v2.0.0a0_kimi-k2-5,astral-sh__ruff-15309,78,1.2354461999999997,False,,False
20260213_mini-v2.0.0a0_kimi-k2-5,astral-sh__ruff-15330,63,0.7555224,True,,False
20260213_mini-v2.0.0a0_kimi-k2-5,astral-sh__ruff-15356,43,0.5849232000000001,False,,False
20260213_mini-v2.0.0a0_kimi-k2-5,astral-sh__ruff-15394,38,0.2465334,False,,False
20260213_mini-v2.0.0a0_kimi-k2-5,astral-sh__ruff-15443,15,0.05971320000000001,True,,False
20260213_mini-v2.0.0a0_kimi-k2-5,astral-sh__ruff-15543,45,0.4515276000000001,True,,False
20260213_mini-v2.0.0a0_kimi-k2-5,astral-sh__ruff-15626,33,0.2714118,True,,False
20260213_mini-v2.0.0a0_kimi-k2-5,axios__axios-4731,19,0.13392839999999998,True,,False
20260213_mini-v2.0.0a0_kimi-k2-5,axios__axios-4738,18,0.10335,True,,False
20260213_mini-v2.0.0a0_kimi-k2-5,axios__axios-5085,68,1.2367986000000002,True,,False
20260213_mini-v2.0.0a0_kimi-k2-5,axios__axios-5316,29,0.20901119999999998,False,,False
20260213_mini-v2.0.0a0_kimi-k2-5,axios__axios-5892,26,0.15265499999999999,True,,False
20260213_mini-v2.0.0a0_kimi-k2-5,axios__axios-6539,49,0.5674926,False,,False
20260213_mini-v2.0.0a0_kimi-k2-5,babel__babel-13928,66,0.6435912,True,,False
20260213_mini-v2.0.0a0_kimi-k2-5,babel__babel-14532,53,0.6091428000000001,True,,False
20260213_mini-v2.0.0a0_kimi-k2-5,babel__babel-15445,31,0.2845566,False,,False
20260213_mini-v2.0.0a0_kimi-k2-5,babel__babel-15649,81,1.2808937999999996,False,,False
20260213_mini-v2.0.0a0_kimi-k2-5,babel__babel-16130,143,3.0093924000000007,False,,False
20260213_mini-v2.0.0a0_kimi-k2-5,briannesbitt__carbon-2665,71,1.0838219999999996,True,,False
20260213_mini-v2.0.0a0_kimi-k2-5,briannesbitt__carbon-2752,24,0.15910199999999997,True,,False
20260213_mini-v2.0.0a0_kimi-k2-5,briannesbitt__carbon-2762,59,0.6347459999999999,True,,False
20260213_mini-v2.0.0a0_kimi-k2-5,briannesbitt__carbon-2813,65,1.0716864,False,,False
20260213_mini-v2.0.0a0_kimi-k2-5,briannesbitt__carbon-2981,36,0.29508299999999993,True,,False
20260213_mini-v2.0.0a0_kimi-k2-5,briannesbitt__carbon-3005,132,3.018730200000002,True,,False
20260213_mini-v2.0.0a0_kimi-k2-5,briannesbitt__carbon-3041,53,0.4115838,False,,False
20260213_mini-v2.0.0a0_kimi-k2-5,briannesbitt__carbon-3073,38,0.29346360000000005,True,,False
20260213_mini-v2.0.0a0_kimi-k2-5,briannesbitt__carbon-3098,37,0.2241474,True,,False
20260213_mini-v2.0.0a0_kimi-k2-5,briannesbitt__carbon-3103,42,0.27296460000000006,True,,False
20260213_mini-v2.0.0a0_kimi-k2-5,burntsushi__ripgrep-2209,97,0.38228464,True,,False
20260213_mini-v2.0.0a0_kimi-k2-5,burntsushi__ripgrep-2576,103,2.3373113999999995,True,,False
20260213_mini-v2.0.0a0_kimi-k2-5,caddyserver__caddy-4774,49,0.45732420000000007,False,,False
20260213_mini-v2.0.0a0_kimi-k2-5,caddyserver__caddy-4943,68,1.3161816,False,,False
20260213_mini-v2.0.0a0_kimi-k2-5,caddyserver__caddy-5404,48,0.7381139999999999,False,,False
20260213_mini-v2.0.0a0_kimi-k2-5,caddyserver__caddy-5626,109,2.1765107999999995,True,,False
20260213_mini-v2.0.0a0_kimi-k2-5,caddyserver__caddy-5761,62,0.9280956000000001,False,,False
20260213_mini-v2.0.0a0_kimi-k2-5,caddyserver__caddy-5870,46,0.37517760000000006,True,,False
20260213_mini-v2.0.0a0_kimi-k2-5,caddyserver__caddy-5995,42,0.6244133999999999,True,,False
20260213_mini-v2.0.0a0_kimi-k2-5,caddyserver__caddy-6051,33,0.2608242,True,,False
20260213_mini-v2.0.0a0_kimi-k2-5,caddyserver__caddy-6115,18,0.07324199999999999,False,,False
20260213_mini-v2.0.0a0_kimi-k2-5,caddyserver__caddy-6288,65,0.5921814,False,,False
20260213_mini-v2.0.0a0_kimi-k2-5,caddyserver__caddy-6345,53,0.888969,True,,False
20260213_mini-v2.0.0a0_kimi-k2-5,caddyserver__caddy-6350,95,1.6622400000000004,True,,False
20260213_mini-v2.0.0a0_kimi-k2-5,caddyserver__caddy-6370,41,0.4283292,True,,False
20260213_mini-v2.0.0a0_kimi-k2-5,caddyserver__caddy-6411,24,0.184719,True,,False
20260213_mini-v2.0.0a0_kimi-k2-5,facebook__docusaurus-10130,29,0.25139999999999996,True,,False
20260213_mini-v2.0.0a0_kimi-k2-5,facebook__docusaurus-10309,25,0.215151,True,,False
20260213_mini-v2.0.0a0_kimi-k2-5,facebook__docusaurus-8927,66,1.4297784,False,,False
20260213_mini-v2.0.0a0_kimi-k2-5,facebook__docusaurus-9183,22,0.0780576,False,,False
20260213_mini-v2.0.0a0_kimi-k2-5,facebook__docusaurus-9897,31,0.24678299999999997,False,,False
20260213_mini-v2.0.0a0_kimi-k2-5,faker-ruby__faker-2705,48,0.5450568,True,,False
20260213_mini-v2.0.0a0_kimi-k2-5,faker-ruby__faker-2970,19,0.0823908,True,,False
20260213_mini-v2.0.0a0_kimi-k2-5,fastlane__fastlane-19207,28,0.5677751999999998,True,,False
20260213_mini-v2.0.0a0_kimi-k2-5,fastlane__fastlane-19304,9,0.052913399999999985,False,,False
20260213_mini-v2.0.0a0_kimi-k2-5,fastlane__fastlane-19765,24,0.134235,True,,False
20260213_mini-v2.0.0a0_kimi-k2-5,fastlane__fastlane-20642,14,0.11607120000000001,False,,False
20260213_mini-v2.0.0a0_kimi-k2-5,fastlane__fastlane-20958,28,0.2686578,True,,False
20260213_mini-v2.0.0a0_kimi-k2-5,fastlane__fastlane-20975,16,0.1492362,True,,False
20260213_mini-v2.0.0a0_kimi-k2-5,fastlane__fastlane-21857,20,0.15520079999999997,False,,False
20260213_mini-v2.0.0a0_kimi-k2-5,fluent__fluentd-3328,29,0.14174040000000002,False,,False
20260213_mini-v2.0.0a0_kimi-k2-5,fluent__fluentd-3466,103,2.3651129999999996,False,,False
20260213_mini-v2.0.0a0_kimi-k2-5,fluent__fluentd-3608,29,0.338793,True,,False
20260213_mini-v2.0.0a0_kimi-k2-5,fluent__fluentd-3616,54,0.4828908,True,,False
20260213_mini-v2.0.0a0_kimi-k2-5,fluent__fluentd-3631,46,0.6831989999999999,True,,False
20260213_mini-v2.0.0a0_kimi-k2-5,fluent__fluentd-3640,18,0.1200018,True,,False
20260213_mini-v2.0.0a0_kimi-k2-5,fluent__fluentd-3641,24,0.13727999999999999,False,,False
20260213_mini-v2.0.0a0_kimi-k2-5,fluent__fluentd-3917,42,0.34501319999999996,True,,False
20260213_mini-v2.0.0a0_kimi-k2-5,fluent__fluentd-4030,29,0.21504180000000006,True,,False
20260213_mini-v2.0.0a0_kimi-k2-5,fluent__fluentd-4311,40,0.3390312,True,,False
20260213_mini-v2.0.0a0_kimi-k2-5,fluent__fluentd-4598,15,0.0498684,True,,False
20260213_mini-v2.0.0a0_kimi-k2-5,fluent__fluentd-4655,46,0.34222020000000003,True,,False
20260213_mini-v2.0.0a0_kimi-k2-5,fmtlib__fmt-1683,60,0.6474761999999997,True,,False
20260213_mini-v2.0.0a0_kimi-k2-5,fmtlib__fmt-2310,115,2.2039037999999995,False,,False
20260213_mini-v2.0.0a0_kimi-k2-5,fmtlib__fmt-2317,29,0.1427268,True,,False
20260213_mini-v2.0.0a0_kimi-k2-5,fmtlib__fmt-2457,44,0.45303899999999997,True,,False
20260213_mini-v2.0.0a0_kimi-k2-5,fmtlib__fmt-3158,80,1.4319708,False,,False
20260213_mini-v2.0.0a0_kimi-k2-5,fmtlib__fmt-3248,76,0.8504465999999999,True,,False
20260213_mini-v2.0.0a0_kimi-k2-5,fmtlib__fmt-3272,59,0.7057973999999999,True,,False
20260213_mini-v2.0.0a0_kimi-k2-5,fmtlib__fmt-3729,53,0.6294461999999998,True,,False
20260213_mini-v2.0.0a0_kimi-k2-5,fmtlib__fmt-3750,53,0.47403540000000005,True,,False
20260213_mini-v2.0.0a0_kimi-k2-5,fmtlib__fmt-3863,132,3.0368322000000005,False,,False
20260213_mini-v2.0.0a0_kimi-k2-5,fmtlib__fmt-3901,27,0.1719954,True,,False
20260213_mini-v2.0.0a0_kimi-k2-5,gin-gonic__gin-1805,34,0.3541403999999999,True,,False
20260213_mini-v2.0.0a0_kimi-k2-5,gin-gonic__gin-1957,43,0.313878,False,,False
20260213_mini-v2.0.0a0_kimi-k2-5,gin-gonic__gin-2121,19,0.049444199999999994,True,,False
20260213_mini-v2.0.0a0_kimi-k2-5,gin-gonic__gin-2755,31,0.209115,False,,False
20260213_mini-v2.0.0a0_kimi-k2-5,gin-gonic__gin-3227,43,0.34231980000000006,False,,False
20260213_mini-v2.0.0a0_kimi-k2-5,gin-gonic__gin-3741,25,0.11086319999999998,False,,False
20260213_mini-v2.0.0a0_kimi-k2-5,gin-gonic__gin-3820,92,1.2583859999999996,False,,False
20260213_mini-v2.0.0a0_kimi-k2-5,gin-gonic__gin-4003,17,0.07028399999999999,True,,False
20260213_mini-v2.0.0a0_kimi-k2-5,gohugoio__hugo-12171,51,0.5269536000000001,True,,False
20260213_mini-v2.0.0a0_kimi-k2-5,gohugoio__hugo-12204,88,1.8013098,True,,False
20260213_mini-v2.0.0a0_kimi-k2-5,gohugoio__hugo-12343,109,1.902009599999999,True,,False
20260213_mini-v2.0.0a0_kimi-k2-5,gohugoio__hugo-12448,109,3.0176556000000003,True,,False
20260213_mini-v2.0.0a0_kimi-k2-5,gohugoio__hugo-12562,91,1.2807293999999998,True,,False
20260213_mini-v2.0.0a0_kimi-k2-5,gohugoio__hugo-12579,23,0.1333974,True,,False
20260213_mini-v2.0.0a0_kimi-k2-5,gohugoio__hugo-12768,14,0.054765600000000005,True,,False
20260213_mini-v2.0.0a0_kimi-k2-5,google__gson-1014,24,0.13788299999999998,True,,False
20260213_mini-v2.0.0a0_kimi-k2-5,google__gson-1093,28,0.13726439999999998,True,,False
20260213_mini-v2.0.0a0_kimi-k2-5,google__gson-1100,31,0.16555499999999998,False,,False
20260213_mini-v2.0.0a0_kimi-k2-5,google__gson-2024,12,0.057352799999999995,True,,False
20260213_mini-v2.0.0a0_kimi-k2-5,google__gson-2061,20,0.08938320000000001,False,,False
20260213_mini-v2.0.0a0_kimi-k2-5,google__gson-2134,39,0.3305508,True,,False
20260213_mini-v2.0.0a0_kimi-k2-5,google__gson-2158,43,0.3834138000000001,False,,False
20260213_mini-v2.0.0a0_kimi-k2-5,google__gson-2311,15,0.0708096,True,,False
20260213_mini-v2.0.0a0_kimi-k2-5,google__gson-2479,63,0.6904703999999999,False,,False
20260213_mini-v2.0.0a0_kimi-k2-5,hashicorp__terraform-34580,35,0.1557258,True,,False
20260213_mini-v2.0.0a0_kimi-k2-5,hashicorp__terraform-34814,35,0.32554079999999996,True,,False
20260213_mini-v2.0.0a0_kimi-k2-5,hashicorp__terraform-34900,99,2.565821400000001,False,,False
20260213_mini-v2.0.0a0_kimi-k2-5,hashicorp__terraform-35543,107,3.0298524,False,,False
20260213_mini-v2.0.0a0_kimi-k2-5,hashicorp__terraform-35611,102,2.6954580000000004,True,,False
20260213_mini-v2.0.0a0_kimi-k2-5,immutable-js__immutable-js-2005,37,0.3375222,True,,False
20260213_mini-v2.0.0a0_kimi-k2-5,immutable-js__immutable-js-2006,45,0.47939279999999984,True,,False
20260213_mini-v2.0.0a0_kimi-k2-5,javaparser__javaparser-4538,26,0.0898962,True,,False
20260213_mini-v2.0.0a0_kimi-k2-5,javaparser__javaparser-4561,48,0.35876220000000003,True,,False
20260213_mini-v2.0.0a0_kimi-k2-5,jekyll__jekyll-8047,31,0.21875100000000003,True,,False
20260213_mini-v2.0.0a0_kimi-k2-5,jekyll__jekyll-8167,41,0.29301,True,,False
20260213_mini-v2.0.0a0_kimi-k2-5,jekyll__jekyll-8761,51,0.7137186000000002,False,,False
20260213_mini-v2.0.0a0_kimi-k2-5,jekyll__jekyll-8771,125,2.6698230000000005,False,,False
20260213_mini-v2.0.0a0_kimi-k2-5,jekyll__jekyll-9141,44,0.37499459999999996,False,,False
20260213_mini-v2.0.0a0_kimi-k2-5,jordansissel__fpm-1829,36,0.354567,False,,False
20260213_mini-v2.0.0a0_kimi-k2-5,jordansissel__fpm-1850,23,0.1074912,True,,False
20260213_mini-v2.0.0a0_kimi-k2-5,jqlang__jq-2235,63,0.6270192000000001,True,,False
20260213_mini-v2.0.0a0_kimi-k2-5,jqlang__jq-2598,26,0.16226040000000003,True,,False
20260213_mini-v2.0.0a0_kimi-k2-5,jqlang__jq-2650,53,0.7126529999999999,True,,False
20260213_mini-v2.0.0a0_kimi-k2-5,jqlang__jq-2658,20,0.12823980000000001,True,,False
20260213_mini-v2.0.0a0_kimi-k2-5,jqlang__jq-2681,39,0.29637959999999997,False,,False
20260213_mini-v2.0.0a0_kimi-k2-5,jqlang__jq-2728,48,0.39502079999999995,False,,False
20260213_mini-v2.0.0a0_kimi-k2-5,jqlang__jq-2750,126,3.005857799999999,False,,False
20260213_mini-v2.0.0a0_kimi-k2-5,jqlang__jq-2839,44,0.528,False,,False
20260213_mini-v2.0.0a0_kimi-k2-5,jqlang__jq-2919,48,0.48265439999999993,True,,False
20260213_mini-v2.0.0a0_kimi-k2-5,laravel__framework-46234,28,0.1139718,False,,False
20260213_mini-v2.0.0a0_kimi-k2-5,laravel__framework-48573,55,0.4457730000000001,False,,False
20260213_mini-v2.0.0a0_kimi-k2-5,laravel__framework-48636,30,0.1274472,True,,False
20260213_mini-v2.0.0a0_kimi-k2-5,laravel__framework-51195,117,3.0156665999999994,False,,False
20260213_mini-v2.0.0a0_kimi-k2-5,laravel__framework-51890,34,0.2825717999999999,True,,False
20260213_mini-v2.0.0a0_kimi-k2-5,laravel__framework-52451,37,0.2602572,True,,False
20260213_mini-v2.0.0a0_kimi-k2-5,laravel__framework-52680,30,0.2244438,False,,False
20260213_mini-v2.0.0a0_kimi-k2-5,laravel__framework-52684,25,0.0724398,True,,False
20260213_mini-v2.0.0a0_kimi-k2-5,laravel__framework-52866,36,0.2215404,True,,False
20260213_mini-v2.0.0a0_kimi-k2-5,laravel__framework-53206,38,0.19394580000000003,True,,False
20260213_mini-v2.0.0a0_kimi-k2-5,laravel__framework-53696,21,0.0715494,True,,False
20260213_mini-v2.0.0a0_kimi-k2-5,laravel__framework-53914,34,0.23431199999999994,True,,False
20260213_mini-v2.0.0a0_kimi-k2-5,laravel__framework-53949,11,0.0324444,True,,False
20260213_mini-v2.0.0a0_kimi-k2-5,micropython__micropython-10095,49,0.5667521999999999,True,,False
20260213_mini-v2.0.0a0_kimi-k2-5,micropython__micropython-12158,110,1.4672532000000003,False,,False
20260213_mini-v2.0.0a0_kimi-k2-5,micropython__micropython-13039,23,0.11459699999999999,True,,False
20260213_mini-v2.0.0a0_kimi-k2-5,micropython__micropython-13569,74,1.2041712000000002,True,,False
20260213_mini-v2.0.0a0_kimi-k2-5,micropython__micropython-15898,30,0.1339806,True,,False
20260213_mini-v2.0.0a0_kimi-k2-5,mrdoob__three.js-25687,35,0.2659686,False,,False
20260213_mini-v2.0.0a0_kimi-k2-5,mrdoob__three.js-26589,22,0.21440159999999997,True,,False
20260213_mini-v2.0.0a0_kimi-k2-5,mrdoob__three.js-27395,13,0.0685032,True,,False
20260213_mini-v2.0.0a0_kimi-k2-5,nlohmann__json-4237,56,0.5635025999999999,True,,False
20260213_mini-v2.0.0a0_kimi-k2-5,nushell__nushell-12901,70,0.7921266,True,,False
20260213_mini-v2.0.0a0_kimi-k2-5,nushell__nushell-12950,50,0.5361294,True,,False
20260213_mini-v2.0.0a0_kimi-k2-5,nushell__nushell-13246,39,0.2131146,True,,False
20260213_mini-v2.0.0a0_kimi-k2-5,nushell__nushell-13605,44,0.31294140000000004,True,,False
20260213_mini-v2.0.0a0_kimi-k2-5,nushell__nushell-13831,27,0.1914906,True,,False
20260213_mini-v2.0.0a0_kimi-k2-5,php-cs-fixer__php-cs-fixer-7523,35,0.20081940000000004,True,,False
20260213_mini-v2.0.0a0_kimi-k2-5,php-cs-fixer__php-cs-fixer-7635,115,2.7867690000000014,False,,False
20260213_mini-v2.0.0a0_kimi-k2-5,php-cs-fixer__php-cs-fixer-7663,85,1.3531301999999998,False,,False
20260213_mini-v2.0.0a0_kimi-k2-5,php-cs-fixer__php-cs-fixer-7875,92,1.7261544,False,,False
20260213_mini-v2.0.0a0_kimi-k2-5,php-cs-fixer__php-cs-fixer-7998,34,0.21030779999999996,False,,False
20260213_mini-v2.0.0a0_kimi-k2-5,php-cs-fixer__php-cs-fixer-8064,23,0.14375999999999997,True,,False
20260213_mini-v2.0.0a0_kimi-k2-5,php-cs-fixer__php-cs-fixer-8075,48,0.6166620000000002,True,,False
20260213_mini-v2.0.0a0_kimi-k2-5,php-cs-fixer__php-cs-fixer-8256,36,0.261663,True,,False
20260213_mini-v2.0.0a0_kimi-k2-5,php-cs-fixer__php-cs-fixer-8331,32,0.26451539999999996,True,,False
20260213_mini-v2.0.0a0_kimi-k2-5,php-cs-fixer__php-cs-fixer-8367,40,0.28244880000000006,True,,False
20260213_mini-v2.0.0a0_kimi-k2-5,phpoffice__phpspreadsheet-3463,21,0.0978618,True,,False
20260213_mini-v2.0.0a0_kimi-k2-5,phpoffice__phpspreadsheet-3469,44,0.5943725999999999,False,,False
20260213_mini-v2.0.0a0_kimi-k2-5,phpoffice__phpspreadsheet-3570,24,0.125679,False,,False
20260213_mini-v2.0.0a0_kimi-k2-5,phpoffice__phpspreadsheet-3659,44,0.4260113999999999,False,,False
20260213_mini-v2.0.0a0_kimi-k2-5,phpoffice__phpspreadsheet-3903,16,0.101568,True,,False
20260213_mini-v2.0.0a0_kimi-k2-5,phpoffice__phpspreadsheet-3940,69,0.8783958000000002,True,,False
20260213_mini-v2.0.0a0_kimi-k2-5,phpoffice__phpspreadsheet-4114,28,0.1882758,True,,False
20260213_mini-v2.0.0a0_kimi-k2-5,phpoffice__phpspreadsheet-4186,12,0.0328566,True,,False
20260213_mini-v2.0.0a0_kimi-k2-5,phpoffice__phpspreadsheet-4214,55,0.9701442,True,,False
20260213_mini-v2.0.0a0_kimi-k2-5,phpoffice__phpspreadsheet-4313,39,0.5222652000000001,True,,False
20260213_mini-v2.0.0a0_kimi-k2-5,preactjs__preact-2757,37,0.4313622000000001,False,,False
20260213_mini-v2.0.0a0_kimi-k2-5,preactjs__preact-2896,62,0.9097284,True,,False
20260213_mini-v2.0.0a0_kimi-k2-5,preactjs__preact-2927,39,0.4065954,True,,False
20260213_mini-v2.0.0a0_kimi-k2-5,preactjs__preact-3010,29,0.2272734,True,,False
20260213_mini-v2.0.0a0_kimi-k2-5,preactjs__preact-3062,69,0.9613176000000002,True,,False
20260213_mini-v2.0.0a0_kimi-k2-5,preactjs__preact-3345,37,0.6684341999999999,False,,False
20260213_mini-v2.0.0a0_kimi-k2-5,preactjs__preact-3454,8,0.024716399999999996,True,,False
20260213_mini-v2.0.0a0_kimi-k2-5,preactjs__preact-3562,37,0.6944988,True,,False
20260213_mini-v2.0.0a0_kimi-k2-5,preactjs__preact-3567,28,0.2600442,False,,False
20260213_mini-v2.0.0a0_kimi-k2-5,preactjs__preact-3689,34,0.3027738,True,,False
20260213_mini-v2.0.0a0_kimi-k2-5,preactjs__preact-3739,60,1.9176227999999997,True,,False
20260213_mini-v2.0.0a0_kimi-k2-5,preactjs__preact-3763,129,3.0266921999999994,True,,False
20260213_mini-v2.0.0a0_kimi-k2-5,preactjs__preact-4152,45,0.5342394,True,,False
20260213_mini-v2.0.0a0_kimi-k2-5,preactjs__preact-4182,128,3.0120083999999996,False,,False
20260213_mini-v2.0.0a0_kimi-k2-5,preactjs__preact-4245,107,2.7695670000000003,False,,False
20260213_mini-v2.0.0a0_kimi-k2-5,preactjs__preact-4316,37,0.3594600000000001,True,,False
20260213_mini-v2.0.0a0_kimi-k2-5,preactjs__preact-4436,56,0.7663421999999999,True,,False
20260213_mini-v2.0.0a0_kimi-k2-5,projectlombok__lombok-2792,125,3.0178727999999997,True,,False
20260213_mini-v2.0.0a0_kimi-k2-5,projectlombok__lombok-3009,49,0.4953275999999999,True,,False
20260213_mini-v2.0.0a0_kimi-k2-5,projectlombok__lombok-3042,40,0.21714179999999997,True,,False
20260213_mini-v2.0.0a0_kimi-k2-5,projectlombok__lombok-3052,157,3.012231600000001,False,,False
20260213_mini-v2.0.0a0_kimi-k2-5,projectlombok__lombok-3215,122,3.0052284000000005,False,,False
20260213_mini-v2.0.0a0_kimi-k2-5,projectlombok__lombok-3312,73,1.0464707999999998,True,,False
20260213_mini-v2.0.0a0_kimi-k2-5,projectlombok__lombok-3326,88,1.989048,True,,False
20260213_mini-v2.0.0a0_kimi-k2-5,projectlombok__lombok-3350,77,0.8756063999999998,True,,False
20260213_mini-v2.0.0a0_kimi-k2-5,projectlombok__lombok-3371,98,1.4849610000000004,True,,False
20260213_mini-v2.0.0a0_kimi-k2-5,projectlombok__lombok-3422,43,0.3631428,True,,False
20260213_mini-v2.0.0a0_kimi-k2-5,projectlombok__lombok-3479,44,0.34216500000000005,True,,False
20260213_mini-v2.0.0a0_kimi-k2-5,projectlombok__lombok-3486,128,1.9309968000000002,True,,False
20260213_mini-v2.0.0a0_kimi-k2-5,projectlombok__lombok-3571,98,1.4890733999999994,True,,False
20260213_mini-v2.0.0a0_kimi-k2-5,projectlombok__lombok-3594,100,1.6978482000000001,True,,False
20260213_mini-v2.0.0a0_kimi-k2-5,projectlombok__lombok-3602,28,0.1694748,True,,False
20260213_mini-v2.0.0a0_kimi-k2-5,projectlombok__lombok-3674,140,3.006965400000001,False,,False
20260213_mini-v2.0.0a0_kimi-k2-5,projectlombok__lombok-3697,89,1.2275171999999999,True,,False
20260213_mini-v2.0.0a0_kimi-k2-5,prometheus__prometheus-10633,14,0.0683916,False,,False
20260213_mini-v2.0.0a0_kimi-k2-5,prometheus__prometheus-10720,86,0.8483706000000001,True,,False
20260213_mini-v2.0.0a0_kimi-k2-5,prometheus__prometheus-11859,59,0.7781424,False,,False
20260213_mini-v2.0.0a0_kimi-k2-5,prometheus__prometheus-12874,14,0.0574968,True,,False
20260213_mini-v2.0.0a0_kimi-k2-5,prometheus__prometheus-13845,45,0.24374579999999996,True,,False
20260213_mini-v2.0.0a0_kimi-k2-5,prometheus__prometheus-14861,31,0.12139200000000001,False,,False
20260213_mini-v2.0.0a0_kimi-k2-5,prometheus__prometheus-15142,41,0.2837982,False,,False
20260213_mini-v2.0.0a0_kimi-k2-5,prometheus__prometheus-9248,122,1.7313048000000004,True,,False
20260213_mini-v2.0.0a0_kimi-k2-5,reactivex__rxjava-7597,77,0.7720902000000002,True,,False
20260213_mini-v2.0.0a0_kimi-k2-5,redis__redis-10068,42,0.35199240000000004,True,,False
20260213_mini-v2.0.0a0_kimi-k2-5,redis__redis-10095,38,0.3250847999999999,True,,False
20260213_mini-v2.0.0a0_kimi-k2-5,redis__redis-10764,30,0.3097524,True,,False
20260213_mini-v2.0.0a0_kimi-k2-5,redis__redis-11279,27,0.173568,False,,False
20260213_mini-v2.0.0a0_kimi-k2-5,redis__redis-11510,33,0.24497880000000002,False,,False
20260213_mini-v2.0.0a0_kimi-k2-5,redis__redis-11631,29,0.2334564,True,,False
20260213_mini-v2.0.0a0_kimi-k2-5,redis__redis-11734,33,0.3406572,False,,False
20260213_mini-v2.0.0a0_kimi-k2-5,redis__redis-12272,30,0.28429799999999994,True,,False
20260213_mini-v2.0.0a0_kimi-k2-5,redis__redis-12472,109,3.0425459999999984,True,,False
20260213_mini-v2.0.0a0_kimi-k2-5,redis__redis-13115,49,0.5033442,True,,False
20260213_mini-v2.0.0a0_kimi-k2-5,redis__redis-13338,93,2.343328799999999,True,,False
20260213_mini-v2.0.0a0_kimi-k2-5,redis__redis-9733,54,0.48209819999999987,True,,False
20260213_mini-v2.0.0a0_kimi-k2-5,rubocop__rubocop-13362,54,0.347445,True,,False
20260213_mini-v2.0.0a0_kimi-k2-5,rubocop__rubocop-13375,43,0.30236939999999995,True,,False
20260213_mini-v2.0.0a0_kimi-k2-5,rubocop__rubocop-13393,78,1.4035866000000004,True,,False
20260213_mini-v2.0.0a0_kimi-k2-5,rubocop__rubocop-13396,50,0.45109379999999993,False,,False
20260213_mini-v2.0.0a0_kimi-k2-5,rubocop__rubocop-13424,40,0.327243,True,,False
20260213_mini-v2.0.0a0_kimi-k2-5,rubocop__rubocop-13431,33,0.1735236,True,,False
20260213_mini-v2.0.0a0_kimi-k2-5,rubocop__rubocop-13479,36,0.286227,True,,False
20260213_mini-v2.0.0a0_kimi-k2-5,rubocop__rubocop-13503,29,0.1726638,True,,False
20260213_mini-v2.0.0a0_kimi-k2-5,rubocop__rubocop-13560,18,0.0803424,False,,False
20260213_mini-v2.0.0a0_kimi-k2-5,rubocop__rubocop-13579,21,0.0939906,False,,False
20260213_mini-v2.0.0a0_kimi-k2-5,rubocop__rubocop-13627,65,0.7742159999999998,False,,False
20260213_mini-v2.0.0a0_kimi-k2-5,rubocop__rubocop-13653,30,0.23374020000000004,True,,False
20260213_mini-v2.0.0a0_kimi-k2-5,rubocop__rubocop-13668,59,0.5753514000000001,True,,False
20260213_mini-v2.0.0a0_kimi-k2-5,rubocop__rubocop-13680,35,0.24106079999999996,True,,False
20260213_mini-v2.0.0a0_kimi-k2-5,rubocop__rubocop-13687,26,0.19514579999999995,True,,False
20260213_mini-v2.0.0a0_kimi-k2-5,rubocop__rubocop-13705,27,0.13737239999999998,True,,False
20260213_mini-v2.0.0a0_kimi-k2-5,sharkdp__bat-1892,82,1.3626108000000003,True,,False
20260213_mini-v2.0.0a0_kimi-k2-5,sharkdp__bat-2201,47,0.44330280000000005,False,,False
20260213_mini-v2.0.0a0_kimi-k2-5,sharkdp__bat-2260,62,0.9885378,False,,False
20260213_mini-v2.0.0a0_kimi-k2-5,sharkdp__bat-2393,42,0.32190779999999997,True,,False
20260213_mini-v2.0.0a0_kimi-k2-5,sharkdp__bat-2650,32,0.2334756,True,,False
20260213_mini-v2.0.0a0_kimi-k2-5,sharkdp__bat-2835,78,0.7927337999999997,False,,False
20260213_mini-v2.0.0a0_kimi-k2-5,sharkdp__bat-3108,25,0.18761099999999997,False,,False
20260213_mini-v2.0.0a0_kimi-k2-5,sharkdp__bat-562,48,0.734538,True,,False
20260213_mini-v2.0.0a0_kimi-k2-5,tokio-rs__axum-1119,27,0.2122776,True,,False
20260213_mini-v2.0.0a0_kimi-k2-5,tokio-rs__axum-1730,123,2.9303334000000003,False,,False
20260213_mini-v2.0.0a0_kimi-k2-5,tokio-rs__axum-1934,67,1.1622755999999994,True,,False
20260213_mini-v2.0.0a0_kimi-k2-5,tokio-rs__axum-2096,64,1.2053142000000001,False,,False
20260213_mini-v2.0.0a0_kimi-k2-5,tokio-rs__axum-682,21,0.0690138,True,,False
20260213_mini-v2.0.0a0_kimi-k2-5,tokio-rs__axum-691,27,0.21771479999999999,True,,False
20260213_mini-v2.0.0a0_kimi-k2-5,tokio-rs__axum-734,88,1.6799784000000002,True,,False
20260213_mini-v2.0.0a0_kimi-k2-5,tokio-rs__tokio-4384,55,0.7020281999999998,False,,False
20260213_mini-v2.0.0a0_kimi-k2-5,tokio-rs__tokio-4867,67,0.7512900000000001,True,,False
20260213_mini-v2.0.0a0_kimi-k2-5,tokio-rs__tokio-4898,10,0.0234294,True,,False
20260213_mini-v2.0.0a0_kimi-k2-5,tokio-rs__tokio-6551,57,0.6532235999999999,True,,False
20260213_mini-v2.0.0a0_kimi-k2-5,tokio-rs__tokio-6603,38,0.5465394,True,,False
20260213_mini-v2.0.0a0_kimi-k2-5,tokio-rs__tokio-6724,31,0.23173139999999998,True,,False
20260213_mini-v2.0.0a0_kimi-k2-5,tokio-rs__tokio-6752,38,0.3025158,True,,False
20260213_mini-v2.0.0a0_kimi-k2-5,tokio-rs__tokio-6838,36,0.28447259999999996,True,,False
20260213_mini-v2.0.0a0_kimi-k2-5,tokio-rs__tokio-7139,48,0.435681,True,,False
20260213_mini-v2.0.0a0_kimi-k2-5,uutils__coreutils-6377,93,1.5305141999999998,False,,False
20260213_mini-v2.0.0a0_kimi-k2-5,uutils__coreutils-6575,55,0.5380386,False,,False
20260213_mini-v2.0.0a0_kimi-k2-5,uutils__coreutils-6682,32,0.19165020000000002,True,,False
20260213_mini-v2.0.0a0_kimi-k2-5,uutils__coreutils-6690,30,0.2375148,False,,False
20260213_mini-v2.0.0a0_kimi-k2-5,uutils__coreutils-6731,34,0.1524582,True,,False
20260213_mini-v2.0.0a0_kimi-k2-5,valkey-io__valkey-1499,89,1.185147,True,,False
20260213_mini-v2.0.0a0_kimi-k2-5,valkey-io__valkey-1842,34,0.2227452,True,,False
20260213_mini-v2.0.0a0_kimi-k2-5,valkey-io__valkey-790,59,0.9048125999999996,False,,False
20260213_mini-v2.0.0a0_kimi-k2-5,valkey-io__valkey-928,85,1.6161414000000003,True,,False
20260213_mini-v2.0.0a0_kimi-k2-5,vuejs__core-11589,115,2.8495404000000004,True,,False
20260213_mini-v2.0.0a0_kimi-k2-5,vuejs__core-11739,100,2.6949498,False,,False
20260213_mini-v2.0.0a0_kimi-k2-5,vuejs__core-11870,35,0.3004974,False,,False
20260213_mini-v2.0.0a0_kimi-k2-5,vuejs__core-11899,33,0.45234660000000004,False,,False
20260213_mini-v2.0.0a0_kimi-k2-5,vuejs__core-11915,31,0.17149559999999991,True,,False
20260216_mini-v2.0.0a0_minimax-2-5,fmtlib__fmt-3863,139,0.34898984999999993,False,,False
20260216_mini-v2.0.0a0_minimax-2-5,javaparser__javaparser-4538,60,0.040923119999999986,True,,False
20260216_mini-v2.0.0a0_minimax-2-5,fastlane__fastlane-20642,33,0.05752721999999999,False,,False
20260216_mini-v2.0.0a0_minimax-2-5,uutils__coreutils-6377,125,0.18098286,False,,False
20260216_mini-v2.0.0a0_minimax-2-5,hashicorp__terraform-35543,239,0.6099366300000004,False,,False
20260216_mini-v2.0.0a0_minimax-2-5,micropython__micropython-10095,79,0.09465710999999999,True,,False
20260216_mini-v2.0.0a0_minimax-2-5,phpoffice__phpspreadsheet-3469,44,0.03742053000000001,False,,False
20260216_mini-v2.0.0a0_minimax-2-5,google__gson-2061,32,0.015607469999999998,True,,False
20260216_mini-v2.0.0a0_minimax-2-5,micropython__micropython-12158,121,0.13641417,True,,False
20260216_mini-v2.0.0a0_minimax-2-5,astral-sh__ruff-15626,46,0.03863996999999999,True,,False
20260216_mini-v2.0.0a0_minimax-2-5,gohugoio__hugo-12448,250,0.6152537100000001,False,,False
20260216_mini-v2.0.0a0_minimax-2-5,jekyll__jekyll-8167,38,0.030010230000000006,True,,False
20260216_mini-v2.0.0a0_minimax-2-5,babel__babel-13928,121,0.2104367699999999,True,,False
20260216_mini-v2.0.0a0_minimax-2-5,caddyserver__caddy-5626,250,0.5255861700000001,False,,False
20260216_mini-v2.0.0a0_minimax-2-5,fastlane__fastlane-19304,21,0.024196229999999996,True,,False
20260216_mini-v2.0.0a0_minimax-2-5,fluent__fluentd-3641,30,0.0191979,False,,False
20260216_mini-v2.0.0a0_minimax-2-5,projectlombok__lombok-3422,49,0.04222203,True,,False
20260216_mini-v2.0.0a0_minimax-2-5,apache__lucene-13494,85,0.09143006999999999,True,,False
20260216_mini-v2.0.0a0_minimax-2-5,uutils__coreutils-6575,114,0.09848600000000003,False,,False
20260216_mini-v2.0.0a0_minimax-2-5,nushell__nushell-13246,54,0.0331005,True,,False
20260216_mini-v2.0.0a0_minimax-2-5,briannesbitt__carbon-2665,86,0.10688748000000003,True,,False
20260216_mini-v2.0.0a0_minimax-2-5,rubocop__rubocop-13680,31,0.02170124999999999,True,,False
20260216_mini-v2.0.0a0_minimax-2-5,projectlombok__lombok-3674,171,0.34815875999999985,False,,False
20260216_mini-v2.0.0a0_minimax-2-5,projectlombok__lombok-3479,72,0.05582514,True,,False
20260216_mini-v2.0.0a0_minimax-2-5,rubocop__rubocop-13479,40,0.03132818999999999,True,,False
20260216_mini-v2.0.0a0_minimax-2-5,rubocop__rubocop-13687,83,0.06978882000000003,True,,False
20260216_mini-v2.0.0a0_minimax-2-5,babel__babel-14532,201,0.34334313000000016,True,,False
20260216_mini-v2.0.0a0_minimax-2-5,caddyserver__caddy-6051,16,0.009686579999999998,True,,False
20260216_mini-v2.0.0a0_minimax-2-5,rubocop__rubocop-13424,108,0.14080683000000005,True,,False
20260216_mini-v2.0.0a0_minimax-2-5,nushell__nushell-12950,57,0.041800590000000006,True,,False
20260216_mini-v2.0.0a0_minimax-2-5,valkey-io__valkey-1842,58,0.04443575999999999,True,,False
20260216_mini-v2.0.0a0_minimax-2-5,fluent__fluentd-3640,41,0.045693660000000004,False,,False
20260216_mini-v2.0.0a0_minimax-2-5,rubocop__rubocop-13627,68,0.09551715000000001,False,,False
20260216_mini-v2.0.0a0_minimax-2-5,fmtlib__fmt-2310,42,0.026250570000000004,False,,False
20260216_mini-v2.0.0a0_minimax-2-5,google__gson-1014,25,0.017392590000000003,True,,False
20260216_mini-v2.0.0a0_minimax-2-5,fmtlib__fmt-2317,31,0.021973859999999994,True,,False
20260216_mini-v2.0.0a0_minimax-2-5,fluent__fluentd-4030,26,0.044100059999999996,True,,False
20260216_mini-v2.0.0a0_minimax-2-5,preactjs__preact-4152,57,0.06861876000000001,True,,False
20260216_mini-v2.0.0a0_minimax-2-5,redis__redis-11279,92,0.055684109999999995,False,,False
20260216_mini-v2.0.0a0_minimax-2-5,rubocop__rubocop-13560,24,0.02007546,False,,False
20260216_mini-v2.0.0a0_minimax-2-5,briannesbitt__carbon-2981,65,0.05725466999999998,True,,False
20260216_mini-v2.0.0a0_minimax-2-5,projectlombok__lombok-3594,103,0.11203304999999997,False,,False
20260216_mini-v2.0.0a0_minimax-2-5,caddyserver__caddy-6115,175,0.23649072000000002,False,,False
20260216_mini-v2.0.0a0_minimax-2-5,immutable-js__immutable-js-2006,36,0.03650019,True,,False
20260216_mini-v2.0.0a0_minimax-2-5,sharkdp__bat-2835,129,0.16464687000000006,True,,False
20260216_mini-v2.0.0a0_minimax-2-5,tokio-rs__axum-691,46,0.03756347999999999,True,,False
20260216_mini-v2.0.0a0_minimax-2-5,preactjs__preact-3454,27,0.0204075,True,,False
20260216_mini-v2.0.0a0_minimax-2-5,micropython__micropython-15898,54,0.05322482999999997,True,,False
20260216_mini-v2.0.0a0_minimax-2-5,sharkdp__bat-562,70,0.07494755999999998,True,,False
20260216_mini-v2.0.0a0_minimax-2-5,hashicorp__terraform-34580,44,0.02492013,True,,False
20260216_mini-v2.0.0a0_minimax-2-5,fmtlib__fmt-3729,64,0.05429919,True,,False
20260216_mini-v2.0.0a0_minimax-2-5,apache__lucene-13170,18,0.01376265,True,,False
20260216_mini-v2.0.0a0_minimax-2-5,google__gson-2311,34,0.020497260000000007,True,,False
20260216_mini-v2.0.0a0_minimax-2-5,caddyserver__caddy-6345,91,0.11466903,False,,False
20260216_mini-v2.0.0a0_minimax-2-5,gin-gonic__gin-4003,30,0.017493030000000003,True,,False
20260216_mini-v2.0.0a0_minimax-2-5,gin-gonic__gin-2755,80,0.062166270000000017,False,,False
20260216_mini-v2.0.0a0_minimax-2-5,astral-sh__ruff-15309,116,0.15873422999999995,True,,False
20260216_mini-v2.0.0a0_minimax-2-5,vuejs__core-11899,55,0.07302803999999999,False,,False
20260216_mini-v2.0.0a0_minimax-2-5,apache__druid-13704,51,0.050583750000000004,True,,False
20260216_mini-v2.0.0a0_minimax-2-5,jekyll__jekyll-8047,70,0.07263168,False,,False
20260216_mini-v2.0.0a0_minimax-2-5,rubocop__rubocop-13362,64,0.07245611999999997,True,,False
20260216_mini-v2.0.0a0_minimax-2-5,micropython__micropython-13569,76,0.07815770999999998,True,,False
20260216_mini-v2.0.0a0_minimax-2-5,rubocop__rubocop-13396,237,0.4533130499999999,False,,False
20260216_mini-v2.0.0a0_minimax-2-5,axios__axios-5316,118,0.14933606999999996,False,,False
20260216_mini-v2.0.0a0_minimax-2-5,laravel__framework-51890,60,0.05190716999999999,True,,False
20260216_mini-v2.0.0a0_minimax-2-5,sharkdp__bat-2650,56,0.05220305999999999,True,,False
20260216_mini-v2.0.0a0_minimax-2-5,facebook__docusaurus-10309,109,0.23757140999999998,False,,False
20260216_mini-v2.0.0a0_minimax-2-5,phpoffice__phpspreadsheet-3570,19,0.01353867,False,,False
20260216_mini-v2.0.0a0_minimax-2-5,astral-sh__ruff-15330,61,0.05706098999999999,True,,False
20260216_mini-v2.0.0a0_minimax-2-5,briannesbitt__carbon-3005,173,0.24641988,True,,False
20260216_mini-v2.0.0a0_minimax-2-5,gin-gonic__gin-3820,250,0.5156925600000003,False,,False
20260216_mini-v2.0.0a0_minimax-2-5,preactjs__preact-3062,51,0.04325532,True,,False
20260216_mini-v2.0.0a0_minimax-2-5,laravel__framework-52680,43,0.04838205,True,,False
20260216_mini-v2.0.0a0_minimax-2-5,laravel__framework-48573,78,0.06584774999999998,False,,False
20260216_mini-v2.0.0a0_minimax-2-5,redis__redis-11734,51,0.038577090000000015,False,,False
20260216_mini-v2.0.0a0_minimax-2-5,jqlang__jq-2681,91,0.08739132000000001,True,,False
20260216_mini-v2.0.0a0_minimax-2-5,fmtlib__fmt-2457,194,0.5221163700000001,True,,False
20260216_mini-v2.0.0a0_minimax-2-5,sharkdp__bat-2260,56,0.06648668999999999,False,,False
20260216_mini-v2.0.0a0_minimax-2-5,tokio-rs__tokio-6838,33,0.024165270000000003,True,,False
20260216_mini-v2.0.0a0_minimax-2-5,gin-gonic__gin-3227,75,0.10348347,False,,False
20260216_mini-v2.0.0a0_minimax-2-5,rubocop__rubocop-13503,25,0.01502889,True,,False
20260216_mini-v2.0.0a0_minimax-2-5,fastlane__fastlane-19207,51,0.09538716,True,,False
20260216_mini-v2.0.0a0_minimax-2-5,laravel__framework-53914,69,0.04831715999999999,True,,False
20260216_mini-v2.0.0a0_minimax-2-5,fluent__fluentd-3917,58,0.04285896,True,,False
20260216_mini-v2.0.0a0_minimax-2-5,redis__redis-10095,41,0.03799259999999998,True,,False
20260216_mini-v2.0.0a0_minimax-2-5,jqlang__jq-2650,202,0.28737234000000006,False,,False
20260216_mini-v2.0.0a0_minimax-2-5,valkey-io__valkey-790,69,0.09329661000000002,False,,False
20260216_mini-v2.0.0a0_minimax-2-5,faker-ruby__faker-2705,44,0.058562550000000005,False,,False
20260216_mini-v2.0.0a0_minimax-2-5,astral-sh__ruff-15543,143,0.17121797999999996,True,,False
20260216_mini-v2.0.0a0_minimax-2-5,babel__babel-16130,54,0.06323957999999999,True,,False
20260216_mini-v2.0.0a0_minimax-2-5,fluent__fluentd-3328,46,0.038896859999999985,False,,False
20260216_mini-v2.0.0a0_minimax-2-5,phpoffice__phpspreadsheet-4186,13,0.0099462,True,,False
20260216_mini-v2.0.0a0_minimax-2-5,redis__redis-10068,75,0.07394625000000002,True,,False
20260216_mini-v2.0.0a0_minimax-2-5,fastlane__fastlane-21857,42,0.041380860000000005,True,,False
20260216_mini-v2.0.0a0_minimax-2-5,fmtlib__fmt-3750,103,0.14844150000000003,True,,False
20260216_mini-v2.0.0a0_minimax-2-5,caddyserver__caddy-6350,75,0.0777429,True,,False
20260216_mini-v2.0.0a0_minimax-2-5,preactjs__preact-3689,44,0.04598442000000002,False,,False
20260216_mini-v2.0.0a0_minimax-2-5,laravel__framework-53949,20,0.007363259999999999,True,,False
20260216_mini-v2.0.0a0_minimax-2-5,briannesbitt__carbon-3073,69,0.05890740000000001,True,,False
20260216_mini-v2.0.0a0_minimax-2-5,gin-gonic__gin-1957,64,0.044005590000000004,True,,False
20260216_mini-v2.0.0a0_minimax-2-5,tokio-rs__tokio-4384,93,0.08329812000000002,False,,False
20260216_mini-v2.0.0a0_minimax-2-5,phpoffice__phpspreadsheet-4313,250,0.7944266999999995,False,,False
20260216_mini-v2.0.0a0_minimax-2-5,projectlombok__lombok-3312,33,0.03420042,True,,False
20260216_mini-v2.0.0a0_minimax-2-5,phpoffice__phpspreadsheet-3903,37,0.03145563,True,,False
20260216_mini-v2.0.0a0_minimax-2-5,laravel__framework-46234,25,0.01317369,False,,False
20260216_mini-v2.0.0a0_minimax-2-5,laravel__framework-52866,30,0.017626799999999998,True,,False
20260216_mini-v2.0.0a0_minimax-2-5,php-cs-fixer__php-cs-fixer-8367,63,0.05251662000000001,True,,False
20260216_mini-v2.0.0a0_minimax-2-5,jqlang__jq-2658,51,0.029430300000000003,True,,False
20260216_mini-v2.0.0a0_minimax-2-5,vuejs__core-11870,41,0.02731653000000001,True,,False
20260216_mini-v2.0.0a0_minimax-2-5,gin-gonic__gin-2121,19,0.00887484,True,,False
20260216_mini-v2.0.0a0_minimax-2-5,projectlombok__lombok-3371,95,0.10711886999999999,True,,False
20260216_mini-v2.0.0a0_minimax-2-5,apache__lucene-12212,25,0.01996884,False,,False
20260216_mini-v2.0.0a0_minimax-2-5,jqlang__jq-2235,39,0.02707695000000001,True,,False
20260216_mini-v2.0.0a0_minimax-2-5,hashicorp__terraform-35611,78,0.13162094999999996,True,,False
20260216_mini-v2.0.0a0_minimax-2-5,tokio-rs__axum-682,20,0.0061418700000000015,True,,False
20260216_mini-v2.0.0a0_minimax-2-5,apache__lucene-13704,74,0.09613155000000001,False,,False
20260216_mini-v2.0.0a0_minimax-2-5,prometheus__prometheus-12874,45,0.031134120000000008,True,,False
20260216_mini-v2.0.0a0_minimax-2-5,php-cs-fixer__php-cs-fixer-7523,52,0.027726149999999998,True,,False
20260216_mini-v2.0.0a0_minimax-2-5,prometheus__prometheus-10720,43,0.022238700000000004,True,,False
20260216_mini-v2.0.0a0_minimax-2-5,burntsushi__ripgrep-2209,88,0.08960019000000001,True,,False
20260216_mini-v2.0.0a0_minimax-2-5,tokio-rs__axum-2096,111,0.26364695999999993,False,,False
20260216_mini-v2.0.0a0_minimax-2-5,hashicorp__terraform-34900,148,0.35155410000000004,False,,False
20260216_mini-v2.0.0a0_minimax-2-5,projectlombok__lombok-3602,42,0.050404559999999994,True,,False
20260216_mini-v2.0.0a0_minimax-2-5,tokio-rs__axum-1934,58,0.07569581999999997,True,,False
20260216_mini-v2.0.0a0_minimax-2-5,fluent__fluentd-3466,58,0.06101148,False,,False
20260216_mini-v2.0.0a0_minimax-2-5,gin-gonic__gin-3741,16,0.01025847,True,,False
20260216_mini-v2.0.0a0_minimax-2-5,redis__redis-11631,41,0.05633631,True,,False
20260216_mini-v2.0.0a0_minimax-2-5,php-cs-fixer__php-cs-fixer-7663,86,0.09162098999999999,False,,False
20260216_mini-v2.0.0a0_minimax-2-5,redis__redis-12272,56,0.03430974,False,,False
20260216_mini-v2.0.0a0_minimax-2-5,briannesbitt__carbon-2813,61,0.04062000000000002,False,,False
20260216_mini-v2.0.0a0_minimax-2-5,projectlombok__lombok-3009,67,0.05561004000000001,True,,False
20260216_mini-v2.0.0a0_minimax-2-5,fluent__fluentd-3631,75,0.07910600999999999,True,,False
20260216_mini-v2.0.0a0_minimax-2-5,redis__redis-13338,213,0.5915966100000001,False,,False
20260216_mini-v2.0.0a0_minimax-2-5,nushell__nushell-13831,39,0.055891409999999996,True,,False
20260216_mini-v2.0.0a0_minimax-2-5,prometheus__prometheus-13845,37,0.02148672,True,,False
20260216_mini-v2.0.0a0_minimax-2-5,preactjs__preact-4316,47,0.05822288999999999,True,,False
20260216_mini-v2.0.0a0_minimax-2-5,preactjs__preact-3739,85,0.17418720000000004,True,,False
20260216_mini-v2.0.0a0_minimax-2-5,micropython__micropython-13039,28,0.020984429999999995,True,,False
20260216_mini-v2.0.0a0_minimax-2-5,mrdoob__three,67,0.048677790000000005,False,,False
20260216_mini-v2.0.0a0_minimax-2-5,caddyserver__caddy-6411,28,0.02249472,False,,False
20260216_mini-v2.0.0a0_minimax-2-5,projectlombok__lombok-3052,250,0.6188596199999999,False,,False
20260216_mini-v2.0.0a0_minimax-2-5,tokio-rs__axum-734,62,0.06845222999999999,True,,False
20260216_mini-v2.0.0a0_minimax-2-5,preactjs__preact-4182,167,0.42933914999999995,True,,False
20260216_mini-v2.0.0a0_minimax-2-5,php-cs-fixer__php-cs-fixer-8075,127,0.19920489000000002,False,,False
20260216_mini-v2.0.0a0_minimax-2-5,gohugoio__hugo-12204,77,0.07020915,True,,False
20260216_mini-v2.0.0a0_minimax-2-5,rubocop__rubocop-13431,47,0.02364837,True,,False
20260216_mini-v2.0.0a0_minimax-2-5,rubocop__rubocop-13668,37,0.04116798,True,,False
20260216_mini-v2.0.0a0_minimax-2-5,tokio-rs__tokio-4867,52,0.05296662,True,,False
20260216_mini-v2.0.0a0_minimax-2-5,apache__lucene-12196,63,0.07600860000000001,True,,False
20260216_mini-v2.0.0a0_minimax-2-5,preactjs__preact-3763,45,0.04107944999999999,True,,False
20260216_mini-v2.0.0a0_minimax-2-5,fluent__fluentd-3608,51,0.04902567000000001,False,,False
20260216_mini-v2.0.0a0_minimax-2-5,valkey-io__valkey-1499,157,0.18131831999999995,True,,False
20260216_mini-v2.0.0a0_minimax-2-5,jekyll__jekyll-8771,110,0.15294273,False,,False
20260216_mini-v2.0.0a0_minimax-2-5,fmtlib__fmt-3248,49,0.05373693000000001,True,,False
20260216_mini-v2.0.0a0_minimax-2-5,preactjs__preact-3567,80,0.13573851,False,,False
20260216_mini-v2.0.0a0_minimax-2-5,reactivex__rxjava-7597,72,0.06259664999999999,True,,False
20260216_mini-v2.0.0a0_minimax-2-5,uutils__coreutils-6731,66,0.03900141,True,,False
20260216_mini-v2.0.0a0_minimax-2-5,burntsushi__ripgrep-2576,66,0.060874560000000015,True,,False
20260216_mini-v2.0.0a0_minimax-2-5,apache__druid-14092,33,0.08900736,False,,False
20260216_mini-v2.0.0a0_minimax-2-5,javaparser__javaparser-4561,39,0.03400386,True,,False
20260216_mini-v2.0.0a0_minimax-2-5,preactjs__preact-2896,71,0.10305908999999998,True,,False
20260216_mini-v2.0.0a0_minimax-2-5,astral-sh__ruff-15443,48,0.02426274,False,,False
20260216_mini-v2.0.0a0_minimax-2-5,jqlang__jq-2598,44,0.036622980000000006,True,,False
20260216_mini-v2.0.0a0_minimax-2-5,babel__babel-15445,38,0.02916294,True,,False
20260216_mini-v2.0.0a0_minimax-2-5,tokio-rs__axum-1119,41,0.02565981,False,,False
20260216_mini-v2.0.0a0_minimax-2-5,projectlombok__lombok-3042,47,0.02111484,True,,False
20260216_mini-v2.0.0a0_minimax-2-5,jqlang__jq-2750,250,0.5734535100000001,False,,False
20260216_mini-v2.0.0a0_minimax-2-5,fluent__fluentd-4655,65,0.051776010000000004,True,,False
20260216_mini-v2.0.0a0_minimax-2-5,caddyserver__caddy-5870,69,0.06723243000000001,True,,False
20260216_mini-v2.0.0a0_minimax-2-5,fluent__fluentd-3616,43,0.02839674,True,,False
20260216_mini-v2.0.0a0_minimax-2-5,nushell__nushell-12901,109,0.10533630000000006,True,,False
20260216_mini-v2.0.0a0_minimax-2-5,phpoffice__phpspreadsheet-3463,27,0.023071499999999998,False,,False
20260216_mini-v2.0.0a0_minimax-2-5,tokio-rs__tokio-6724,51,0.06781422000000001,True,,False
20260216_mini-v2.0.0a0_minimax-2-5,projectlombok__lombok-3486,102,0.0915564,True,,False
20260216_mini-v2.0.0a0_minimax-2-5,projectlombok__lombok-2792,182,0.4120128899999999,False,,False
20260216_mini-v2.0.0a0_minimax-2-5,redis__redis-13115,63,0.051398549999999994,True,,False
20260216_mini-v2.0.0a0_minimax-2-5,redis__redis-10764,43,0.041075940000000005,True,,False
20260216_mini-v2.0.0a0_minimax-2-5,jekyll__jekyll-8761,69,0.056937,False,,False
20260216_mini-v2.0.0a0_minimax-2-5,projectlombok__lombok-3215,156,0.27288105000000007,True,,False
20260216_mini-v2.0.0a0_minimax-2-5,phpoffice__phpspreadsheet-4214,82,0.11571522000000001,True,,False
20260216_mini-v2.0.0a0_minimax-2-5,vuejs__core-11589,102,0.17778462000000006,True,,False
20260216_mini-v2.0.0a0_minimax-2-5,preactjs__preact-3345,84,0.19522041000000007,False,,False
20260216_mini-v2.0.0a0_minimax-2-5,fastlane__fastlane-19765,22,0.024013350000000006,True,,False
20260216_mini-v2.0.0a0_minimax-2-5,php-cs-fixer__php-cs-fixer-8256,44,0.040394219999999995,True,,False
20260216_mini-v2.0.0a0_minimax-2-5,php-cs-fixer__php-cs-fixer-8064,22,0.019193219999999997,True,,False
20260216_mini-v2.0.0a0_minimax-2-5,babel__babel-15649,52,0.04483773000000002,False,,False
20260216_mini-v2.0.0a0_minimax-2-5,prometheus__prometheus-9248,132,0.13703111999999998,True,,False
20260216_mini-v2.0.0a0_minimax-2-5,gin-gonic__gin-1805,63,0.09714270000000001,True,,False
20260216_mini-v2.0.0a0_minimax-2-5,apache__lucene-11760,71,0.06839319000000002,True,,False
20260216_mini-v2.0.0a0_minimax-2-5,axios__axios-5892,57,0.038820240000000006,True,,False
20260216_mini-v2.0.0a0_minimax-2-5,php-cs-fixer__php-cs-fixer-7875,121,0.15045737999999997,False,,False
20260216_mini-v2.0.0a0_minimax-2-5,phpoffice__phpspreadsheet-3659,197,0.4868417099999998,False,,False
20260216_mini-v2.0.0a0_minimax-2-5,laravel__framework-48636,34,0.01770039,True,,False
20260216_mini-v2.0.0a0_minimax-2-5,vuejs__core-11915,107,0.10323462,True,,False
20260216_mini-v2.0.0a0_minimax-2-5,gohugoio__hugo-12562,94,0.11093226,True,,False
20260216_mini-v2.0.0a0_minimax-2-5,google__gson-1100,38,0.030759480000000002,True,,False
20260216_mini-v2.0.0a0_minimax-2-5,uutils__coreutils-6690,83,0.05528121,True,,False
20260216_mini-v2.0.0a0_minimax-2-5,apache__druid-16875,39,0.04329342,True,,False
20260216_mini-v2.0.0a0_minimax-2-5,projectlombok__lombok-3350,86,0.07648037999999999,True,,False
20260216_mini-v2.0.0a0_minimax-2-5,fastlane__fastlane-20958,20,0.020163270000000004,True,,False
20260216_mini-v2.0.0a0_minimax-2-5,gohugoio__hugo-12768,32,0.017765310000000006,True,,False
20260216_mini-v2.0.0a0_minimax-2-5,fluent__fluentd-4311,57,0.03768503999999998,True,,False
20260216_mini-v2.0.0a0_minimax-2-5,caddyserver__caddy-6370,52,0.0582552,True,,False
20260216_mini-v2.0.0a0_minimax-2-5,rubocop__rubocop-13705,30,0.020222819999999996,True,,False
20260216_mini-v2.0.0a0_minimax-2-5,preactjs__preact-4245,73,0.12229965000000001,True,,False
20260216_mini-v2.0.0a0_minimax-2-5,faker-ruby__faker-2970,48,0.03477933,True,,False
20260216_mini-v2.0.0a0_minimax-2-5,caddyserver__caddy-5995,32,0.03646437,True,,False
20260216_mini-v2.0.0a0_minimax-2-5,facebook__docusaurus-10130,38,0.037978170000000006,True,,False
20260216_mini-v2.0.0a0_minimax-2-5,php-cs-fixer__php-cs-fixer-7998,66,0.053018520000000006,False,,False
20260216_mini-v2.0.0a0_minimax-2-5,briannesbitt__carbon-3098,60,0.047354280000000006,True,,False
20260216_mini-v2.0.0a0_minimax-2-5,immutable-js__immutable-js-2005,60,0.06205299,True,,False
20260216_mini-v2.0.0a0_minimax-2-5,preactjs__preact-2927,58,0.06641313000000001,True,,False
20260216_mini-v2.0.0a0_minimax-2-5,tokio-rs__tokio-6603,64,0.046151010000000006,True,,False
20260216_mini-v2.0.0a0_minimax-2-5,phpoffice__phpspreadsheet-3940,58,0.059293139999999966,True,,False
20260216_mini-v2.0.0a0_minimax-2-5,apache__druid-15402,38,0.029737529999999995,True,,False
20260216_mini-v2.0.0a0_minimax-2-5,fmtlib__fmt-1683,62,0.07591223999999998,False,,False
20260216_mini-v2.0.0a0_minimax-2-5,rubocop__rubocop-13393,64,0.05095112999999998,True,,False
20260216_mini-v2.0.0a0_minimax-2-5,axios__axios-6539,55,0.03914586,False,,False
20260216_mini-v2.0.0a0_minimax-2-5,laravel__framework-52684,36,0.02852529000000001,True,,False
20260216_mini-v2.0.0a0_minimax-2-5,valkey-io__valkey-928,64,0.08497094999999998,True,,False
20260216_mini-v2.0.0a0_minimax-2-5,nlohmann__json-4237,83,0.06717951,True,,False
20260216_mini-v2.0.0a0_minimax-2-5,astral-sh__ruff-15356,91,0.10196472000000001,True,,False
20260216_mini-v2.0.0a0_minimax-2-5,jordansissel__fpm-1850,32,0.021844619999999995,True,,False
20260216_mini-v2.0.0a0_minimax-2-5,sharkdp__bat-2201,50,0.03520608,True,,False
20260216_mini-v2.0.0a0_minimax-2-5,astral-sh__ruff-15394,250,0.7052991600000005,False,,False
20260216_mini-v2.0.0a0_minimax-2-5,caddyserver__caddy-5761,141,0.20968853999999992,False,,False
20260216_mini-v2.0.0a0_minimax-2-5,sharkdp__bat-3108,119,0.15764754,False,,False
20260216_mini-v2.0.0a0_minimax-2-5,apache__druid-14136,70,0.07926762,True,,False
20260216_mini-v2.0.0a0_minimax-2-5,preactjs__preact-3010,79,0.08191530000000001,True,,False
20260216_mini-v2.0.0a0_minimax-2-5,php-cs-fixer__php-cs-fixer-8331,37,0.029542529999999997,True,,False
20260216_mini-v2.0.0a0_minimax-2-5,fmtlib__fmt-3158,123,0.22757033999999993,False,,False
20260216_mini-v2.0.0a0_minimax-2-5,briannesbitt__carbon-3041,67,0.061365450000000016,False,,False
20260216_mini-v2.0.0a0_minimax-2-5,gohugoio__hugo-12171,82,0.10455288,True,,False
20260216_mini-v2.0.0a0_minimax-2-5,gohugoio__hugo-12343,115,0.16664099999999998,True,,False
20260216_mini-v2.0.0a0_minimax-2-5,phpoffice__phpspreadsheet-4114,53,0.051655770000000004,False,,False
20260216_mini-v2.0.0a0_minimax-2-5,projectlombok__lombok-3571,115,0.15106359000000003,True,,False
20260216_mini-v2.0.0a0_minimax-2-5,laravel__framework-52451,41,0.03597198,True,,False
20260216_mini-v2.0.0a0_minimax-2-5,apache__lucene-12022,56,0.05758097999999998,False,,False
20260216_mini-v2.0.0a0_minimax-2-5,gohugoio__hugo-12579,26,0.019244099999999997,True,,False
20260216_mini-v2.0.0a0_minimax-2-5,briannesbitt__carbon-2762,104,0.12349200000000002,True,,False
20260216_mini-v2.0.0a0_minimax-2-5,jqlang__jq-2839,62,0.05724872999999999,True,,False
20260216_mini-v2.0.0a0_minimax-2-5,sharkdp__bat-1892,87,0.12529629,True,,False
20260216_mini-v2.0.0a0_minimax-2-5,jekyll__jekyll-9141,86,0.09224616000000002,False,,False
20260216_mini-v2.0.0a0_minimax-2-5,uutils__coreutils-6682,63,0.055826069999999985,False,,False
20260216_mini-v2.0.0a0_minimax-2-5,fastlane__fastlane-20975,44,0.030146610000000004,True,,False
20260216_mini-v2.0.0a0_minimax-2-5,fmtlib__fmt-3901,27,0.01802928,True,,False
20260216_mini-v2.0.0a0_minimax-2-5,projectlombok__lombok-3326,173,0.50503215,False,,False
20260216_mini-v2.0.0a0_minimax-2-5,preactjs__preact-2757,69,0.08315301000000001,True,,False
20260216_mini-v2.0.0a0_minimax-2-5,apache__lucene-12626,21,0.008874120000000001,True,,False
20260216_mini-v2.0.0a0_minimax-2-5,facebook__docusaurus-9897,140,0.24461823,True,,False
20260216_mini-v2.0.0a0_minimax-2-5,rubocop__rubocop-13579,31,0.032452110000000006,True,,False
20260216_mini-v2.0.0a0_minimax-2-5,prometheus__prometheus-11859,38,0.03262458,False,,False
20260216_mini-v2.0.0a0_minimax-2-5,google__gson-2158,59,0.0695733,False,,False
20260216_mini-v2.0.0a0_minimax-2-5,preactjs__preact-4436,82,0.07753355999999999,True,,False
20260216_mini-v2.0.0a0_minimax-2-5,jordansissel__fpm-1829,48,0.0416391,False,,False
20260216_mini-v2.0.0a0_minimax-2-5,briannesbitt__carbon-2752,83,0.09884817000000003,True,,False
20260216_mini-v2.0.0a0_minimax-2-5,redis__redis-11510,41,0.029549099999999995,True,,False
20260216_mini-v2.0.0a0_minimax-2-5,apache__lucene-13301,35,0.03922166999999999,True,,False
20260216_mini-v2.0.0a0_minimax-2-5,google__gson-2134,29,0.025231229999999993,True,,False
20260216_mini-v2.0.0a0_minimax-2-5,fluent__fluentd-4598,26,0.011177999999999999,True,,False
20260216_mini-v2.0.0a0_minimax-2-5,rubocop__rubocop-13375,67,0.03961098000000001,True,,False
20260216_mini-v2.0.0a0_minimax-2-5,facebook__docusaurus-8927,153,0.3555566999999999,False,,False
20260216_mini-v2.0.0a0_minimax-2-5,tokio-rs__tokio-4898,14,0.00730704,True,,False
20260216_mini-v2.0.0a0_minimax-2-5,caddyserver__caddy-4774,51,0.043658310000000006,True,,False
20260216_mini-v2.0.0a0_minimax-2-5,laravel__framework-51195,250,0.61827648,False,,False
20260216_mini-v2.0.0a0_minimax-2-5,hashicorp__terraform-34814,60,0.06856599,True,,False
20260216_mini-v2.0.0a0_minimax-2-5,prometheus__prometheus-15142,102,0.11223851999999993,False,,False
20260216_mini-v2.0.0a0_minimax-2-5,facebook__docusaurus-9183,39,0.028796669999999993,False,,False
20260216_mini-v2.0.0a0_minimax-2-5,projectlombok__lombok-3697,72,0.07180551,True,,False
20260216_mini-v2.0.0a0_minimax-2-5,fmtlib__fmt-3272,94,0.11319171000000003,True,,False
20260216_mini-v2.0.0a0_minimax-2-5,preactjs__preact-3562,93,0.14037311999999993,False,,False
20260216_mini-v2.0.0a0_minimax-2-5,prometheus__prometheus-10633,30,0.024353040000000003,False,,False
20260216_mini-v2.0.0a0_minimax-2-5,caddyserver__caddy-4943,124,0.18137853000000007,False,,False
20260216_mini-v2.0.0a0_minimax-2-5,briannesbitt__carbon-3103,32,0.01684434,True,,False
20260216_mini-v2.0.0a0_minimax-2-5,google__gson-2024,23,0.01796151,True,,False
20260216_mini-v2.0.0a0_minimax-2-5,axios__axios-5085,134,0.16400406,True,,False
20260216_mini-v2.0.0a0_minimax-2-5,jqlang__jq-2919,59,0.05304297,True,,False
20260216_mini-v2.0.0a0_minimax-2-5,laravel__framework-53206,61,0.03686232,True,,False
20260216_mini-v2.0.0a0_minimax-2-5,nushell__nushell-13605,72,0.06603732000000001,True,,False
20260216_mini-v2.0.0a0_minimax-2-5,laravel__framework-53696,30,0.01691742,True,,False
20260216_mini-v2.0.0a0_minimax-2-5,google__gson-1093,56,0.04000953,True,,False
20260216_mini-v2.0.0a0_minimax-2-5,rubocop__rubocop-13653,108,0.09118149000000003,True,,False
20260216_mini-v2.0.0a0_minimax-2-5,tokio-rs__axum-1730,80,0.11716806000000002,False,,False
20260216_mini-v2.0.0a0_minimax-2-5,jqlang__jq-2728,27,0.02131008,False,,False
20260216_mini-v2.0.0a0_minimax-2-5,redis__redis-12472,50,0.05511173999999999,True,,False
20260216_mini-v2.0.0a0_minimax-2-5,prometheus__prometheus-14861,38,0.029325089999999995,False,,False
20260216_mini-v2.0.0a0_minimax-2-5,php-cs-fixer__php-cs-fixer-7635,125,0.16607813999999993,False,,False
20260216_mini-v2.0.0a0_minimax-2-5,redis__redis-9733,88,0.08828957999999999,True,,False
20260216_mini-v2.0.0a0_minimax-2-5,sharkdp__bat-2393,68,0.06304368000000002,True,,False
20260216_mini-v2.0.0a0_minimax-2-5,google__gson-2479,79,0.09019389000000001,True,,False
20260216_mini-v2.0.0a0_minimax-2-5,tokio-rs__tokio-6752,52,0.039515369999999994,True,,False
20260216_mini-v2.0.0a0_minimax-2-5,caddyserver__caddy-6288,191,0.25625957999999993,True,,False
20260216_mini-v2.0.0a0_minimax-2-5,axios__axios-4738,34,0.02180115,True,,False
20260216_mini-v2.0.0a0_minimax-2-5,axios__axios-4731,47,0.03470553,True,,False
20260216_mini-v2.0.0a0_minimax-2-5,caddyserver__caddy-5404,81,0.14829878999999996,False,,False
20260216_mini-v2.0.0a0_minimax-2-5,tokio-rs__tokio-6551,92,0.08474439,True,,False
20260216_mini-v2.0.0a0_minimax-2-5,vuejs__core-11739,125,0.2260248599999999,False,,False
20260220_mini-v2.0.0_gpt-5-2-codex,apache__druid-13704,17,0.09145990000000001,True,,False
20260220_mini-v2.0.0_gpt-5-2-codex,apache__druid-14092,68,1.6961997499999997,False,,False
20260220_mini-v2.0.0_gpt-5-2-codex,apache__druid-14136,57,1.1481606499999997,False,,False
20260220_mini-v2.0.0_gpt-5-2-codex,apache__druid-15402,23,0.25443635,True,,False
20260220_mini-v2.0.0_gpt-5-2-codex,apache__druid-16875,32,0.42171359999999997,False,,False
20260220_mini-v2.0.0_gpt-5-2-codex,apache__lucene-11760,15,0.13328560000000003,True,,False
20260220_mini-v2.0.0_gpt-5-2-codex,apache__lucene-12022,96,1.9566424500000006,False,,False
20260220_mini-v2.0.0_gpt-5-2-codex,apache__lucene-12196,19,0.19002024999999997,True,,False
20260220_mini-v2.0.0_gpt-5-2-codex,apache__lucene-12212,24,0.5671291499999999,True,,False
20260220_mini-v2.0.0_gpt-5-2-codex,apache__lucene-12626,48,0.37108785000000005,True,,False
20260220_mini-v2.0.0_gpt-5-2-codex,apache__lucene-13170,12,0.055747649999999996,True,,False
20260220_mini-v2.0.0_gpt-5-2-codex,apache__lucene-13301,62,1.1047729000000002,True,,False
20260220_mini-v2.0.0_gpt-5-2-codex,apache__lucene-13494,36,0.6320870500000001,True,,False
20260220_mini-v2.0.0_gpt-5-2-codex,apache__lucene-13704,49,1.08773805,True,,False
20260220_mini-v2.0.0_gpt-5-2-codex,astral-sh__ruff-15309,57,0.6989996999999999,False,,False
20260220_mini-v2.0.0_gpt-5-2-codex,astral-sh__ruff-15330,30,0.4854458,True,,False
20260220_mini-v2.0.0_gpt-5-2-codex,astral-sh__ruff-15356,24,0.44788695,True,,False
20260220_mini-v2.0.0_gpt-5-2-codex,astral-sh__ruff-15394,38,0.5871089,False,,False
20260220_mini-v2.0.0_gpt-5-2-codex,astral-sh__ruff-15443,17,0.12499200000000002,True,,False
20260220_mini-v2.0.0_gpt-5-2-codex,astral-sh__ruff-15543,25,0.29593969999999997,True,,False
20260220_mini-v2.0.0_gpt-5-2-codex,astral-sh__ruff-15626,39,0.5551612499999999,True,,False
20260220_mini-v2.0.0_gpt-5-2-codex,axios__axios-4731,17,0.20355719999999997,True,,False
20260220_mini-v2.0.0_gpt-5-2-codex,axios__axios-4738,12,0.0687022,False,,False
20260220_mini-v2.0.0_gpt-5-2-codex,axios__axios-5085,32,0.3366321,True,,False
20260220_mini-v2.0.0_gpt-5-2-codex,axios__axios-5316,92,1.6307451999999993,False,,False
20260220_mini-v2.0.0_gpt-5-2-codex,axios__axios-5892,14,0.12314119999999999,True,,False
20260220_mini-v2.0.0_gpt-5-2-codex,axios__axios-6539,60,0.6727542500000002,False,,False
20260220_mini-v2.0.0_gpt-5-2-codex,babel__babel-13928,56,0.7541268000000001,True,,False
20260220_mini-v2.0.0_gpt-5-2-codex,babel__babel-14532,43,0.8141962500000003,True,,False
20260220_mini-v2.0.0_gpt-5-2-codex,babel__babel-15445,34,0.38502240000000004,False,,False
20260220_mini-v2.0.0_gpt-5-2-codex,babel__babel-15649,37,0.7732893000000001,False,,False
20260220_mini-v2.0.0_gpt-5-2-codex,babel__babel-16130,48,0.8402639000000001,True,,False
20260220_mini-v2.0.0_gpt-5-2-codex,briannesbitt__carbon-2665,42,0.8414763,True,,False
20260220_mini-v2.0.0_gpt-5-2-codex,briannesbitt__carbon-2752,29,0.42582260000000005,True,,False
20260220_mini-v2.0.0_gpt-5-2-codex,briannesbitt__carbon-2762,82,2.1257236,True,,False
20260220_mini-v2.0.0_gpt-5-2-codex,briannesbitt__carbon-2813,72,1.0746186500000001,False,,False
20260220_mini-v2.0.0_gpt-5-2-codex,briannesbitt__carbon-2981,78,1.3736309999999996,True,,False
20260220_mini-v2.0.0_gpt-5-2-codex,briannesbitt__carbon-3005,97,1.8946739000000004,True,,False
20260220_mini-v2.0.0_gpt-5-2-codex,briannesbitt__carbon-3041,49,0.7545485500000001,False,,False
20260220_mini-v2.0.0_gpt-5-2-codex,briannesbitt__carbon-3073,44,0.53803575,True,,False
20260220_mini-v2.0.0_gpt-5-2-codex,briannesbitt__carbon-3098,57,0.9663342499999998,True,,False
20260220_mini-v2.0.0_gpt-5-2-codex,briannesbitt__carbon-3103,37,0.3225803,True,,False
20260220_mini-v2.0.0_gpt-5-2-codex,burntsushi__ripgrep-2209,43,0.7687246000000001,True,,False
20260220_mini-v2.0.0_gpt-5-2-codex,burntsushi__ripgrep-2576,54,1.3385112999999997,True,,False
20260220_mini-v2.0.0_gpt-5-2-codex,caddyserver__caddy-4774,49,0.8397637499999998,False,,False
20260220_mini-v2.0.0_gpt-5-2-codex,caddyserver__caddy-4943,41,0.8326636499999999,False,,False
20260220_mini-v2.0.0_gpt-5-2-codex,caddyserver__caddy-5404,17,0.42653135,False,,False
20260220_mini-v2.0.0_gpt-5-2-codex,caddyserver__caddy-5626,59,0.9557166499999998,True,,False
20260220_mini-v2.0.0_gpt-5-2-codex,caddyserver__caddy-5761,20,0.4153191,False,,False
20260220_mini-v2.0.0_gpt-5-2-codex,caddyserver__caddy-5870,44,0.4834483499999999,True,,False
20260220_mini-v2.0.0_gpt-5-2-codex,caddyserver__caddy-5995,31,0.55463835,True,,False
20260220_mini-v2.0.0_gpt-5-2-codex,caddyserver__caddy-6051,17,0.24687845000000003,False,,False
20260220_mini-v2.0.0_gpt-5-2-codex,caddyserver__caddy-6115,19,0.1962835,False,,False
20260220_mini-v2.0.0_gpt-5-2-codex,caddyserver__caddy-6288,88,1.501008600000001,True,,False
20260220_mini-v2.0.0_gpt-5-2-codex,caddyserver__caddy-6345,48,0.8895522999999999,False,,False
20260220_mini-v2.0.0_gpt-5-2-codex,caddyserver__caddy-6350,31,0.37785054999999995,True,,False
20260220_mini-v2.0.0_gpt-5-2-codex,caddyserver__caddy-6370,39,0.7259595,True,,False
20260220_mini-v2.0.0_gpt-5-2-codex,caddyserver__caddy-6411,25,0.23772559999999998,False,,False
20260220_mini-v2.0.0_gpt-5-2-codex,facebook__docusaurus-10130,38,0.59548895,True,,False
20260220_mini-v2.0.0_gpt-5-2-codex,facebook__docusaurus-10309,35,0.47540185,True,,False
20260220_mini-v2.0.0_gpt-5-2-codex,facebook__docusaurus-8927,39,0.8070601,False,,False
20260220_mini-v2.0.0_gpt-5-2-codex,facebook__docusaurus-9183,48,0.6471689000000002,False,,False
20260220_mini-v2.0.0_gpt-5-2-codex,facebook__docusaurus-9897,37,0.49473165,True,,False
20260220_mini-v2.0.0_gpt-5-2-codex,faker-ruby__faker-2705,27,0.4910569999999999,True,,False
20260220_mini-v2.0.0_gpt-5-2-codex,faker-ruby__faker-2970,30,0.37649325,False,,False
20260220_mini-v2.0.0_gpt-5-2-codex,fastlane__fastlane-19207,15,0.39943680000000004,False,,False
20260220_mini-v2.0.0_gpt-5-2-codex,fastlane__fastlane-19304,10,0.09191139999999998,True,,False
20260220_mini-v2.0.0_gpt-5-2-codex,fastlane__fastlane-19765,20,0.32609954999999996,True,,False
20260220_mini-v2.0.0_gpt-5-2-codex,fastlane__fastlane-20642,12,0.1760668,False,,False
20260220_mini-v2.0.0_gpt-5-2-codex,fastlane__fastlane-20958,15,0.21241219999999997,True,,False
20260220_mini-v2.0.0_gpt-5-2-codex,fastlane__fastlane-20975,28,0.5449062499999999,True,,False
20260220_mini-v2.0.0_gpt-5-2-codex,fastlane__fastlane-21857,23,0.7007966,False,,False
20260220_mini-v2.0.0_gpt-5-2-codex,fluent__fluentd-3328,29,0.38120740000000003,True,,False
20260220_mini-v2.0.0_gpt-5-2-codex,fluent__fluentd-3466,33,0.7969212999999999,False,,False
20260220_mini-v2.0.0_gpt-5-2-codex,fluent__fluentd-3608,22,0.2929405500000001,True,,False
20260220_mini-v2.0.0_gpt-5-2-codex,fluent__fluentd-3616,34,0.58289035,True,,False
20260220_mini-v2.0.0_gpt-5-2-codex,fluent__fluentd-3631,28,0.4144013999999999,True,,False
20260220_mini-v2.0.0_gpt-5-2-codex,fluent__fluentd-3640,28,0.41593719999999995,False,,False
20260220_mini-v2.0.0_gpt-5-2-codex,fluent__fluentd-3641,29,0.4030827499999999,False,,False
20260220_mini-v2.0.0_gpt-5-2-codex,fluent__fluentd-3917,38,0.6432856499999999,True,,False
20260220_mini-v2.0.0_gpt-5-2-codex,fluent__fluentd-4030,49,1.2450249,True,,False
20260220_mini-v2.0.0_gpt-5-2-codex,fluent__fluentd-4311,37,0.3921057000000001,True,,False
20260220_mini-v2.0.0_gpt-5-2-codex,fluent__fluentd-4598,26,0.17673914999999998,True,,False
20260220_mini-v2.0.0_gpt-5-2-codex,fluent__fluentd-4655,19,0.17978065000000001,True,,False
20260220_mini-v2.0.0_gpt-5-2-codex,fmtlib__fmt-1683,24,0.33498954999999997,False,,False
20260220_mini-v2.0.0_gpt-5-2-codex,fmtlib__fmt-2310,42,0.6863822000000002,False,,False
20260220_mini-v2.0.0_gpt-5-2-codex,fmtlib__fmt-2317,40,0.3993332,True,,False
20260220_mini-v2.0.0_gpt-5-2-codex,fmtlib__fmt-2457,54,1.1082543499999997,True,,False
20260220_mini-v2.0.0_gpt-5-2-codex,fmtlib__fmt-3158,56,1.7713286499999996,False,,False
20260220_mini-v2.0.0_gpt-5-2-codex,fmtlib__fmt-3248,14,0.12979329999999997,True,,False
20260220_mini-v2.0.0_gpt-5-2-codex,fmtlib__fmt-3272,100,2.1219551499999993,True,,False
20260220_mini-v2.0.0_gpt-5-2-codex,fmtlib__fmt-3729,39,0.9132907000000001,True,,False
20260220_mini-v2.0.0_gpt-5-2-codex,fmtlib__fmt-3750,31,0.34086815000000004,False,,False
20260220_mini-v2.0.0_gpt-5-2-codex,fmtlib__fmt-3863,101,3.00930875,False,,False
20260220_mini-v2.0.0_gpt-5-2-codex,fmtlib__fmt-3901,15,0.10244394999999999,True,,False
20260220_mini-v2.0.0_gpt-5-2-codex,gin-gonic__gin-1805,25,0.31697645,True,,False
20260220_mini-v2.0.0_gpt-5-2-codex,gin-gonic__gin-1957,53,0.7534012500000001,True,,False
20260220_mini-v2.0.0_gpt-5-2-codex,gin-gonic__gin-2121,15,0.1302217,True,,False
20260220_mini-v2.0.0_gpt-5-2-codex,gin-gonic__gin-2755,46,0.6832763000000001,False,,False
20260220_mini-v2.0.0_gpt-5-2-codex,gin-gonic__gin-3227,19,0.16279865,False,,False
20260220_mini-v2.0.0_gpt-5-2-codex,gin-gonic__gin-3741,13,0.149625,True,,False
20260220_mini-v2.0.0_gpt-5-2-codex,gin-gonic__gin-3820,29,0.46456725,False,,False
20260220_mini-v2.0.0_gpt-5-2-codex,gin-gonic__gin-4003,11,0.0768495,True,,False
20260220_mini-v2.0.0_gpt-5-2-codex,gohugoio__hugo-12171,50,0.63350805,False,,False
20260220_mini-v2.0.0_gpt-5-2-codex,gohugoio__hugo-12204,68,1.1822467999999997,False,,False
20260220_mini-v2.0.0_gpt-5-2-codex,gohugoio__hugo-12343,25,0.29465624999999995,True,,False
20260220_mini-v2.0.0_gpt-5-2-codex,gohugoio__hugo-12448,154,3.014518150000001,False,,False
20260220_mini-v2.0.0_gpt-5-2-codex,gohugoio__hugo-12562,47,0.8100939,True,,False
20260220_mini-v2.0.0_gpt-5-2-codex,gohugoio__hugo-12579,23,0.21638644999999995,True,,False
20260220_mini-v2.0.0_gpt-5-2-codex,gohugoio__hugo-12768,9,0.05286015,False,,False
20260220_mini-v2.0.0_gpt-5-2-codex,google__gson-1014,26,0.35146825000000004,False,,False
20260220_mini-v2.0.0_gpt-5-2-codex,google__gson-1093,26,0.29573285,False,,False
20260220_mini-v2.0.0_gpt-5-2-codex,google__gson-1100,17,0.1170596,False,,False
20260220_mini-v2.0.0_gpt-5-2-codex,google__gson-2024,33,0.45061519999999994,False,,False
20260220_mini-v2.0.0_gpt-5-2-codex,google__gson-2061,17,0.07477960000000002,False,,False
20260220_mini-v2.0.0_gpt-5-2-codex,google__gson-2134,14,0.09835735,False,,False
20260220_mini-v2.0.0_gpt-5-2-codex,google__gson-2158,61,1.40628845,False,,False
20260220_mini-v2.0.0_gpt-5-2-codex,google__gson-2311,20,0.23616215000000002,False,,False
20260220_mini-v2.0.0_gpt-5-2-codex,google__gson-2479,34,0.6105634500000001,False,,False
20260220_mini-v2.0.0_gpt-5-2-codex,hashicorp__terraform-34580,31,0.31259269999999983,True,,False
20260220_mini-v2.0.0_gpt-5-2-codex,hashicorp__terraform-34814,30,0.38164594999999996,True,,False
20260220_mini-v2.0.0_gpt-5-2-codex,hashicorp__terraform-34900,81,2.460106950000001,False,,False
20260220_mini-v2.0.0_gpt-5-2-codex,hashicorp__terraform-35543,78,1.7070532500000002,False,,False
20260220_mini-v2.0.0_gpt-5-2-codex,hashicorp__terraform-35611,54,1.2776088499999998,True,,False
20260220_mini-v2.0.0_gpt-5-2-codex,immutable-js__immutable-js-2005,68,1.1763895499999997,False,,False
20260220_mini-v2.0.0_gpt-5-2-codex,immutable-js__immutable-js-2006,36,0.43153249999999993,True,,False
20260220_mini-v2.0.0_gpt-5-2-codex,javaparser__javaparser-4538,18,0.2353218,True,,False
20260220_mini-v2.0.0_gpt-5-2-codex,javaparser__javaparser-4561,22,0.1941905,True,,False
20260220_mini-v2.0.0_gpt-5-2-codex,jekyll__jekyll-8047,38,0.41521690000000006,True,,False
20260220_mini-v2.0.0_gpt-5-2-codex,jekyll__jekyll-8167,35,0.453607,True,,False
20260220_mini-v2.0.0_gpt-5-2-codex,jekyll__jekyll-8761,24,0.27595189999999997,False,,False
20260220_mini-v2.0.0_gpt-5-2-codex,jekyll__jekyll-8771,106,2.476855150000001,False,,False
20260220_mini-v2.0.0_gpt-5-2-codex,jekyll__jekyll-9141,46,0.7870043999999998,False,,False
20260220_mini-v2.0.0_gpt-5-2-codex,jordansissel__fpm-1829,27,0.31913385,False,,False
20260220_mini-v2.0.0_gpt-5-2-codex,jordansissel__fpm-1850,28,0.30334744999999996,True,,False
20260220_mini-v2.0.0_gpt-5-2-codex,jqlang__jq-2235,43,0.62203015,False,,False
20260220_mini-v2.0.0_gpt-5-2-codex,jqlang__jq-2598,71,1.1144944999999997,True,,False
20260220_mini-v2.0.0_gpt-5-2-codex,jqlang__jq-2650,71,1.6222843000000005,True,,False
20260220_mini-v2.0.0_gpt-5-2-codex,jqlang__jq-2658,21,0.21713509999999997,True,,False
20260220_mini-v2.0.0_gpt-5-2-codex,jqlang__jq-2681,46,0.7577286500000002,True,,False
20260220_mini-v2.0.0_gpt-5-2-codex,jqlang__jq-2728,30,0.34095809999999993,False,,False
20260220_mini-v2.0.0_gpt-5-2-codex,jqlang__jq-2750,85,1.96786975,True,,False
20260220_mini-v2.0.0_gpt-5-2-codex,jqlang__jq-2839,59,1.1115054999999998,True,,False
20260220_mini-v2.0.0_gpt-5-2-codex,jqlang__jq-2919,16,0.32125765,True,,False
20260220_mini-v2.0.0_gpt-5-2-codex,laravel__framework-46234,36,0.48798574999999994,False,,False
20260220_mini-v2.0.0_gpt-5-2-codex,laravel__framework-48573,61,1.41151535,False,,False
20260220_mini-v2.0.0_gpt-5-2-codex,laravel__framework-48636,29,0.26575920000000003,True,,False
20260220_mini-v2.0.0_gpt-5-2-codex,laravel__framework-51195,58,0.9421240499999997,True,,False
20260220_mini-v2.0.0_gpt-5-2-codex,laravel__framework-51890,48,0.44321059999999995,True,,False
20260220_mini-v2.0.0_gpt-5-2-codex,laravel__framework-52451,33,0.8194385500000001,True,,False
20260220_mini-v2.0.0_gpt-5-2-codex,laravel__framework-52680,19,0.20572895,True,,False
20260220_mini-v2.0.0_gpt-5-2-codex,laravel__framework-52684,17,0.13363665,True,,False
20260220_mini-v2.0.0_gpt-5-2-codex,laravel__framework-52866,26,0.24908275000000002,True,,False
20260220_mini-v2.0.0_gpt-5-2-codex,laravel__framework-53206,44,0.5482879500000002,True,,False
20260220_mini-v2.0.0_gpt-5-2-codex,laravel__framework-53696,27,0.22044014999999992,True,,False
20260220_mini-v2.0.0_gpt-5-2-codex,laravel__framework-53914,84,1.4565879999999993,True,,False
20260220_mini-v2.0.0_gpt-5-2-codex,laravel__framework-53949,9,0.09348500000000001,True,,False
20260220_mini-v2.0.0_gpt-5-2-codex,micropython__micropython-10095,31,0.7204445500000001,True,,False
20260220_mini-v2.0.0_gpt-5-2-codex,micropython__micropython-12158,45,0.8493278500000002,True,,False
20260220_mini-v2.0.0_gpt-5-2-codex,micropython__micropython-13039,16,0.1541498,True,,False
20260220_mini-v2.0.0_gpt-5-2-codex,micropython__micropython-13569,71,1.50086755,True,,False
20260220_mini-v2.0.0_gpt-5-2-codex,micropython__micropython-15898,12,0.2656395,True,,False
20260220_mini-v2.0.0_gpt-5-2-codex,mrdoob__three.js-25687,29,0.21153685,False,,False
20260220_mini-v2.0.0_gpt-5-2-codex,mrdoob__three.js-26589,23,0.19906249999999998,True,,False
20260220_mini-v2.0.0_gpt-5-2-codex,mrdoob__three.js-27395,59,0.5299693,True,,False
20260220_mini-v2.0.0_gpt-5-2-codex,nlohmann__json-4237,24,0.28169925,True,,False
20260220_mini-v2.0.0_gpt-5-2-codex,nushell__nushell-12901,53,0.6940653999999999,True,,False
20260220_mini-v2.0.0_gpt-5-2-codex,nushell__nushell-12950,21,0.2836294999999999,True,,False
20260220_mini-v2.0.0_gpt-5-2-codex,nushell__nushell-13246,23,0.38405990000000007,True,,False
20260220_mini-v2.0.0_gpt-5-2-codex,nushell__nushell-13605,32,0.6396442499999999,True,,False
20260220_mini-v2.0.0_gpt-5-2-codex,nushell__nushell-13831,19,0.2903523,False,,False
20260220_mini-v2.0.0_gpt-5-2-codex,php-cs-fixer__php-cs-fixer-7523,40,0.7129167500000002,False,,False
20260220_mini-v2.0.0_gpt-5-2-codex,php-cs-fixer__php-cs-fixer-7635,32,0.5819968000000001,False,,False
20260220_mini-v2.0.0_gpt-5-2-codex,php-cs-fixer__php-cs-fixer-7663,82,3.0081880499999993,False,,False
20260220_mini-v2.0.0_gpt-5-2-codex,php-cs-fixer__php-cs-fixer-7875,28,0.61654705,False,,False
20260220_mini-v2.0.0_gpt-5-2-codex,php-cs-fixer__php-cs-fixer-7998,50,0.8120360500000001,False,,False
20260220_mini-v2.0.0_gpt-5-2-codex,php-cs-fixer__php-cs-fixer-8064,27,0.35120049999999997,True,,False
20260220_mini-v2.0.0_gpt-5-2-codex,php-cs-fixer__php-cs-fixer-8075,33,0.8059736999999998,False,,False
20260220_mini-v2.0.0_gpt-5-2-codex,php-cs-fixer__php-cs-fixer-8256,27,0.38549245,True,,False
20260220_mini-v2.0.0_gpt-5-2-codex,php-cs-fixer__php-cs-fixer-8331,36,0.6430549999999999,True,,False
20260220_mini-v2.0.0_gpt-5-2-codex,php-cs-fixer__php-cs-fixer-8367,39,0.41590779999999994,True,,False
20260220_mini-v2.0.0_gpt-5-2-codex,phpoffice__phpspreadsheet-3463,18,0.20562780000000003,True,,False
20260220_mini-v2.0.0_gpt-5-2-codex,phpoffice__phpspreadsheet-3469,55,0.6915426,True,,False
20260220_mini-v2.0.0_gpt-5-2-codex,phpoffice__phpspreadsheet-3570,22,0.26043744999999996,False,,False
20260220_mini-v2.0.0_gpt-5-2-codex,phpoffice__phpspreadsheet-3659,32,0.36991395000000005,False,,False
20260220_mini-v2.0.0_gpt-5-2-codex,phpoffice__phpspreadsheet-3903,32,0.36196824999999994,True,,False
20260220_mini-v2.0.0_gpt-5-2-codex,phpoffice__phpspreadsheet-3940,38,1.0422387499999999,True,,False
20260220_mini-v2.0.0_gpt-5-2-codex,phpoffice__phpspreadsheet-4114,45,0.48173824999999987,True,,False
20260220_mini-v2.0.0_gpt-5-2-codex,phpoffice__phpspreadsheet-4186,17,0.10889480000000003,True,,False
20260220_mini-v2.0.0_gpt-5-2-codex,phpoffice__phpspreadsheet-4214,61,1.6016259000000006,True,,False
20260220_mini-v2.0.0_gpt-5-2-codex,phpoffice__phpspreadsheet-4313,44,0.7478834999999999,True,,False
20260220_mini-v2.0.0_gpt-5-2-codex,preactjs__preact-2757,24,0.44933805000000004,True,,False
20260220_mini-v2.0.0_gpt-5-2-codex,preactjs__preact-2896,23,0.2843949500000001,True,,False
20260220_mini-v2.0.0_gpt-5-2-codex,preactjs__preact-2927,24,0.40718999999999994,True,,False
20260220_mini-v2.0.0_gpt-5-2-codex,preactjs__preact-3010,49,0.6770025499999998,True,,False
20260220_mini-v2.0.0_gpt-5-2-codex,preactjs__preact-3062,15,0.24264519999999998,True,,False
20260220_mini-v2.0.0_gpt-5-2-codex,preactjs__preact-3345,43,1.2885697999999997,False,,False
20260220_mini-v2.0.0_gpt-5-2-codex,preactjs__preact-3454,10,0.17567375,True,,False
20260220_mini-v2.0.0_gpt-5-2-codex,preactjs__preact-3562,20,0.57836135,True,,False
20260220_mini-v2.0.0_gpt-5-2-codex,preactjs__preact-3567,36,1.0338030500000002,True,,False
20260220_mini-v2.0.0_gpt-5-2-codex,preactjs__preact-3689,41,0.39407865,True,,False
20260220_mini-v2.0.0_gpt-5-2-codex,preactjs__preact-3739,24,0.4552289,True,,False
20260220_mini-v2.0.0_gpt-5-2-codex,preactjs__preact-3763,17,0.16940525000000003,True,,False
20260220_mini-v2.0.0_gpt-5-2-codex,preactjs__preact-4152,29,0.48012335,True,,False
20260220_mini-v2.0.0_gpt-5-2-codex,preactjs__preact-4182,39,1.1976755,True,,False
20260220_mini-v2.0.0_gpt-5-2-codex,preactjs__preact-4245,24,0.50524425,True,,False
20260220_mini-v2.0.0_gpt-5-2-codex,preactjs__preact-4316,23,0.28497944999999997,True,,False
20260220_mini-v2.0.0_gpt-5-2-codex,preactjs__preact-4436,51,1.06019445,False,,False
20260220_mini-v2.0.0_gpt-5-2-codex,projectlombok__lombok-2792,85,2.0455750000000004,True,,False
20260220_mini-v2.0.0_gpt-5-2-codex,projectlombok__lombok-3009,35,0.31506755,True,,False
20260220_mini-v2.0.0_gpt-5-2-codex,projectlombok__lombok-3042,14,0.09404954999999998,True,,False
20260220_mini-v2.0.0_gpt-5-2-codex,projectlombok__lombok-3052,73,1.4324212000000003,False,,False
20260220_mini-v2.0.0_gpt-5-2-codex,projectlombok__lombok-3215,40,0.8594943000000003,True,,False
20260220_mini-v2.0.0_gpt-5-2-codex,projectlombok__lombok-3312,15,0.15450049999999999,True,,False
20260220_mini-v2.0.0_gpt-5-2-codex,projectlombok__lombok-3326,71,1.4317401000000003,False,,False
20260220_mini-v2.0.0_gpt-5-2-codex,projectlombok__lombok-3350,85,1.3327772500000001,True,,False
20260220_mini-v2.0.0_gpt-5-2-codex,projectlombok__lombok-3371,78,1.8831725499999996,True,,False
20260220_mini-v2.0.0_gpt-5-2-codex,projectlombok__lombok-3422,23,0.28622264999999997,True,,False
20260220_mini-v2.0.0_gpt-5-2-codex,projectlombok__lombok-3479,24,0.22860075000000002,True,,False
20260220_mini-v2.0.0_gpt-5-2-codex,projectlombok__lombok-3486,53,0.65867165,True,,False
20260220_mini-v2.0.0_gpt-5-2-codex,projectlombok__lombok-3571,51,0.76759725,True,,False
20260220_mini-v2.0.0_gpt-5-2-codex,projectlombok__lombok-3594,68,1.0712491999999998,True,,False
20260220_mini-v2.0.0_gpt-5-2-codex,projectlombok__lombok-3602,23,0.26547535,True,,False
20260220_mini-v2.0.0_gpt-5-2-codex,projectlombok__lombok-3674,34,0.49873565000000003,True,,False
20260220_mini-v2.0.0_gpt-5-2-codex,projectlombok__lombok-3697,29,0.3163779500000001,True,,False
20260220_mini-v2.0.0_gpt-5-2-codex,prometheus__prometheus-10633,14,0.20364960000000001,False,,False
20260220_mini-v2.0.0_gpt-5-2-codex,prometheus__prometheus-10720,43,0.37266915,True,,False
20260220_mini-v2.0.0_gpt-5-2-codex,prometheus__prometheus-11859,46,0.9871263500000003,False,,False
20260220_mini-v2.0.0_gpt-5-2-codex,prometheus__prometheus-12874,14,0.1890819,True,,False
20260220_mini-v2.0.0_gpt-5-2-codex,prometheus__prometheus-13845,22,0.2959719,True,,False
20260220_mini-v2.0.0_gpt-5-2-codex,prometheus__prometheus-14861,41,0.60439995,False,,False
20260220_mini-v2.0.0_gpt-5-2-codex,prometheus__prometheus-15142,38,0.5905931499999999,False,,False
20260220_mini-v2.0.0_gpt-5-2-codex,prometheus__prometheus-9248,108,1.57784025,False,,False
20260220_mini-v2.0.0_gpt-5-2-codex,reactivex__rxjava-7597,31,0.46520285000000006,True,,False
20260220_mini-v2.0.0_gpt-5-2-codex,redis__redis-10068,24,0.3729376,True,,False
20260220_mini-v2.0.0_gpt-5-2-codex,redis__redis-10095,13,0.1045163,True,,False
20260220_mini-v2.0.0_gpt-5-2-codex,redis__redis-10764,16,0.13526624999999998,True,,False
20260220_mini-v2.0.0_gpt-5-2-codex,redis__redis-11279,38,0.6113401,False,,False
20260220_mini-v2.0.0_gpt-5-2-codex,redis__redis-11510,23,0.31624040000000003,True,,False
20260220_mini-v2.0.0_gpt-5-2-codex,redis__redis-11631,21,0.27509930000000005,True,,False
20260220_mini-v2.0.0_gpt-5-2-codex,redis__redis-11734,25,0.5691262500000001,False,,False
20260220_mini-v2.0.0_gpt-5-2-codex,redis__redis-12272,26,0.5588586499999999,True,,False
20260220_mini-v2.0.0_gpt-5-2-codex,redis__redis-12472,20,0.3929772,True,,False
20260220_mini-v2.0.0_gpt-5-2-codex,redis__redis-13115,23,0.3019961,True,,False
20260220_mini-v2.0.0_gpt-5-2-codex,redis__redis-13338,42,1.16166785,False,,False
20260220_mini-v2.0.0_gpt-5-2-codex,redis__redis-9733,55,1.0411264499999997,True,,False
20260220_mini-v2.0.0_gpt-5-2-codex,rubocop__rubocop-13362,18,0.21643579999999998,True,,False
20260220_mini-v2.0.0_gpt-5-2-codex,rubocop__rubocop-13375,36,0.44723175000000004,True,,False
20260220_mini-v2.0.0_gpt-5-2-codex,rubocop__rubocop-13393,40,1.1682506499999998,False,,False
20260220_mini-v2.0.0_gpt-5-2-codex,rubocop__rubocop-13396,69,1.5622032999999997,False,,False
20260220_mini-v2.0.0_gpt-5-2-codex,rubocop__rubocop-13424,21,0.30709875,True,,False
20260220_mini-v2.0.0_gpt-5-2-codex,rubocop__rubocop-13431,43,0.6710165,True,,False
20260220_mini-v2.0.0_gpt-5-2-codex,rubocop__rubocop-13479,63,1.0508890000000002,True,,False
20260220_mini-v2.0.0_gpt-5-2-codex,rubocop__rubocop-13503,13,0.1133944,True,,False
20260220_mini-v2.0.0_gpt-5-2-codex,rubocop__rubocop-13560,14,0.14161595,False,,False
20260220_mini-v2.0.0_gpt-5-2-codex,rubocop__rubocop-13579,43,0.5928765499999998,False,,False
20260220_mini-v2.0.0_gpt-5-2-codex,rubocop__rubocop-13627,56,1.2734792000000001,True,,False
20260220_mini-v2.0.0_gpt-5-2-codex,rubocop__rubocop-13653,26,0.5972466500000001,False,,False
20260220_mini-v2.0.0_gpt-5-2-codex,rubocop__rubocop-13668,31,0.9418713500000001,False,,False
20260220_mini-v2.0.0_gpt-5-2-codex,rubocop__rubocop-13680,30,0.47192145,True,,False
20260220_mini-v2.0.0_gpt-5-2-codex,rubocop__rubocop-13687,54,0.7272009500000001,True,,False
20260220_mini-v2.0.0_gpt-5-2-codex,rubocop__rubocop-13705,26,0.22130885000000003,True,,False
20260220_mini-v2.0.0_gpt-5-2-codex,sharkdp__bat-1892,72,1.3852656999999997,False,,False
20260220_mini-v2.0.0_gpt-5-2-codex,sharkdp__bat-2201,27,0.7203535499999998,False,,False
20260220_mini-v2.0.0_gpt-5-2-codex,sharkdp__bat-2260,25,0.4177047,True,,False
20260220_mini-v2.0.0_gpt-5-2-codex,sharkdp__bat-2393,32,0.4797373,True,,False
20260220_mini-v2.0.0_gpt-5-2-codex,sharkdp__bat-2650,21,0.2110577,False,,False
20260220_mini-v2.0.0_gpt-5-2-codex,sharkdp__bat-2835,42,0.8367607499999999,True,,False
20260220_mini-v2.0.0_gpt-5-2-codex,sharkdp__bat-3108,76,1.9177161499999997,False,,False
20260220_mini-v2.0.0_gpt-5-2-codex,sharkdp__bat-562,43,1.08112655,True,,False
20260220_mini-v2.0.0_gpt-5-2-codex,tokio-rs__axum-1119,47,0.43099909999999997,True,,False
20260220_mini-v2.0.0_gpt-5-2-codex,tokio-rs__axum-1730,88,2.5333717500000006,False,,False
20260220_mini-v2.0.0_gpt-5-2-codex,tokio-rs__axum-1934,31,0.5267828999999999,True,,False
20260220_mini-v2.0.0_gpt-5-2-codex,tokio-rs__axum-2096,45,1.2055613500000004,True,,False
20260220_mini-v2.0.0_gpt-5-2-codex,tokio-rs__axum-682,14,0.05762365,True,,False
20260220_mini-v2.0.0_gpt-5-2-codex,tokio-rs__axum-691,22,0.22489914999999996,True,,False
20260220_mini-v2.0.0_gpt-5-2-codex,tokio-rs__axum-734,32,0.36008945000000003,True,,False
20260220_mini-v2.0.0_gpt-5-2-codex,tokio-rs__tokio-4384,24,0.20995869999999997,False,,False
20260220_mini-v2.0.0_gpt-5-2-codex,tokio-rs__tokio-4867,28,0.46806724999999993,True,,False
20260220_mini-v2.0.0_gpt-5-2-codex,tokio-rs__tokio-4898,12,0.054771499999999994,True,,False
20260220_mini-v2.0.0_gpt-5-2-codex,tokio-rs__tokio-6551,34,0.61566715,True,,False
20260220_mini-v2.0.0_gpt-5-2-codex,tokio-rs__tokio-6603,17,0.22708664999999995,True,,False
20260220_mini-v2.0.0_gpt-5-2-codex,tokio-rs__tokio-6724,29,0.36629424999999993,True,,False
20260220_mini-v2.0.0_gpt-5-2-codex,tokio-rs__tokio-6752,22,0.5124497,True,,False
20260220_mini-v2.0.0_gpt-5-2-codex,tokio-rs__tokio-6838,17,0.09736229999999998,True,,False
20260220_mini-v2.0.0_gpt-5-2-codex,tokio-rs__tokio-7139,26,0.27398315000000006,True,,False
20260220_mini-v2.0.0_gpt-5-2-codex,uutils__coreutils-6377,105,2.433800249999999,False,,False
20260220_mini-v2.0.0_gpt-5-2-codex,uutils__coreutils-6575,28,0.26477255000000005,False,,False
20260220_mini-v2.0.0_gpt-5-2-codex,uutils__coreutils-6682,17,0.24472454999999999,True,,False
20260220_mini-v2.0.0_gpt-5-2-codex,uutils__coreutils-6690,34,0.3396063999999999,False,,False
20260220_mini-v2.0.0_gpt-5-2-codex,uutils__coreutils-6731,25,0.24804815,True,,False
20260220_mini-v2.0.0_gpt-5-2-codex,valkey-io__valkey-1499,38,0.6063753499999999,True,,False
20260220_mini-v2.0.0_gpt-5-2-codex,valkey-io__valkey-1842,35,0.40692505,True,,False
20260220_mini-v2.0.0_gpt-5-2-codex,valkey-io__valkey-790,24,0.35762825000000004,True,,False
20260220_mini-v2.0.0_gpt-5-2-codex,valkey-io__valkey-928,94,1.79528405,True,,False
20260220_mini-v2.0.0_gpt-5-2-codex,vuejs__core-11589,52,1.1139821,True,,False
20260220_mini-v2.0.0_gpt-5-2-codex,vuejs__core-11739,113,3.0525491499999995,False,,False
20260220_mini-v2.0.0_gpt-5-2-codex,vuejs__core-11870,32,0.3461597999999999,True,,False
20260220_mini-v2.0.0_gpt-5-2-codex,vuejs__core-11899,31,0.8630681499999999,False,,False
20260220_mini-v2.0.0_gpt-5-2-codex,vuejs__core-11915,24,0.2559725,True,,False
20260902_mini-v2.4.6_gemini-3-5-flash,apache__druid-13704,43,0.7928099999999998,True,,False
20260902_mini-v2.4.6_gemini-3-5-flash,apache__druid-14092,68,1.7482845000000002,False,,False
20260902_mini-v2.4.6_gemini-3-5-flash,apache__druid-14136,131,2.3023305,False,,False
20260902_mini-v2.4.6_gemini-3-5-flash,apache__druid-15402,40,0.6234374999999999,True,,False
20260902_mini-v2.4.6_gemini-3-5-flash,apache__druid-16875,25,0.290493,True,,False
20260902_mini-v2.4.6_gemini-3-5-flash,apache__lucene-11760,55,0.4010760000000001,True,,False
20260902_mini-v2.4.6_gemini-3-5-flash,apache__lucene-12022,89,1.7328135000000005,False,,False
20260902_mini-v2.4.6_gemini-3-5-flash,apache__lucene-12196,53,0.48809400000000003,True,,False
20260902_mini-v2.4.6_gemini-3-5-flash,apache__lucene-12212,46,0.5785170000000001,True,,False
20260902_mini-v2.4.6_gemini-3-5-flash,apache__lucene-12626,50,0.1850085,True,,False
20260902_mini-v2.4.6_gemini-3-5-flash,apache__lucene-13170,33,0.2280525,True,,False
20260902_mini-v2.4.6_gemini-3-5-flash,apache__lucene-13301,57,0.8720190000000001,True,,False
20260902_mini-v2.4.6_gemini-3-5-flash,apache__lucene-13494,56,1.205958,True,,False
20260902_mini-v2.4.6_gemini-3-5-flash,apache__lucene-13704,72,1.0700459999999998,False,,False
20260902_mini-v2.4.6_gemini-3-5-flash,astral-sh__ruff-15309,79,1.5886679999999997,False,,False
20260902_mini-v2.4.6_gemini-3-5-flash,axios__axios-5892,28,0.18541649999999996,True,,False
20260902_mini-v2.4.6_gemini-3-5-flash,axios__axios-6539,55,0.47367449999999994,False,,False
20260902_mini-v2.4.6_gemini-3-5-flash,babel__babel-13928,54,0.7156065,True,,False
20260902_mini-v2.4.6_gemini-3-5-flash,babel__babel-14532,55,0.4559070000000001,True,,False
20260902_mini-v2.4.6_gemini-3-5-flash,babel__babel-15445,38,0.436926,False,,False
20260902_mini-v2.4.6_gemini-3-5-flash,babel__babel-15649,54,1.1226329999999998,False,,False
20260902_mini-v2.4.6_gemini-3-5-flash,babel__babel-16130,38,0.8245604999999998,True,,False
20260902_mini-v2.4.6_gemini-3-5-flash,briannesbitt__carbon-2665,72,1.367973,True,,False
20260902_mini-v2.4.6_gemini-3-5-flash,briannesbitt__carbon-2752,60,1.0977345,True,,False
20260902_mini-v2.4.6_gemini-3-5-flash,briannesbitt__carbon-2762,64,0.6644925000000002,True,,False
20260902_mini-v2.4.6_gemini-3-5-flash,briannesbitt__carbon-2813,40,0.36472950000000004,True,,False
20260902_mini-v2.4.6_gemini-3-5-flash,briannesbitt__carbon-2981,83,1.2707024999999996,True,,False
20260902_mini-v2.4.6_gemini-3-5-flash,briannesbitt__carbon-3005,82,1.3096635000000005,False,,False
20260902_mini-v2.4.6_gemini-3-5-flash,briannesbitt__carbon-3041,67,0.6048794999999999,False,,False
20260902_mini-v2.4.6_gemini-3-5-flash,briannesbitt__carbon-3073,62,0.3808425,True,,False
20260902_mini-v2.4.6_gemini-3-5-flash,briannesbitt__carbon-3098,80,0.965763,True,,False
20260902_mini-v2.4.6_gemini-3-5-flash,briannesbitt__carbon-3103,30,0.1798005,True,,False
20260902_mini-v2.4.6_gemini-3-5-flash,burntsushi__ripgrep-2209,63,1.0854135,True,,False
20260902_mini-v2.4.6_gemini-3-5-flash,burntsushi__ripgrep-2576,89,2.6825084999999995,True,,False
20260902_mini-v2.4.6_gemini-3-5-flash,caddyserver__caddy-4774,74,0.6358635,True,,False
20260902_mini-v2.4.6_gemini-3-5-flash,caddyserver__caddy-4943,54,1.3104704999999999,False,,False
20260902_mini-v2.4.6_gemini-3-5-flash,caddyserver__caddy-5404,30,0.26283,False,,False
20260902_mini-v2.4.6_gemini-3-5-flash,caddyserver__caddy-5626,50,0.9333945000000001,True,,False
20260902_mini-v2.4.6_gemini-3-5-flash,caddyserver__caddy-5761,37,0.48989700000000014,False,,False
20260902_mini-v2.4.6_gemini-3-5-flash,caddyserver__caddy-5870,44,0.7842630000000002,True,,False
20260902_mini-v2.4.6_gemini-3-5-flash,caddyserver__caddy-5995,53,0.8975219999999999,True,,False
20260902_mini-v2.4.6_gemini-3-5-flash,caddyserver__caddy-6051,31,0.3934439999999999,False,,False
20260902_mini-v2.4.6_gemini-3-5-flash,caddyserver__caddy-6115,42,0.5890155000000001,False,,False
20260902_mini-v2.4.6_gemini-3-5-flash,caddyserver__caddy-6288,97,1.5872325000000007,True,,False
20260902_mini-v2.4.6_gemini-3-5-flash,caddyserver__caddy-6345,71,1.3915214999999996,True,,False
20260902_mini-v2.4.6_gemini-3-5-flash,caddyserver__caddy-6350,45,0.7425375000000001,True,,False
20260902_mini-v2.4.6_gemini-3-5-flash,caddyserver__caddy-6370,37,0.574827,True,,False
20260902_mini-v2.4.6_gemini-3-5-flash,caddyserver__caddy-6411,31,0.17406150000000004,False,,False
20260902_mini-v2.4.6_gemini-3-5-flash,facebook__docusaurus-9897,90,2.1171960000000003,True,,False
20260902_mini-v2.4.6_gemini-3-5-flash,faker-ruby__faker-2705,25,0.558201,True,,False
20260902_mini-v2.4.6_gemini-3-5-flash,faker-ruby__faker-2970,50,0.46039500000000005,True,,False
20260902_mini-v2.4.6_gemini-3-5-flash,fastlane__fastlane-19207,39,1.09278,True,,False
20260902_mini-v2.4.6_gemini-3-5-flash,fastlane__fastlane-19304,39,0.3221325,True,,False
20260902_mini-v2.4.6_gemini-3-5-flash,fastlane__fastlane-19765,30,0.21594449999999998,False,,False
20260902_mini-v2.4.6_gemini-3-5-flash,fastlane__fastlane-20642,22,0.3445035,False,,False
20260902_mini-v2.4.6_gemini-3-5-flash,fastlane__fastlane-20958,27,0.33608550000000004,True,,False
20260902_mini-v2.4.6_gemini-3-5-flash,fastlane__fastlane-20975,35,0.4291005,True,,False
20260902_mini-v2.4.6_gemini-3-5-flash,fastlane__fastlane-21857,45,0.5208165,True,,False
20260902_mini-v2.4.6_gemini-3-5-flash,fluent__fluentd-3328,54,0.575664,True,,False
20260902_mini-v2.4.6_gemini-3-5-flash,fluent__fluentd-3466,55,1.0565355,False,,False
20260902_mini-v2.4.6_gemini-3-5-flash,fluent__fluentd-3608,43,0.47958900000000015,True,,False
20260902_mini-v2.4.6_gemini-3-5-flash,fluent__fluentd-3616,47,0.44738249999999996,True,,False
20260902_mini-v2.4.6_gemini-3-5-flash,fluent__fluentd-3631,60,0.6074670000000001,True,,False
20260902_mini-v2.4.6_gemini-3-5-flash,fluent__fluentd-3640,44,1.2313455000000004,False,,False
20260902_mini-v2.4.6_gemini-3-5-flash,fluent__fluentd-3641,39,0.21206549999999996,False,,False
20260902_mini-v2.4.6_gemini-3-5-flash,fluent__fluentd-3917,37,0.38283449999999997,True,,False
20260902_mini-v2.4.6_gemini-3-5-flash,fluent__fluentd-4030,30,0.5430075,True,,False
20260902_mini-v2.4.6_gemini-3-5-flash,fluent__fluentd-4311,65,0.6487245,False,,False
20260902_mini-v2.4.6_gemini-3-5-flash,fluent__fluentd-4598,32,0.14201550000000002,True,,False
20260902_mini-v2.4.6_gemini-3-5-flash,fluent__fluentd-4655,39,0.25880850000000005,True,,False
20260902_mini-v2.4.6_gemini-3-5-flash,fmtlib__fmt-1683,60,0.5190645,True,,False
20260902_mini-v2.4.6_gemini-3-5-flash,fmtlib__fmt-2310,83,1.5543254999999994,False,,False
20260902_mini-v2.4.6_gemini-3-5-flash,fmtlib__fmt-2317,62,0.5545229999999999,True,,False
20260902_mini-v2.4.6_gemini-3-5-flash,fmtlib__fmt-2457,50,0.5486190000000001,True,,False
20260902_mini-v2.4.6_gemini-3-5-flash,fmtlib__fmt-3158,84,2.1094139999999992,False,,False
20260902_mini-v2.4.6_gemini-3-5-flash,fmtlib__fmt-3248,42,0.3301395000000001,True,,False
20260902_mini-v2.4.6_gemini-3-5-flash,fmtlib__fmt-3272,34,0.35167500000000007,True,,False
20260902_mini-v2.4.6_gemini-3-5-flash,fmtlib__fmt-3729,26,0.41163,True,,False
20260902_mini-v2.4.6_gemini-3-5-flash,fmtlib__fmt-3750,48,0.6342449999999998,False,,False
20260902_mini-v2.4.6_gemini-3-5-flash,fmtlib__fmt-3863,79,1.5717539999999999,False,,False
20260902_mini-v2.4.6_gemini-3-5-flash,fmtlib__fmt-3901,46,0.34347150000000004,True,,False
20260902_mini-v2.4.6_gemini-3-5-flash,gin-gonic__gin-1805,38,0.43145550000000016,True,,False
20260902_mini-v2.4.6_gemini-3-5-flash,gin-gonic__gin-1957,77,0.8232030000000001,True,,False
20260902_mini-v2.4.6_gemini-3-5-flash,gin-gonic__gin-2121,29,0.175008,True,,False
20260902_mini-v2.4.6_gemini-3-5-flash,gin-gonic__gin-2755,40,0.21623549999999997,False,,False
20260902_mini-v2.4.6_gemini-3-5-flash,gin-gonic__gin-3227,66,0.8275305000000002,False,,False
20260902_mini-v2.4.6_gemini-3-5-flash,gin-gonic__gin-3741,27,0.12893700000000002,True,,False
20260902_mini-v2.4.6_gemini-3-5-flash,gin-gonic__gin-3820,37,0.4056389999999999,False,,False
20260902_mini-v2.4.6_gemini-3-5-flash,gin-gonic__gin-4003,28,0.1573845,True,,False
20260902_mini-v2.4.6_gemini-3-5-flash,gohugoio__hugo-12171,50,0.5685899999999999,True,,False
20260902_mini-v2.4.6_gemini-3-5-flash,gohugoio__hugo-12204,62,0.6039194999999998,True,,False
20260902_mini-v2.4.6_gemini-3-5-flash,gohugoio__hugo-12343,58,0.41669850000000014,True,,False
20260902_mini-v2.4.6_gemini-3-5-flash,gohugoio__hugo-12448,207,3.0171179999999995,False,,False
20260902_mini-v2.4.6_gemini-3-5-flash,gohugoio__hugo-12562,80,0.78267,True,,False
20260902_mini-v2.4.6_gemini-3-5-flash,gohugoio__hugo-12579,44,0.4089074999999999,True,,False
20260902_mini-v2.4.6_gemini-3-5-flash,gohugoio__hugo-12768,37,0.18051150000000005,True,,False
20260902_mini-v2.4.6_gemini-3-5-flash,google__gson-1014,51,0.7187279999999999,True,,False
20260902_mini-v2.4.6_gemini-3-5-flash,google__gson-1093,42,0.23330399999999993,True,,False
20260902_mini-v2.4.6_gemini-3-5-flash,google__gson-1100,32,0.3124230000000001,True,,False
20260902_mini-v2.4.6_gemini-3-5-flash,google__gson-2024,29,0.47984399999999994,True,,False
20260902_mini-v2.4.6_gemini-3-5-flash,google__gson-2061,45,0.4292894999999999,True,,False
20260902_mini-v2.4.6_gemini-3-5-flash,google__gson-2134,26,0.19176150000000003,True,,False
20260902_mini-v2.4.6_gemini-3-5-flash,google__gson-2158,49,0.8776275,True,,False
20260902_mini-v2.4.6_gemini-3-5-flash,google__gson-2311,40,0.7801905000000002,False,,False
20260902_mini-v2.4.6_gemini-3-5-flash,google__gson-2479,250,2.9739195,False,,False
20260902_mini-v2.4.6_gemini-3-5-flash,hashicorp__terraform-34580,44,0.24549600000000002,True,,False
20260902_mini-v2.4.6_gemini-3-5-flash,hashicorp__terraform-34814,52,0.4896600000000001,True,,False
20260902_mini-v2.4.6_gemini-3-5-flash,hashicorp__terraform-34900,72,1.3106399999999998,False,,False
20260902_mini-v2.4.6_gemini-3-5-flash,hashicorp__terraform-35543,107,2.0578800000000004,False,,False
20260902_mini-v2.4.6_gemini-3-5-flash,hashicorp__terraform-35611,47,0.605892,True,,False
20260902_mini-v2.4.6_gemini-3-5-flash,immutable-js__immutable-js-2005,51,0.4440645000000001,True,,False
20260902_mini-v2.4.6_gemini-3-5-flash,immutable-js__immutable-js-2006,41,0.19260600000000005,True,,False
20260902_mini-v2.4.6_gemini-3-5-flash,javaparser__javaparser-4538,43,0.5596065,True,,False
20260902_mini-v2.4.6_gemini-3-5-flash,javaparser__javaparser-4561,62,0.8207579999999999,True,,False
20260902_mini-v2.4.6_gemini-3-5-flash,jekyll__jekyll-8047,42,0.22909200000000005,True,,False
20260902_mini-v2.4.6_gemini-3-5-flash,jekyll__jekyll-8167,72,0.5226419999999998,True,,False
20260902_mini-v2.4.6_gemini-3-5-flash,jekyll__jekyll-8761,49,0.3224880000000001,False,,False
20260902_mini-v2.4.6_gemini-3-5-flash,jekyll__jekyll-8771,86,2.141932500000001,False,,False
20260902_mini-v2.4.6_gemini-3-5-flash,jekyll__jekyll-9141,64,0.7154519999999999,False,,False
20260902_mini-v2.4.6_gemini-3-5-flash,jordansissel__fpm-1829,51,0.6105885000000001,False,,False
20260902_mini-v2.4.6_gemini-3-5-flash,jordansissel__fpm-1850,43,0.21248100000000006,True,,False
20260902_mini-v2.4.6_gemini-3-5-flash,jqlang__jq-2235,55,0.49879799999999996,False,,False
20260902_mini-v2.4.6_gemini-3-5-flash,jqlang__jq-2598,41,0.23458650000000003,True,,False
20260902_mini-v2.4.6_gemini-3-5-flash,jqlang__jq-2650,56,0.8226389999999999,True,,False
20260902_mini-v2.4.6_gemini-3-5-flash,jqlang__jq-2658,40,0.38230949999999997,True,,False
20260902_mini-v2.4.6_gemini-3-5-flash,jqlang__jq-2681,74,0.7897154999999998,True,,False
20260902_mini-v2.4.6_gemini-3-5-flash,jqlang__jq-2728,37,0.18833849999999996,False,,False
20260902_mini-v2.4.6_gemini-3-5-flash,jqlang__jq-2750,85,2.1017700000000006,True,,False
20260902_mini-v2.4.6_gemini-3-5-flash,jqlang__jq-2839,50,0.7047614999999999,True,,False
20260902_mini-v2.4.6_gemini-3-5-flash,jqlang__jq-2919,37,0.4102575,True,,False
20260902_mini-v2.4.6_gemini-3-5-flash,laravel__framework-46234,39,0.24451050000000008,True,,False
20260902_mini-v2.4.6_gemini-3-5-flash,laravel__framework-48573,43,0.38850450000000003,True,,False
20260902_mini-v2.4.6_gemini-3-5-flash,laravel__framework-48636,40,0.17335049999999994,True,,False
20260902_mini-v2.4.6_gemini-3-5-flash,laravel__framework-51195,52,0.6681765,True,,False
20260902_mini-v2.4.6_gemini-3-5-flash,laravel__framework-51890,37,0.19225649999999997,True,,False
20260902_mini-v2.4.6_gemini-3-5-flash,laravel__framework-52451,41,0.4427595,True,,False
20260902_mini-v2.4.6_gemini-3-5-flash,laravel__framework-52680,44,0.2671664999999999,True,,False
20260902_mini-v2.4.6_gemini-3-5-flash,laravel__framework-52684,28,0.17898000000000003,True,,False
20260902_mini-v2.4.6_gemini-3-5-flash,laravel__framework-52866,42,0.20736300000000002,True,,False
20260902_mini-v2.4.6_gemini-3-5-flash,laravel__framework-53206,57,0.6563355,True,,False
20260902_mini-v2.4.6_gemini-3-5-flash,laravel__framework-53696,38,0.2267775,True,,False
20260902_mini-v2.4.6_gemini-3-5-flash,laravel__framework-53914,51,0.241593,True,,False
20260902_mini-v2.4.6_gemini-3-5-flash,laravel__framework-53949,28,0.13963799999999998,True,,False
20260902_mini-v2.4.6_gemini-3-5-flash,micropython__micropython-10095,50,0.8087280000000003,True,,False
20260902_mini-v2.4.6_gemini-3-5-flash,micropython__micropython-12158,65,1.0355775,True,,False
20260902_mini-v2.4.6_gemini-3-5-flash,micropython__micropython-13039,43,0.20730000000000004,True,,False
20260902_mini-v2.4.6_gemini-3-5-flash,micropython__micropython-13569,76,1.450731,True,,False
20260902_mini-v2.4.6_gemini-3-5-flash,micropython__micropython-15898,47,0.5824409999999999,True,,False
20260902_mini-v2.4.6_gemini-3-5-flash,mrdoob__three.js-25687,73,0.6063,False,,False
20260902_mini-v2.4.6_gemini-3-5-flash,mrdoob__three.js-26589,60,0.3640875000000001,True,,False
20260902_mini-v2.4.6_gemini-3-5-flash,nlohmann__json-4237,60,0.5670405,True,,False
20260902_mini-v2.4.6_gemini-3-5-flash,php-cs-fixer__php-cs-fixer-7635,68,0.9127755000000001,False,,False
20260902_mini-v2.4.6_gemini-3-5-flash,php-cs-fixer__php-cs-fixer-7663,72,1.9919745000000009,False,,False
20260902_mini-v2.4.6_gemini-3-5-flash,php-cs-fixer__php-cs-fixer-7875,56,0.8147324999999999,False,,False
20260902_mini-v2.4.6_gemini-3-5-flash,php-cs-fixer__php-cs-fixer-7998,28,0.465801,False,,False
20260902_mini-v2.4.6_gemini-3-5-flash,php-cs-fixer__php-cs-fixer-8064,55,0.45649200000000006,True,,False
20260902_mini-v2.4.6_gemini-3-5-flash,php-cs-fixer__php-cs-fixer-8075,32,0.5296394999999999,True,,False
20260902_mini-v2.4.6_gemini-3-5-flash,php-cs-fixer__php-cs-fixer-8256,31,0.2865089999999999,True,,False
20260902_mini-v2.4.6_gemini-3-5-flash,php-cs-fixer__php-cs-fixer-8331,35,0.2389485,True,,False
20260902_mini-v2.4.6_gemini-3-5-flash,php-cs-fixer__php-cs-fixer-8367,57,0.42359849999999993,True,,False
20260902_mini-v2.4.6_gemini-3-5-flash,phpoffice__phpspreadsheet-3463,37,0.35777100000000006,True,,False
20260902_mini-v2.4.6_gemini-3-5-flash,phpoffice__phpspreadsheet-3469,62,0.7936695000000001,False,,False
20260902_mini-v2.4.6_gemini-3-5-flash,phpoffice__phpspreadsheet-3570,40,0.248439,False,,False
20260902_mini-v2.4.6_gemini-3-5-flash,phpoffice__phpspreadsheet-3659,46,0.23487749999999993,False,,False
20260902_mini-v2.4.6_gemini-3-5-flash,phpoffice__phpspreadsheet-3903,40,0.3575475000000001,True,,False
20260902_mini-v2.4.6_gemini-3-5-flash,phpoffice__phpspreadsheet-3940,49,0.6332714999999998,True,,False
20260902_mini-v2.4.6_gemini-3-5-flash,phpoffice__phpspreadsheet-4114,34,0.29059799999999997,True,,False
20260902_mini-v2.4.6_gemini-3-5-flash,phpoffice__phpspreadsheet-4186,38,0.38102700000000006,True,,False
20260902_mini-v2.4.6_gemini-3-5-flash,phpoffice__phpspreadsheet-4214,40,0.44667450000000014,True,,False
20260902_mini-v2.4.6_gemini-3-5-flash,phpoffice__phpspreadsheet-4313,53,0.833313,True,,False
20260902_mini-v2.4.6_gemini-3-5-flash,preactjs__preact-2757,50,0.5617560000000001,True,,False
20260902_mini-v2.4.6_gemini-3-5-flash,preactjs__preact-2896,43,0.4695885000000001,True,,False
20260902_mini-v2.4.6_gemini-3-5-flash,preactjs__preact-2927,34,0.31918050000000003,True,,False
20260902_mini-v2.4.6_gemini-3-5-flash,preactjs__preact-3010,56,0.7542075000000001,True,,False
20260902_mini-v2.4.6_gemini-3-5-flash,preactjs__preact-3062,42,0.5939415,True,,False
20260902_mini-v2.4.6_gemini-3-5-flash,preactjs__preact-3345,61,1.7194845,True,,False
20260902_mini-v2.4.6_gemini-3-5-flash,preactjs__preact-3454,31,0.17346599999999995,True,,False
20260902_mini-v2.4.6_gemini-3-5-flash,preactjs__preact-3562,38,0.5666699999999999,True,,False
20260902_mini-v2.4.6_gemini-3-5-flash,preactjs__preact-3567,35,0.6118380000000001,True,,False
20260902_mini-v2.4.6_gemini-3-5-flash,preactjs__preact-3689,62,0.8014709999999999,True,,False
20260902_mini-v2.4.6_gemini-3-5-flash,preactjs__preact-3739,37,0.527937,True,,False
20260902_mini-v2.4.6_gemini-3-5-flash,preactjs__preact-3763,41,0.4841445000000001,True,,False
20260902_mini-v2.4.6_gemini-3-5-flash,preactjs__preact-4152,44,0.9508095000000001,True,,False
20260902_mini-v2.4.6_gemini-3-5-flash,preactjs__preact-4182,48,0.8057985,True,,False
20260902_mini-v2.4.6_gemini-3-5-flash,preactjs__preact-4245,65,1.6073369999999996,True,,False
20260902_mini-v2.4.6_gemini-3-5-flash,preactjs__preact-4316,50,0.8758424999999999,True,,False
20260902_mini-v2.4.6_gemini-3-5-flash,preactjs__preact-4436,84,1.4944905,True,,False
20260902_mini-v2.4.6_gemini-3-5-flash,projectlombok__lombok-2792,82,1.748832,True,,False
20260902_mini-v2.4.6_gemini-3-5-flash,projectlombok__lombok-3009,84,1.2663659999999994,False,,False
20260902_mini-v2.4.6_gemini-3-5-flash,projectlombok__lombok-3042,46,0.4197495000000001,True,,False
20260902_mini-v2.4.6_gemini-3-5-flash,projectlombok__lombok-3052,70,1.2225570000000001,False,,False
20260902_mini-v2.4.6_gemini-3-5-flash,projectlombok__lombok-3215,48,0.8617740000000002,False,,False
20260902_mini-v2.4.6_gemini-3-5-flash,projectlombok__lombok-3312,36,0.39940200000000003,True,,False
20260902_mini-v2.4.6_gemini-3-5-flash,projectlombok__lombok-3326,52,1.1770125000000002,False,,False
20260902_mini-v2.4.6_gemini-3-5-flash,projectlombok__lombok-3350,84,1.5222689999999999,True,,False
20260902_mini-v2.4.6_gemini-3-5-flash,projectlombok__lombok-3371,62,1.1581319999999995,False,,False
20260902_mini-v2.4.6_gemini-3-5-flash,projectlombok__lombok-3422,51,0.7302885,True,,False
20260902_mini-v2.4.6_gemini-3-5-flash,projectlombok__lombok-3479,61,0.8525445000000003,True,,False
20260902_mini-v2.4.6_gemini-3-5-flash,projectlombok__lombok-3486,73,1.2958649999999998,True,,False
20260902_mini-v2.4.6_gemini-3-5-flash,projectlombok__lombok-3571,90,1.3236179999999997,True,,False
20260902_mini-v2.4.6_gemini-3-5-flash,projectlombok__lombok-3594,85,1.902288,True,,False
20260902_mini-v2.4.6_gemini-3-5-flash,projectlombok__lombok-3602,44,0.523848,True,,False
20260902_mini-v2.4.6_gemini-3-5-flash,projectlombok__lombok-3674,88,1.927840500000001,False,,False
20260902_mini-v2.4.6_gemini-3-5-flash,projectlombok__lombok-3697,54,1.206351,True,,False
20260902_mini-v2.4.6_gemini-3-5-flash,prometheus__prometheus-10633,20,0.19122,False,,False
20260902_mini-v2.4.6_gemini-3-5-flash,prometheus__prometheus-10720,74,0.43996650000000004,True,,False
20260902_mini-v2.4.6_gemini-3-5-flash,prometheus__prometheus-11859,49,0.6082139999999999,False,,False
20260902_mini-v2.4.6_gemini-3-5-flash,prometheus__prometheus-12874,55,0.5878920000000001,True,,False
20260902_mini-v2.4.6_gemini-3-5-flash,prometheus__prometheus-13845,29,0.1494975,True,,False
20260902_mini-v2.4.6_gemini-3-5-flash,prometheus__prometheus-14861,53,0.6437280000000002,True,,False
20260902_mini-v2.4.6_gemini-3-5-flash,prometheus__prometheus-15142,48,0.47769899999999993,False,,False
20260902_mini-v2.4.6_gemini-3-5-flash,prometheus__prometheus-9248,170,3.0011144999999995,False,,False
20260902_mini-v2.4.6_gemini-3-5-flash,reactivex__rxjava-7597,53,0.5665935000000002,True,,False
20260902_mini-v2.4.6_gemini-3-5-flash,redis__redis-10068,43,0.4971765,True,,False
20260902_mini-v2.4.6_gemini-3-5-flash,redis__redis-10095,45,0.3327105,True,,False
20260902_mini-v2.4.6_gemini-3-5-flash,redis__redis-10764,32,0.19275,True,,False
20260902_mini-v2.4.6_gemini-3-5-flash,redis__redis-11279,42,0.37874699999999994,False,,False
20260902_mini-v2.4.6_gemini-3-5-flash,redis__redis-11510,41,0.28545449999999994,True,,False
20260902_mini-v2.4.6_gemini-3-5-flash,redis__redis-11631,52,0.80421,True,,False
20260902_mini-v2.4.6_gemini-3-5-flash,redis__redis-11734,29,0.3212954999999999,False,,False
20260902_mini-v2.4.6_gemini-3-5-flash,redis__redis-12272,34,0.342435,True,,False
20260902_mini-v2.4.6_gemini-3-5-flash,redis__redis-12472,28,0.3228315,True,,False
20260902_mini-v2.4.6_gemini-3-5-flash,redis__redis-13115,55,0.7347060000000001,True,,False
20260902_mini-v2.4.6_gemini-3-5-flash,redis__redis-13338,38,1.5037349999999998,False,,False
20260902_mini-v2.4.6_gemini-3-5-flash,redis__redis-9733,98,1.62999,True,,False
20260902_mini-v2.4.6_gemini-3-5-flash,rubocop__rubocop-13362,57,0.4756845000000001,True,,False
20260902_mini-v2.4.6_gemini-3-5-flash,rubocop__rubocop-13375,36,0.18414899999999995,True,,False
20260902_mini-v2.4.6_gemini-3-5-flash,rubocop__rubocop-13393,61,0.5990985000000001,True,,False
20260902_mini-v2.4.6_gemini-3-5-flash,rubocop__rubocop-13396,103,1.6386150000000004,True,,False
20260902_mini-v2.4.6_gemini-3-5-flash,rubocop__rubocop-13424,53,0.5222415000000001,True,,False
20260902_mini-v2.4.6_gemini-3-5-flash,rubocop__rubocop-13431,43,0.23587199999999994,True,,False
20260902_mini-v2.4.6_gemini-3-5-flash,rubocop__rubocop-13479,29,0.216042,True,,False
20260902_mini-v2.4.6_gemini-3-5-flash,rubocop__rubocop-13503,26,0.1998075,True,,False
20260902_mini-v2.4.6_gemini-3-5-flash,rubocop__rubocop-13560,49,0.4213605000000001,False,,False
20260902_mini-v2.4.6_gemini-3-5-flash,rubocop__rubocop-13579,61,0.39588750000000006,True,,False
20260902_mini-v2.4.6_gemini-3-5-flash,rubocop__rubocop-13627,32,0.6020204999999998,True,,False
20260902_mini-v2.4.6_gemini-3-5-flash,rubocop__rubocop-13653,52,0.418887,True,,False
20260902_mini-v2.4.6_gemini-3-5-flash,rubocop__rubocop-13668,41,0.7153185,True,,False
20260902_mini-v2.4.6_gemini-3-5-flash,rubocop__rubocop-13680,79,0.591405,True,,False
20260902_mini-v2.4.6_gemini-3-5-flash,rubocop__rubocop-13687,109,1.4560664999999997,True,,False
20260902_mini-v2.4.6_gemini-3-5-flash,rubocop__rubocop-13705,35,0.19603050000000008,True,,False
20260902_mini-v2.4.6_gemini-3-5-flash,sharkdp__bat-1892,88,1.3544910000000001,True,,False
20260902_mini-v2.4.6_gemini-3-5-flash,sharkdp__bat-2201,61,0.8429250000000003,True,,False
20260902_mini-v2.4.6_gemini-3-5-flash,sharkdp__bat-2260,32,0.4170285000000001,True,,False
20260902_mini-v2.4.6_gemini-3-5-flash,sharkdp__bat-2393,48,0.4245735000000001,True,,False
20260902_mini-v2.4.6_gemini-3-5-flash,sharkdp__bat-2650,35,0.565767,False,,False
20260902_mini-v2.4.6_gemini-3-5-flash,sharkdp__bat-2835,45,0.612846,True,,False
20260902_mini-v2.4.6_gemini-3-5-flash,sharkdp__bat-3108,55,1.1801925000000002,True,,False
20260902_mini-v2.4.6_gemini-3-5-flash,sharkdp__bat-562,41,0.46170000000000005,True,,False
20260902_mini-v2.4.6_gemini-3-5-flash,tokio-rs__axum-1119,63,1.6122150000000002,True,,False
20260902_mini-v2.4.6_gemini-3-5-flash,tokio-rs__axum-1934,48,0.8826449999999999,True,,False
20260902_mini-v2.4.6_gemini-3-5-flash,tokio-rs__axum-2096,53,1.3071690000000002,True,,False
20260902_mini-v2.4.6_gemini-3-5-flash,tokio-rs__axum-682,28,0.2125275,True,,False
20260902_mini-v2.4.6_gemini-3-5-flash,tokio-rs__axum-691,40,0.4237395,True,,False
20260902_mini-v2.4.6_gemini-3-5-flash,tokio-rs__axum-734,36,0.526905,True,,False
20260902_mini-v2.4.6_gemini-3-5-flash,tokio-rs__tokio-4384,62,0.9454635,True,,False
20260902_mini-v2.4.6_gemini-3-5-flash,tokio-rs__tokio-4867,44,0.6082005,True,,False
20260902_mini-v2.4.6_gemini-3-5-flash,tokio-rs__tokio-4898,36,0.17766,True,,False
20260902_mini-v2.4.6_gemini-3-5-flash,tokio-rs__tokio-6551,80,1.0001730000000002,True,,False
20260902_mini-v2.4.6_gemini-3-5-flash,tokio-rs__tokio-6603,33,0.33500699999999994,True,,False
20260902_mini-v2.4.6_gemini-3-5-flash,tokio-rs__tokio-6724,43,0.23876850000000002,True,,False
20260902_mini-v2.4.6_gemini-3-5-flash,tokio-rs__tokio-6752,41,0.4025355,True,,False
20260902_mini-v2.4.6_gemini-3-5-flash,tokio-rs__tokio-6838,37,0.20287950000000002,True,,False
20260902_mini-v2.4.6_gemini-3-5-flash,tokio-rs__tokio-7139,59,0.5633804999999998,True,,False
